cat_0,cat_1,cat_2,cat_3,cat_4,cat_5,cat_6,cat_7,cat_8,cat_9,target
42,67,76,14,26,35,20,24,50,13,388.94630988511085
78,14,10,54,31,72,15,95,67,6,504.27483242654154
49,76,73,11,99,13,41,69,87,19,357.80467128796687
72,80,75,29,33,64,39,76,32,10,267.0453904417351
86,22,77,19,7,23,43,94,93,77,511.6505454113196
70,9,70,39,86,99,15,84,78,8,283.7118834728905
66,30,40,60,70,61,23,20,11,61,421.62346941274313
77,89,84,53,48,9,83,7,58,91,395.9659196159242
14,91,36,3,82,90,89,28,55,33,567.071795281802
27,47,65,89,41,45,61,39,61,64,284.89559671852277
70,53,37,75,17,21,5,7,45,38,150.38208937922101
95,34,91,21,90,39,20,29,11,68,622.561635462935
39,36,17,46,0,79,65,92,39,51,388.8052279249256
47,68,36,20,6,8,76,48,10,96,428.0894114045378
39,0,55,19,35,82,70,18,68,7,326.8855764226863
22,82,96,98,32,77,66,53,0,83,526.3242059065965
66,80,63,47,93,28,39,78,2,25,505.4356186559894
35,24,58,51,87,9,22,46,48,2,527.7526867196071
48,62,21,90,80,76,25,10,46,69,255.72840477336115
42,54,92,70,2,73,13,31,56,94,318.4449681994966
26,59,94,68,59,72,95,19,49,36,442.3517147105535
74,70,28,22,34,40,11,60,7,90,353.51478208524117
18,78,49,71,93,1,4,21,40,88,443.1565473306299
25,51,7,39,99,95,9,37,90,63,334.1667805688725
81,66,43,76,2,25,8,4,72,98,592.2153736326652
13,0,75,92,4,38,74,93,51,2,499.91836433417916
0,93,64,12,42,61,23,27,50,38,394.521530608685
37,83,67,47,32,55,64,77,72,93,558.6672221967998
67,19,33,70,49,82,12,16,92,75,442.92411949045675
40,38,64,81,53,55,73,30,44,27,303.4431596188548
56,72,82,77,21,76,95,41,79,33,517.5790648656678
87,46,95,90,38,15,98,8,6,81,327.0516713710389
35,28,51,9,81,41,30,22,99,91,306.6712483508168
96,20,99,46,85,63,0,78,75,43,429.27547374688675
94,99,78,93,14,42,54,11,63,42,602.5976335687385
99,48,76,23,79,94,57,11,36,54,521.9076258370867
27,8,80,61,54,42,37,41,50,54,327.3431664471181
15,79,17,11,36,59,31,84,49,56,415.9705167679465
27,41,31,0,84,39,74,70,64,36,482.53786171923593
82,70,87,3,2,19,91,73,59,20,638.430410951152
19,75,78,12,23,87,37,63,79,77,375.9936472813646
26,19,57,92,70,60,56,13,43,89,354.6469084236045
81,69,53,10,71,0,52,87,64,91,367.1909410245194
56,57,76,79,79,47,63,39,58,78,416.9563299675797
72,39,48,59,59,34,46,97,10,33,402.4594196945578
33,97,85,5,68,18,73,47,70,94,188.45714050533257
45,16,85,24,23,58,91,24,44,3,239.12397223137685
20,47,14,31,58,67,16,99,60,99,625.8846426106385
75,17,60,9,28,25,90,7,40,88,481.76137734511883
79,56,12,37,36,38,58,91,12,15,216.29222854759377
82,16,64,39,82,20,63,86,23,5,393.498197893795
24,21,42,29,9,74,87,89,79,57,398.00555521921876
35,38,17,14,57,74,22,1,41,85,390.8648818705275
76,99,8,36,54,57,35,18,88,53,478.6022631055365
2,49,30,33,56,83,16,47,5,6,439.24566065218363
88,55,92,75,24,3,99,49,3,65,286.0451501384164
19,66,66,34,7,93,45,31,94,2,555.4574236763626
1,78,80,81,58,25,8,57,29,21,434.72140813524385
89,24,67,97,1,70,29,66,63,88,424.61277744881437
96,79,40,63,35,35,12,18,47,73,181.54791635473427
8,3,71,81,58,50,98,91,47,31,234.21323399188393
48,37,15,1,17,34,4,43,78,94,331.6506379477819
99,41,6,85,12,97,76,49,86,70,362.8795868412748
40,55,40,84,33,49,68,66,57,79,469.48126982255707
89,9,27,80,19,56,32,96,51,32,524.2573255949808
10,79,42,36,97,4,66,2,91,21,422.9197173180021
23,98,60,53,76,12,5,11,44,98,529.8821154575256
80,81,13,93,7,64,99,83,21,41,261.1943943773497
95,52,66,31,52,45,53,8,22,13,519.9131591652844
9,77,36,67,33,87,58,89,65,18,333.3074035107795
85,19,40,3,88,28,19,23,55,67,519.5683596003054
82,29,0,67,75,39,38,27,75,83,446.51846449931475
37,74,83,0,52,20,58,90,48,11,370.9185775488303
78,32,16,67,1,70,23,8,24,59,458.70483713433504
38,37,45,4,26,9,46,66,12,89,436.4308242721822
95,84,33,25,17,89,89,82,32,46,301.77552896429137
51,33,48,21,40,62,28,91,83,36,399.89937711206045
8,44,72,15,33,28,0,23,31,86,577.2513558595782
84,70,39,3,21,64,62,67,55,62,675.9003484682747
85,71,92,7,12,94,68,26,84,82,348.7324815269777
40,13,16,24,29,67,91,52,81,24,391.53370119132
2,26,96,3,39,80,60,14,91,84,471.90279930344866
6,7,69,6,23,99,78,81,74,23,255.03081394052504
68,8,58,75,80,99,94,48,71,12,141.56161753842642
2,75,20,58,12,68,17,17,66,9,324.1609853044501
6,93,44,86,38,96,90,46,93,30,414.7812970108009
87,76,41,73,47,52,88,61,74,41,406.52678168830835
0,39,29,40,65,58,89,13,40,32,286.3857463479638
4,17,22,51,15,24,72,69,71,52,225.15355092444446
62,58,28,64,59,7,97,99,62,54,373.27239913085276
4,31,89,78,74,89,57,26,42,77,251.90548873480708
6,52,32,13,39,81,29,15,67,7,356.5197299490902
88,62,0,10,36,50,72,23,45,48,333.4667895618486
94,51,80,12,55,84,5,16,85,17,444.01610027316974
51,72,55,68,28,70,48,43,97,52,651.2287346073139
6,63,28,83,18,18,7,20,45,38,169.35867257899648
68,16,69,70,6,68,28,25,69,74,206.63396522995544
75,46,12,66,91,65,71,35,31,13,373.3320553804801
59,15,43,12,11,57,35,47,97,7,404.4919974301241
81,39,21,15,39,72,32,31,11,18,525.5789904633721
49,66,68,12,76,12,95,60,11,23,374.5310346096261
60,40,77,14,56,13,69,22,67,36,382.8828442210262
90,40,61,37,27,13,81,98,16,64,592.8326762132417
2,87,24,73,32,77,87,74,32,46,341.55266391000947
88,97,90,24,13,10,42,88,80,16,239.69566917200552
93,12,94,94,32,60,27,94,9,15,415.9604320687963
48,48,18,16,97,26,12,2,80,68,325.7424357314309
92,85,53,62,16,76,33,84,69,24,366.0197688052178
70,76,36,71,73,24,64,3,7,85,314.7294772440104
79,50,51,26,21,93,45,65,29,46,314.4066915526809
42,69,59,16,13,59,44,29,57,38,455.54118783575836
20,96,23,58,54,14,6,16,36,9,705.3601061431239
53,22,98,62,13,87,59,29,85,25,354.5203542205111
53,45,57,94,6,94,30,89,43,92,591.1148476385199
37,0,55,66,99,9,38,33,22,8,491.8236300216809
4,52,79,97,43,88,69,60,27,63,244.0410302919904
79,12,41,1,12,17,20,17,46,14,212.33020081163681
83,26,14,14,0,58,94,11,18,14,668.8545398630051
65,7,71,43,99,11,87,48,66,35,476.3773093596027
30,10,52,51,9,60,65,34,62,24,108.71229469586734
64,9,11,61,68,85,84,9,4,60,165.57961957466284
36,87,69,1,37,60,17,17,12,82,355.20624011462553
60,49,28,26,40,85,66,35,45,94,239.8124003177825
62,95,68,52,41,35,28,67,96,26,423.0480957704212
40,55,94,78,66,43,89,81,25,43,417.90631858130024
22,37,79,97,44,37,65,86,39,50,475.04712594642416
26,46,78,78,69,94,30,23,68,85,353.8763669383765
97,57,30,82,94,63,72,54,40,23,500.4781684426406
29,22,80,4,78,85,25,65,43,56,340.4659054136331
52,60,79,0,43,53,42,72,40,57,223.34015946704346
90,67,22,37,93,82,51,3,32,87,371.3728289274889
34,41,32,8,65,47,33,23,45,26,405.42641001215736
99,62,32,9,12,64,12,60,5,12,241.3385156563019
97,89,6,51,19,37,74,93,29,57,279.704673356979
50,11,66,40,34,74,82,78,35,60,286.7347662043496
3,27,22,49,69,55,3,38,3,42,369.06986329223133
97,89,8,81,99,77,54,81,80,65,379.7961162175081
14,58,99,13,42,52,87,12,57,73,332.5718715536027
33,35,2,31,52,87,72,79,98,12,167.12222395083438
13,53,15,53,40,65,94,34,95,24,539.4311768814241
86,82,84,37,69,3,33,52,30,29,386.01370396505547
27,29,12,91,57,75,80,70,8,8,249.4634170548946
8,68,6,58,11,49,54,2,21,90,399.3497942105785
64,96,97,87,19,21,93,84,95,74,563.6669162767155
76,65,91,70,66,52,35,99,53,23,269.4418405276799
71,64,67,18,80,20,33,51,25,58,129.46213862858622
44,0,80,38,14,1,89,57,87,76,421.41555345410467
28,29,4,17,79,55,54,95,81,71,298.7510111212865
46,40,1,84,46,46,30,40,44,96,236.61710206351265
60,62,46,65,73,0,71,51,78,38,384.40298705527874
66,37,29,98,42,58,47,41,23,55,564.3489592317706
6,10,20,56,39,65,98,54,3,80,569.135283477149
29,8,64,80,8,18,14,16,33,23,229.78770454883085
57,57,13,8,38,97,20,81,53,68,153.68422798328874
10,22,99,4,39,15,27,14,32,83,457.2902861468285
36,0,46,91,47,52,77,2,26,26,548.4997427728787
74,43,15,21,14,46,64,39,34,77,511.50999930352503
49,71,77,29,19,78,22,81,57,74,429.7238651893048
43,81,64,95,57,21,60,36,38,75,258.6797102877138
75,66,47,43,15,39,83,52,95,16,366.8442882903427
91,94,85,16,75,78,5,52,81,42,456.9429236476082
32,93,51,12,85,34,74,88,9,76,444.6459640088152
56,77,53,83,33,42,84,52,46,33,544.6977022417784
2,54,47,42,72,82,32,24,92,37,475.61675504569337
99,32,88,49,40,6,34,35,36,69,474.4389819567243
70,5,5,90,57,98,13,18,64,47,333.39454896857484
78,86,7,14,6,69,43,60,86,91,382.649515717294
9,76,39,72,36,48,98,18,53,61,226.70327129550063
83,9,16,28,30,32,87,96,52,39,353.28285202851947
45,89,43,42,32,91,52,30,68,91,308.67251307972083
76,17,2,2,58,23,10,57,63,13,585.5571815722569
32,40,28,4,93,11,83,34,65,56,311.5772662583671
41,14,18,45,41,81,95,8,41,77,244.25444332485003
1,10,6,83,60,19,84,70,50,74,539.8764606384021
27,61,97,58,73,81,99,80,58,18,343.47087088065615
99,95,97,30,96,71,84,20,90,74,491.0969767947901
11,50,70,38,24,11,65,4,22,84,316.6936117619365
58,46,68,19,46,79,5,42,7,83,434.23225651605605
45,19,43,89,46,43,43,83,12,41,470.83352118588743
52,77,34,10,39,13,22,25,26,40,423.2648785536315
62,52,62,35,60,42,19,84,67,17,588.5940166210765
77,88,58,20,55,74,45,22,65,26,374.8594720127622
94,30,55,39,40,64,37,83,5,88,508.93489005145295
53,96,11,98,23,33,9,43,27,44,432.219361489579
45,93,47,78,57,10,91,23,96,49,381.69053882459434
46,80,61,60,23,65,36,88,74,20,270.2977671933507
81,49,58,89,71,9,37,4,8,65,302.43592303263443
62,24,38,21,73,15,44,5,95,96,636.7499325171339
13,29,0,68,72,29,13,39,30,80,767.6785333928162
29,61,16,6,48,86,85,26,35,69,522.5235303513281
67,68,76,36,94,85,88,0,21,32,447.6791138504289
51,65,85,85,11,85,27,73,50,72,509.6822256887161
86,92,63,46,25,68,24,90,51,38,432.07896536713747
87,83,40,58,38,71,78,53,97,86,229.72711679037258
34,83,9,69,88,71,88,97,31,86,330.0058007308637
7,6,26,87,70,32,97,30,24,86,558.1787775526955
61,4,13,29,20,72,12,79,96,84,309.77705970295403
0,88,70,47,93,80,78,90,66,1,499.8993198171893
60,95,3,34,93,65,9,67,90,24,292.13163806220473
95,22,2,32,48,84,45,24,14,28,319.71755514863503
86,43,45,7,15,10,27,18,48,28,467.7242132653081
14,0,5,83,25,87,28,33,16,83,364.25269864266585
10,58,17,80,80,25,78,19,81,83,32.82677000517589
38,8,6,97,96,73,13,82,77,26,486.38527954515797
36,58,64,14,39,87,9,26,86,96,281.617018208182
45,70,21,27,38,34,97,18,41,90,323.6541823653693
76,1,46,75,18,19,43,68,57,78,301.46461736545797
8,2,47,13,90,98,39,2,78,39,498.5592294421275
56,71,40,49,76,80,93,92,55,92,584.7424781560968
33,31,41,77,66,10,85,53,53,54,229.5075940208717
94,76,92,37,55,67,74,90,74,29,264.8423333984841
95,56,37,56,56,25,0,99,48,99,343.94451030418946
47,35,18,88,93,61,80,58,34,35,357.2798295319283
44,56,61,28,90,60,73,55,77,41,536.0234326296313
67,97,61,92,88,95,36,60,73,34,391.5959179174231
24,58,84,48,71,35,91,38,17,20,341.39498959556835
40,20,22,79,49,14,75,94,33,87,386.5238052222497
86,93,36,33,36,38,51,99,94,59,504.0391475553114
31,40,34,57,52,50,96,53,5,78,232.8127216301995
13,32,81,72,24,73,94,55,17,20,367.77826271582467
88,73,10,98,72,4,98,95,69,36,545.5954912878722
28,18,5,62,57,65,89,84,79,82,399.5044808736525
7,54,1,92,35,92,98,28,8,7,274.8201189771065
77,48,61,82,4,67,90,10,63,88,403.92557889203545
44,90,28,29,31,97,64,46,55,92,342.6468255480809
72,14,6,61,7,11,6,21,91,38,298.33040586036
32,87,73,17,21,4,75,67,28,75,651.785805580944
24,24,72,17,19,48,47,25,60,70,681.6097385007969
85,62,75,15,85,15,82,52,76,72,171.61613625209404
45,91,74,55,95,39,4,86,50,99,503.54392885290804
16,96,74,68,12,36,77,55,46,62,286.91219432781014
49,47,18,28,82,8,49,88,14,62,450.216788515328
58,45,49,15,22,88,45,6,26,33,591.4476405360977
3,37,69,28,40,31,10,29,23,16,181.31089612080942
41,30,44,0,48,75,2,41,87,95,441.6508738141059
43,24,66,55,41,90,81,38,49,8,509.19397925645626
67,69,90,35,63,18,37,44,32,81,309.9221880281483
99,91,87,87,37,43,98,3,52,31,218.53028895238845
29,84,81,73,16,85,65,3,38,73,404.7172425781535
65,61,95,18,16,31,83,42,30,71,238.1014746598491
44,23,6,72,14,32,1,46,10,67,287.541308055917
74,10,21,90,61,21,81,41,16,19,600.8076081395213
68,42,92,48,50,46,14,84,92,26,467.6690055568055
59,31,73,58,53,43,77,74,30,98,347.0435358902251
88,49,15,23,35,20,8,30,87,40,328.10955372456806
58,91,17,18,36,92,10,10,60,77,256.8879241361201
43,85,2,69,56,70,71,88,4,83,316.809963992775
87,65,14,91,71,30,11,59,29,0,293.34847615653587
12,8,0,31,10,22,33,69,71,30,404.1798139283186
78,36,79,35,68,43,87,41,30,95,497.638255370372
13,50,76,17,29,38,80,41,91,19,486.75832638040066
31,68,41,35,20,55,94,5,49,20,450.6512967780892
76,89,63,15,42,19,60,84,31,96,611.006701509919
9,73,7,1,81,82,38,49,47,70,328.50139065609693
60,92,36,47,69,32,43,6,21,54,417.5837478212288
3,36,40,95,76,73,27,98,3,85,60.02536954679255
77,71,83,24,77,75,71,5,67,4,323.25115052645475
61,0,12,56,12,85,40,76,83,13,125.36593556911424
1,14,93,49,82,25,85,5,81,70,510.7617846020302
53,69,14,27,40,7,14,0,14,10,608.9759121796557
45,84,65,20,50,98,79,44,29,95,493.7978254612077
79,39,17,67,1,95,85,14,26,18,254.0054770345027
30,78,75,51,31,69,93,89,49,38,154.00566224713612
54,66,16,11,65,61,90,85,29,95,378.34919393062137
10,67,80,20,0,58,21,22,66,61,411.14185770414775
87,52,71,76,70,76,74,7,22,83,411.9362899687778
5,93,13,14,53,20,99,91,44,30,530.3501657121883
54,27,97,54,50,44,20,29,18,62,424.9528206838784
52,90,75,72,13,44,90,37,20,63,345.92062389144695
55,24,59,99,39,89,79,83,71,69,492.6422070130873
20,42,67,96,83,85,40,5,99,75,609.0535496676696
25,50,25,83,73,86,13,46,98,13,460.78621045359705
41,48,11,46,0,69,71,40,62,28,347.24176979201445
82,13,7,55,43,13,78,5,11,85,453.02040976918533
57,37,2,64,36,45,92,48,5,29,450.76019383321074
63,0,2,33,3,38,76,23,13,62,528.2719746634496
69,16,26,88,32,7,25,82,0,84,665.2624009596852
2,92,67,71,3,39,76,2,46,42,585.0752397249709
2,37,14,45,53,91,5,20,9,67,552.1901095801862
73,88,8,20,67,35,14,75,24,84,462.682372702306
51,29,59,63,84,70,64,94,24,67,519.0765599942573
68,88,64,55,55,43,51,6,50,17,405.70214775018326
59,46,32,47,45,93,77,92,74,84,632.4431056780443
35,49,28,8,2,94,37,16,76,54,452.02319797764915
32,76,12,54,61,83,93,47,16,57,527.2363602261231
39,18,66,29,81,8,17,4,96,46,259.93654875456843
30,63,78,82,81,26,71,21,87,2,398.3872772124334
15,17,36,47,15,81,61,91,94,3,487.3329782682294
29,72,80,94,3,20,3,61,64,50,547.4700542621613
65,66,93,80,50,66,93,62,45,21,448.27757629256735
61,25,80,61,71,70,83,52,35,70,311.63813800003214
83,32,29,75,48,36,14,94,35,65,345.33961162985685
40,47,24,20,93,9,91,37,65,43,312.64589221952997
25,18,44,28,60,56,83,20,72,24,538.3144184219991
0,98,8,82,87,41,68,33,17,7,334.0607056762708
49,90,77,13,13,4,28,38,82,56,429.34383903745453
10,32,75,37,69,38,72,44,18,52,76.18143524346863
99,73,42,58,16,94,47,80,40,0,439.9731060337841
72,59,40,10,27,33,5,26,70,11,538.6665890691816
9,65,61,41,57,32,90,96,85,87,199.83193196418986
79,97,69,63,28,12,81,28,55,40,319.8679544783322
85,83,48,34,83,59,94,54,91,82,359.00271482431725
41,65,21,27,34,62,32,52,54,2,568.9566767117204
94,43,34,20,35,14,4,47,50,2,540.3562733783203
78,99,80,0,57,50,37,13,24,3,383.28069924451336
59,96,95,57,46,44,66,19,34,67,411.99277886338456
99,85,19,37,29,77,52,56,43,97,294.56029103122637
92,5,38,54,10,31,53,38,64,2,464.87988131592977
2,22,87,24,33,40,45,19,27,11,320.33713861272975
39,93,22,49,92,83,15,12,57,70,448.57574315061754
66,52,94,89,65,0,45,63,44,97,412.8562138386818
40,46,69,31,49,68,28,49,63,19,326.8875196571045
63,68,21,6,56,71,29,59,86,3,557.2584158368794
47,82,69,92,41,26,95,41,92,10,266.00836534466544
77,20,34,36,10,43,17,20,58,56,215.9953163427614
96,5,59,92,6,46,51,22,19,46,380.8760474951829
93,20,61,36,44,64,37,76,97,39,221.7925255734192
58,66,24,49,74,89,49,4,18,68,463.5801040450634
40,50,70,19,75,45,38,19,45,93,382.1017429837412
73,91,78,56,97,83,67,24,44,91,291.68507013342696
74,68,79,52,50,97,12,10,23,4,220.58782012617166
16,91,29,39,28,63,54,99,24,51,339.0960202970113
85,3,9,86,77,19,76,53,22,61,194.21726835520343
81,29,54,51,65,65,20,30,33,58,274.63128558701794
9,23,83,73,43,49,51,84,96,36,433.9809066721371
46,58,40,74,83,93,5,33,40,98,406.54524942025347
83,99,36,55,91,19,71,46,15,85,466.8237191023293
76,54,95,34,99,33,64,47,23,31,313.49255038881023
19,0,64,65,92,35,33,21,13,55,333.8004833075894
34,43,16,36,55,75,61,55,97,60,154.4680206447562
61,23,68,82,89,12,81,60,40,41,408.42633907096024
26,40,4,60,6,34,43,65,78,33,560.5861129695593
95,1,94,73,34,25,98,98,29,51,227.64026754440172
40,91,33,23,14,72,65,25,61,40,470.18736760382944
78,97,99,89,1,73,37,78,95,62,424.3937807041647
31,77,72,18,8,26,13,62,93,74,361.2194887804133
93,77,7,93,11,9,28,77,44,44,155.7213771288348
21,44,39,90,21,44,25,3,77,65,523.7367028168779
4,87,34,10,48,9,12,84,40,25,563.8711700622418
31,8,81,95,8,62,7,48,87,71,319.2951037739723
23,75,55,55,76,90,33,55,37,60,394.4325697032932
63,62,69,27,56,54,13,13,43,38,349.6206323051294
78,2,42,4,90,61,85,28,85,65,539.9332062271642
82,21,28,90,91,90,8,18,38,60,400.9468862744437
86,28,28,15,61,53,66,6,19,43,590.6400959164571
43,12,63,7,90,23,96,64,66,91,192.84081160994833
99,24,11,15,51,85,82,57,98,28,389.4960372599123
15,30,65,75,40,58,74,78,55,9,548.9357961795866
5,86,64,20,49,56,41,86,9,85,498.4603973783256
2,0,97,25,30,4,13,30,21,75,314.8437729107515
94,44,92,28,24,89,69,72,76,4,484.6382702222471
97,0,16,55,55,64,78,36,91,46,404.8790230499563
6,84,67,27,94,80,37,45,83,97,541.5563572048028
99,3,39,21,79,38,80,64,7,72,168.06624858470542
37,85,72,17,72,24,40,95,4,39,521.589968491796
80,4,32,1,31,19,12,68,13,1,426.5039278784564
29,95,67,15,12,3,98,82,21,11,300.49209147140226
34,17,63,36,54,12,47,94,95,44,451.5994462767198
62,20,19,63,84,14,68,15,56,99,521.5201432921144
36,66,14,64,52,30,35,14,27,96,558.0255911648154
12,11,92,39,57,6,5,79,14,15,464.44684805188206
66,78,26,74,23,50,98,89,84,16,234.687360733709
89,25,15,67,59,57,25,74,39,87,349.1984547581739
95,48,62,43,87,19,92,76,41,42,567.6221992601947
81,26,4,47,5,75,65,68,88,12,240.83287804773573
29,70,33,98,33,33,48,83,67,74,526.2054975812356
19,1,49,84,60,3,54,27,3,75,607.5224424182279
71,61,50,81,86,60,71,53,26,36,319.82481626412016
8,59,90,93,75,65,80,61,93,23,89.73709686003025
25,59,36,71,11,34,53,32,11,0,236.63784631124975
90,85,39,77,58,18,8,39,0,22,450.49262985824674
29,24,96,65,68,17,31,57,23,49,301.76231815761963
90,94,43,63,62,27,89,65,30,12,434.3901071974271
93,47,88,24,57,21,80,64,82,51,131.10055268436318
42,89,50,14,86,50,23,7,68,33,387.23735677931523
50,12,28,32,27,50,94,49,94,94,343.9075887375573
68,9,50,19,42,20,27,12,46,39,455.75698576456506
49,61,91,23,32,35,84,42,96,19,592.0773185074618
95,6,59,39,33,33,78,92,89,96,539.6328174111077
47,97,50,50,90,45,96,7,76,64,251.53123475701318
55,99,13,13,25,49,9,71,24,29,258.0264223663298
73,36,41,92,96,67,86,83,98,30,455.47397011161627
18,33,59,34,96,9,79,14,96,87,466.96702795536487
59,97,11,73,18,57,52,17,32,37,248.9051769639546
91,22,56,17,41,25,51,79,76,20,208.8350580442308
63,40,94,10,19,40,17,10,87,32,611.7195105732972
7,89,42,91,71,87,5,47,49,9,507.71400924554007
25,58,98,75,51,46,56,58,97,10,319.5274329434908
25,79,36,63,45,61,69,0,86,19,302.59851806241625
95,86,3,44,79,89,42,28,98,72,431.4060894261301
53,74,39,16,74,99,18,22,98,92,380.6209341236996
59,85,24,32,8,5,63,87,15,26,494.5486712815818
74,78,69,98,41,7,62,18,80,1,494.3614547038119
91,60,80,11,72,1,57,2,96,74,274.8322831398671
32,21,13,33,88,17,44,98,56,26,407.80240809575366
12,38,81,46,65,33,90,88,48,59,375.41775467284674
92,39,68,88,73,59,92,47,1,5,550.7057779755412
67,85,94,82,1,22,56,91,8,79,286.5593884873911
69,8,97,29,83,19,71,4,22,59,538.5075058452832
19,20,15,60,45,11,71,73,85,65,461.6486295948026
71,50,58,74,87,21,59,53,83,19,450.58308099124554
9,34,97,0,44,25,15,28,16,35,363.68249071431535
35,6,59,17,25,6,28,12,11,89,395.0211447828852
44,6,30,53,14,78,69,59,99,54,570.0467516591439
3,75,14,99,30,52,65,9,95,55,188.92463488954644
15,61,52,60,5,36,41,28,98,50,430.54434952897554
73,96,67,76,66,94,96,96,35,47,471.4220508640466
56,72,72,88,77,96,35,18,9,44,541.4457455418998
34,25,26,0,32,3,72,48,41,71,376.926215852941
1,90,84,42,97,80,64,45,85,89,345.4009165749003
45,25,88,85,44,64,93,65,31,32,369.86608691440017
57,85,89,83,35,74,56,30,53,75,398.98563808339344
51,90,19,25,79,10,33,22,7,58,341.83813934332954
66,68,79,51,6,24,3,21,10,27,270.4567052219344
57,27,1,10,91,47,76,42,17,95,511.6620728299888
83,65,14,68,16,55,61,83,45,40,526.1965489384604
98,5,8,83,9,46,47,67,92,45,214.10289189152692
35,78,85,30,75,62,0,90,5,70,494.50797529956174
38,68,98,34,95,43,57,91,51,71,371.67827675135425
3,12,11,4,40,59,22,32,38,70,242.50740548468178
3,73,43,97,93,95,55,61,63,37,210.9662312139217
30,55,66,72,18,10,29,74,51,9,265.30838701540773
92,3,88,94,79,55,48,83,15,75,369.0080514948161
22,16,59,97,69,53,9,22,71,64,433.1802203798467
91,78,73,82,67,36,58,40,54,88,318.74571403548794
48,21,64,29,19,75,53,25,38,70,543.3164286548035
90,83,90,8,76,82,28,83,80,3,322.6554892191316
17,73,1,17,76,50,88,39,96,96,465.7981621198121
95,17,5,33,86,27,35,4,98,65,409.7514974797516
98,95,3,40,60,99,73,77,26,47,418.95498147827476
11,89,77,47,48,87,31,85,85,12,479.9149578281855
76,94,43,41,68,50,34,33,33,30,432.1677306435354
92,86,87,35,69,36,0,39,54,21,408.1228188784174
94,86,46,80,31,16,27,17,5,14,461.0932234087495
71,87,59,42,54,1,28,31,63,80,474.86210896563233
63,30,86,51,98,46,87,53,16,42,439.1150116665805
65,58,70,0,70,32,60,88,13,67,264.3042437157693
93,15,63,96,42,28,54,31,96,42,575.2698477664238
37,18,60,73,70,78,98,90,54,9,494.6155987317163
51,57,17,65,19,4,31,21,6,38,486.97047056611797
69,30,25,66,99,8,16,59,23,89,319.88838357297453
61,45,90,81,23,32,30,77,50,90,331.4054297735908
5,58,64,79,55,60,82,85,58,56,149.52839957379206
94,39,66,28,47,30,98,87,1,27,504.17765928769865
61,8,0,83,91,88,9,8,43,36,386.10975427295625
95,7,40,29,34,32,58,64,78,9,404.2555696168577
93,56,7,98,51,79,47,61,72,80,532.9609538256141
45,57,24,71,70,6,74,87,48,21,494.8966542564734
28,87,77,95,90,42,83,13,37,92,215.74506550757263
90,48,20,75,67,52,90,67,40,88,434.093796492945
80,60,68,4,19,90,96,65,23,11,442.28232905247364
52,79,48,6,62,47,11,33,35,49,605.7135124985307
22,10,48,74,61,95,84,33,63,28,558.001581178629
98,77,55,28,84,78,63,10,70,35,401.8264354755832
39,31,73,55,92,90,77,75,77,67,280.1370626531733
73,22,42,60,60,63,86,45,25,25,610.4562960849312
44,45,16,32,99,1,65,54,19,54,385.1147756297768
11,41,20,52,72,60,76,30,55,93,664.3569691520969
18,39,28,67,59,36,40,28,5,92,250.96459092556415
81,76,73,75,34,27,99,24,17,90,170.9022940152463
52,68,24,7,33,81,6,21,73,12,351.8655908692351
0,55,80,76,88,96,83,24,98,34,425.288991658725
70,82,60,38,12,11,42,89,58,66,261.1729099691386
52,78,25,16,28,99,19,62,59,23,284.6693377999527
59,68,68,76,3,84,11,88,48,41,649.5980169239834
38,83,69,84,55,44,98,49,90,29,212.169298233397
72,38,62,48,10,31,33,29,41,11,388.069275332997
53,16,94,3,73,64,18,22,67,15,455.4896508190571
39,16,84,27,53,18,86,88,26,9,305.7898436568724
62,48,56,93,97,38,74,0,97,25,234.70561924877384
29,94,89,24,32,54,7,86,95,53,543.7208678339487
58,28,25,84,17,34,15,65,79,25,244.56173462008482
4,64,57,31,78,58,24,18,36,26,385.090089469805
81,0,24,81,32,66,74,76,78,47,256.9489975679767
20,37,99,84,37,50,21,99,34,64,397.7268689415999
42,68,52,13,65,17,43,55,41,7,171.87501968763095
86,90,3,27,50,16,54,66,35,78,546.9984290485676
91,91,33,82,12,33,95,51,24,27,237.84470052505387
90,17,27,47,12,74,87,56,55,64,649.2051943832248
52,94,71,18,8,17,43,49,51,98,222.8287557164468
54,82,22,34,17,86,76,16,81,15,262.9824795155899
52,83,13,19,95,39,55,57,12,66,161.2068861518068
31,92,80,89,76,33,3,87,10,50,395.0873612104073
42,16,67,37,18,65,1,58,63,90,66.98008523364183
65,66,97,29,62,52,26,48,61,53,400.91072460400187
12,13,52,16,5,83,72,82,26,89,259.60385421126784
7,49,83,56,68,52,16,30,86,97,311.66352761835856
19,76,4,23,71,45,39,68,8,96,299.9937394567397
20,84,49,8,81,16,22,62,2,98,368.9743684821193
1,65,11,64,26,53,80,56,61,14,451.4221718261498
3,40,51,78,58,63,38,84,71,70,483.55645810061293
71,8,78,76,18,89,2,79,2,84,472.4572785589091
20,30,31,81,99,37,44,63,73,94,390.17885518885333
0,26,0,79,3,80,72,96,3,17,383.80146563312724
82,38,83,82,12,97,78,25,24,86,227.94101861646539
99,89,40,69,6,86,39,8,16,11,549.7683955901778
91,36,73,77,99,77,8,18,94,97,233.9547816193929
19,79,15,59,83,73,54,38,89,95,588.9462141197271
13,22,12,49,27,30,30,26,70,51,460.32706095791036
48,86,45,64,22,68,5,90,49,15,566.6332733483256
6,50,86,86,67,22,12,46,71,18,255.58282515263096
16,23,39,4,96,0,36,60,47,3,484.50284759825473
30,50,61,6,6,44,28,38,49,52,572.8589677464294
6,46,91,77,3,33,8,17,30,74,539.1562990490845
49,9,73,87,69,72,39,47,89,44,396.6438357459244
35,82,35,93,28,73,2,86,54,53,458.437853821909
19,85,60,63,78,21,54,50,40,27,488.5224976748017
68,72,68,30,16,76,63,3,80,27,409.9046308816054
83,40,78,12,99,90,1,50,43,62,401.4088806884322
80,93,57,41,99,43,85,62,17,66,287.765926053534
70,39,86,33,3,64,68,15,97,56,444.82224895269144
4,54,2,41,83,29,3,12,54,45,414.48824523138336
81,63,95,65,99,73,77,81,64,43,281.22870513002795
22,82,67,49,26,26,3,42,9,15,436.4459090361718
45,2,46,17,32,46,68,10,36,72,483.94029488777653
56,93,92,12,24,62,96,22,44,64,396.57255483913946
9,10,80,58,10,11,61,57,89,23,152.37217174883975
47,89,39,7,55,85,53,65,27,45,227.67786122418403
51,64,11,74,89,49,2,87,64,30,340.16152803603217
58,79,17,51,14,34,17,21,33,59,372.48433606532546
97,94,14,72,95,52,10,8,26,76,535.379065698624
37,76,17,21,31,41,69,8,78,15,315.15248856843505
77,95,40,21,20,63,12,23,48,43,372.7886496859985
58,40,96,78,22,20,58,33,51,35,468.2716869607163
39,53,78,58,28,98,48,29,87,27,397.1824415854586
59,98,88,16,5,86,61,24,12,83,209.0899400080469
26,68,91,90,5,30,70,76,60,74,374.4147012515833
64,76,32,51,27,38,80,23,62,44,366.71442710719293
9,4,0,27,22,34,19,52,53,16,350.7607015200941
64,69,19,10,55,11,80,26,46,47,315.13999576411203
65,75,29,38,51,88,99,54,64,0,461.325804090983
13,44,24,43,62,1,35,84,88,89,612.4676847438699
90,73,7,1,36,99,16,78,0,36,461.9246319930365
77,44,7,87,62,3,21,70,15,41,474.31683798169684
55,3,24,11,31,41,93,52,23,60,57.95216789516701
43,50,70,8,32,88,1,93,93,28,103.9285842602643
3,18,44,93,29,44,16,77,87,5,307.65041968314233
41,56,79,49,69,82,72,38,46,25,507.7458873103782
52,39,93,67,87,72,14,40,31,81,360.0826701324598
83,53,61,52,75,50,75,95,94,84,446.9396770675155
79,51,49,35,74,61,84,25,46,66,501.0560004604292
53,8,13,76,73,14,47,35,0,36,482.5644456849832
40,2,45,34,87,44,25,83,75,67,583.6629285626325
50,68,39,92,54,39,42,18,92,79,495.20050826243914
94,47,52,70,44,31,7,0,33,74,143.98160793396278
23,27,50,76,0,56,29,61,95,92,533.7305746289902
94,79,18,43,25,55,65,91,20,26,425.45650146917916
96,75,27,67,9,94,74,39,79,5,382.3272271124353
56,0,78,13,83,18,41,4,33,8,424.7440767371896
17,34,16,90,10,8,68,95,47,87,389.1816722664011
22,46,79,18,70,8,32,98,99,69,392.7995466856315
51,21,51,48,86,62,40,17,17,69,429.54999485093185
44,9,64,91,67,68,30,83,1,68,254.1207229525913
29,41,94,77,90,79,64,53,92,61,522.8053992090922
32,85,77,65,89,41,85,69,53,85,248.35622425951618
72,98,29,74,85,25,80,11,15,72,496.672031841847
82,95,12,80,7,26,0,25,14,90,341.7635010471442
67,43,45,24,55,43,6,23,35,31,263.85350440029015
75,18,49,5,44,11,66,24,32,33,467.3545268358843
18,10,34,69,89,53,45,97,15,99,426.0855849276881
98,52,42,24,57,68,18,22,84,59,376.03994158351605
73,17,82,23,16,45,43,57,27,87,479.065411469696
74,85,48,26,38,28,74,35,35,21,455.7722468205778
41,44,65,83,72,16,13,23,48,71,586.514268765945
47,15,73,50,6,80,99,89,7,55,418.6384425577431
25,2,39,91,94,37,56,38,92,32,583.0683150869603
26,47,28,40,73,15,68,49,87,98,386.4974284411784
74,77,10,60,75,96,56,62,4,66,447.5068851504597
91,39,12,21,90,62,16,30,50,1,357.6553354362714
93,68,53,80,39,4,7,28,78,37,516.7793728179507
63,96,57,40,33,57,28,15,7,6,479.1879891434676
49,70,66,4,20,12,41,20,92,49,430.70111267298967
5,27,72,4,68,63,8,55,58,19,539.8038532565851
78,88,58,75,93,70,78,32,99,66,388.0066260540014
74,6,50,53,91,48,12,53,91,54,366.6752494669255
77,19,90,81,87,12,40,35,92,59,493.6353826255979
38,23,58,69,35,13,20,62,47,81,421.3940163536689
34,94,92,32,58,10,83,30,31,62,557.658327541116
28,31,49,16,87,63,73,67,74,57,316.78814844464
8,88,94,20,47,7,42,88,96,34,683.2305482578387
41,52,69,20,76,36,32,59,49,73,255.78425783705936
28,80,89,19,2,70,57,36,64,79,424.49753229915507
2,27,34,53,46,79,19,55,57,10,366.57325912939325
14,99,62,48,36,68,82,73,21,49,346.333222866492
65,16,36,59,14,26,61,76,17,63,280.60082681886115
42,30,93,71,30,7,7,61,32,21,294.0721563178988
96,19,8,43,78,78,38,97,69,79,506.60340333341946
46,61,10,97,0,52,18,11,77,77,539.353545610211
96,12,11,15,23,66,40,46,68,24,111.33429910879397
93,76,96,94,12,18,3,80,68,34,223.60318228760624
99,69,95,62,67,70,38,73,44,74,335.724465604805
62,89,98,72,69,88,28,65,62,16,161.5090702733378
28,16,96,45,9,39,99,20,62,16,136.59461191366168
30,96,3,95,70,76,46,19,4,68,287.7361939779671
6,45,38,35,83,23,71,87,37,0,558.5136826040862
82,78,99,94,47,21,45,4,41,9,612.3761042883292
16,54,75,43,46,60,42,13,44,16,89.92246623951257
80,87,74,32,76,32,18,47,13,7,246.86790624839972
72,35,99,77,86,22,99,3,38,6,318.1399368596527
69,52,83,86,7,15,86,33,75,21,510.2751167536047
62,4,48,99,30,37,15,54,74,89,190.3418998525248
15,54,90,58,45,67,19,19,83,92,405.86563770377546
32,7,81,0,66,20,42,31,36,1,400.15308787005625
64,0,56,15,85,72,73,43,6,44,328.30304982428015
85,65,99,20,58,13,24,10,37,49,395.2035378742412
70,74,47,24,36,59,81,74,82,74,267.8385150665806
17,30,58,71,77,44,71,75,4,3,227.00515087666278
21,98,45,0,4,63,41,73,4,29,408.45766915972285
56,49,5,69,20,91,17,64,76,13,294.9489067707816
33,39,72,84,78,16,71,2,14,58,496.2507282440826
49,73,4,66,95,89,59,51,1,73,478.6970192714258
81,17,26,94,94,34,48,98,21,55,556.5152872361755
34,80,93,11,7,18,23,82,90,69,200.36391619879348
73,84,73,49,42,93,22,46,93,56,525.3601166503211
60,19,3,85,16,86,39,2,55,41,554.0418849966885
44,75,0,34,77,12,17,24,42,46,132.59254274507083
9,6,15,40,38,7,1,19,17,61,183.36455247598178
28,64,71,4,60,20,23,42,32,40,412.0948686604879
35,98,36,49,19,32,28,65,21,75,494.86678784622546
71,29,11,1,36,9,73,86,25,65,542.3880798586848
94,11,30,80,6,36,83,30,30,39,445.31258876441393
60,98,12,78,21,38,23,43,28,78,325.677728654201
68,48,5,69,7,76,31,38,68,16,328.0770648405076
74,42,75,63,18,75,34,36,56,65,274.65719649771904
24,78,3,85,91,58,24,25,6,85,359.1329559736111
21,84,2,67,73,9,87,78,85,53,282.58374057661786
81,78,30,95,46,2,72,3,17,18,177.78401206754933
17,29,12,58,63,58,9,79,54,65,405.13410295571697
29,24,72,20,33,30,4,46,40,47,538.5090811581076
59,48,65,36,0,41,27,78,40,37,488.94922614520624
96,85,66,98,95,89,53,11,99,41,696.9817232147593
71,38,28,78,79,57,17,74,93,23,97.79679064574242
30,33,48,60,43,73,67,98,28,42,289.3276198721113
17,91,27,11,30,44,26,6,89,81,264.9502888125024
81,84,48,89,53,4,79,84,80,20,582.8219947991029
5,47,32,33,26,42,80,10,59,66,266.8069868659542
18,7,28,48,71,99,23,70,71,1,370.10944869671187
34,36,88,60,94,81,87,31,68,0,484.37669525677825
46,17,87,14,43,40,15,13,61,44,392.6479730631558
53,65,10,27,96,88,36,80,4,81,550.3635725548354
54,20,6,62,41,28,41,96,5,42,360.08786858726944
72,7,2,39,6,57,92,66,57,32,483.5013795423629
88,34,28,22,60,31,97,63,90,55,589.4996520045199
98,60,72,10,35,28,37,80,33,51,426.5630695564606
5,17,57,89,36,89,88,53,86,99,563.5849386269095
69,38,45,45,53,62,19,26,31,5,337.8253150844325
52,9,15,46,73,94,50,58,97,2,365.4750461380506
26,49,10,85,55,15,7,94,16,8,548.9815622831727
62,24,85,52,98,2,41,75,10,97,244.3524827749216
12,8,21,25,46,76,53,80,17,24,192.0970092492757
35,42,4,43,28,12,43,72,28,94,520.8779768679685
67,11,89,88,86,44,72,61,72,22,283.42647002997114
66,97,28,90,68,60,60,17,60,6,403.88857556511476
12,50,20,86,26,32,92,10,35,21,391.94242506713306
3,23,20,33,75,12,75,55,76,84,416.8584142126106
52,85,19,0,14,91,58,69,84,26,501.08344460387764
53,36,26,18,41,28,4,70,54,70,398.0726854138159
60,21,81,44,75,61,70,79,83,61,188.37688579220503
3,23,9,5,83,98,24,87,79,42,489.80024457045545
39,15,32,44,64,37,53,60,64,9,372.4706075778369
70,47,99,96,70,97,56,90,62,86,237.3290398817531
29,73,39,87,2,62,17,59,74,27,419.50467321906206
27,10,73,78,90,27,54,97,46,89,360.0284041573396
81,11,12,68,11,18,3,89,68,19,216.68480693610863
82,87,16,3,63,4,77,49,16,3,644.0107574765113
48,97,22,75,5,87,32,74,96,98,192.4225780461965
23,15,80,18,50,7,4,78,71,81,392.38001339791464
40,69,64,75,94,10,98,96,19,97,517.9933546101381
31,89,68,52,53,45,77,43,37,4,430.35659712699527
56,10,37,87,79,47,98,40,87,88,306.5538170691085
46,85,77,45,15,29,87,78,86,43,449.40031919436694
0,29,73,81,71,90,49,98,69,61,211.44597298960454
7,84,59,1,17,36,82,22,89,22,351.0756947736687
49,16,52,9,20,67,51,48,17,61,377.56674393802456
96,74,35,22,5,81,50,16,70,90,433.1479596473631
63,87,74,54,73,15,51,17,40,27,518.6846793553829
43,64,23,59,20,36,82,69,45,96,132.36750324116176
32,19,70,38,0,99,3,21,29,83,279.45996505272177
77,48,59,37,86,63,51,74,96,78,222.67769226409104
15,32,85,1,85,79,62,0,41,0,297.57953988107107
51,77,23,46,91,27,74,76,38,18,420.7061253658628
31,76,97,90,8,94,90,22,86,79,478.48256961170716
40,4,8,58,51,2,34,52,62,13,540.9246038315682
62,45,62,31,19,4,98,17,45,58,554.0738456168258
81,7,45,64,63,75,35,18,22,87,501.06887072793995
78,93,78,22,11,48,32,84,97,70,669.5827358733211
4,83,88,48,26,78,18,49,85,32,94.31232466654444
38,8,27,31,82,26,67,74,53,69,534.4830782296519
90,99,44,66,74,76,58,60,23,81,512.96955390976
87,97,80,45,95,93,60,93,82,51,235.77496047586746
62,88,5,82,18,69,57,99,78,70,278.47321108775117
80,35,60,86,72,62,86,16,12,41,440.0613909352268
65,89,98,56,11,18,79,24,6,79,414.5929898051473
79,9,21,81,2,24,20,57,61,13,334.43667898856796
79,77,43,88,18,86,66,58,3,47,329.7027673296212
9,95,5,5,18,35,59,73,81,48,575.7674818038142
96,89,16,68,17,93,35,17,33,58,495.7399754358389
91,51,99,22,65,23,39,16,99,13,465.6028790081428
33,88,39,79,59,90,55,21,93,10,237.1349228749901
98,15,48,30,18,39,19,90,16,38,311.88384518748313
87,19,18,84,62,98,23,8,33,12,333.2317944888912
74,66,18,36,47,42,54,76,9,9,394.5967675469206
63,79,30,60,70,59,8,76,95,89,549.3621493993787
13,52,90,53,34,49,29,50,83,81,511.48904074630826
97,74,47,29,1,35,73,55,55,62,522.4519792202559
16,75,94,16,9,96,47,23,15,19,332.07094694789816
43,30,75,66,1,43,99,0,61,47,126.68550720625387
71,61,54,95,4,83,0,48,51,23,231.965985363676
20,53,69,7,62,13,27,85,90,39,529.3921218061428
66,59,22,53,17,34,10,98,7,73,89.49450525820089
43,33,60,83,57,1,91,11,77,23,359.4494548175932
90,91,55,23,45,50,44,20,86,6,668.4712550885106
90,45,8,54,69,76,67,97,76,77,412.68605332775564
88,28,51,49,54,75,55,24,82,57,452.16657698252607
6,18,50,50,10,72,40,91,28,35,342.6996819730115
63,25,18,16,45,84,75,56,62,75,551.7787240992685
95,61,42,95,14,28,86,87,29,87,362.4787277179182
54,82,11,46,60,27,89,31,92,84,655.4653697921402
0,96,88,97,58,0,96,91,49,77,371.2529532362775
74,45,43,83,42,51,60,88,63,6,441.3343375521847
1,70,13,83,39,24,45,46,51,50,511.62764629904393
84,85,5,63,61,23,32,77,95,62,638.1669944784331
31,57,44,29,61,55,54,45,38,47,381.03222755390243
22,55,76,34,30,76,22,8,57,47,277.36794797459527
40,98,0,62,37,76,89,91,74,18,222.6774497916936
41,79,84,76,38,25,17,64,67,67,358.1725481248279
24,24,37,39,32,12,90,12,20,83,370.7270900258167
53,47,73,46,88,38,85,47,11,86,462.924702700835
89,98,98,60,86,12,20,87,12,76,463.56046184031766
59,26,37,57,33,34,88,21,22,16,231.7621612528957
55,57,88,9,9,33,28,58,32,49,166.09220827223044
92,7,2,60,55,70,39,22,68,35,330.6335497201143
81,23,26,84,86,47,87,85,84,84,525.8980552508397
3,76,41,94,36,71,50,78,17,19,243.9166531606918
32,59,10,75,20,16,69,72,76,47,228.68955897436
63,2,69,31,52,98,99,21,17,94,444.9065495185888
82,50,30,58,84,24,95,9,40,56,428.93560446432616
68,3,66,83,41,5,29,17,64,72,211.41620327926552
95,82,21,31,48,16,74,34,2,3,568.1401202915821
52,52,98,89,46,43,30,2,95,18,406.04114260878515
8,41,86,27,73,87,9,17,10,72,494.8743661374254
94,15,83,61,21,16,90,51,81,88,395.37615493318856
71,29,31,80,68,7,22,23,1,38,436.5038510442127
93,43,34,13,51,19,14,91,80,13,412.7176703388139
41,91,35,28,90,67,47,35,79,81,466.223448692877
91,77,23,46,48,78,67,71,59,26,539.9295163349403
95,58,97,84,80,10,33,30,13,87,89.7085522756746
9,17,85,32,41,35,83,19,33,86,190.5204417984852
50,7,72,26,89,82,87,88,22,78,444.45192268765743
91,88,48,27,69,90,97,78,74,37,249.9841024839103
39,3,38,83,86,15,34,87,16,33,403.9911059075069
0,69,65,2,49,40,12,99,4,35,479.02738857342024
41,40,93,80,72,71,13,32,82,25,470.00506614780437
1,33,99,46,53,0,72,67,4,57,438.2050600623871
68,89,80,86,23,63,2,14,63,50,326.1576021678835
5,80,19,30,61,51,2,79,82,67,350.02626814462917
13,45,68,55,64,75,46,10,16,83,667.7047188966935
40,81,96,72,30,84,3,62,60,73,267.1853478797917
36,4,84,66,31,1,92,83,47,18,224.7128099967521
17,66,19,67,19,26,9,96,34,79,466.68901830779146
70,83,88,20,17,43,85,29,68,26,112.80851786163697
94,89,80,91,70,97,90,6,75,12,374.0812008546265
7,16,70,29,51,60,82,72,44,28,475.3212462675164
2,85,13,41,76,50,84,9,25,50,323.80031684114425
88,51,71,77,50,4,44,9,93,16,298.72560149468234
48,37,96,31,81,80,97,94,73,17,522.4076337996478
70,51,20,54,69,12,94,96,72,54,473.6407131366543
96,43,6,3,77,16,53,69,48,6,361.77202686433816
16,17,93,70,84,93,87,69,9,74,311.012351132031
91,77,93,43,44,32,33,77,60,2,419.9050529728228
11,19,94,30,66,78,86,82,7,10,408.12132680189984
76,70,62,43,87,98,27,57,75,59,686.7347680480024
19,27,36,84,48,30,54,57,20,50,508.2995223802061
51,91,44,93,69,27,25,24,75,82,305.0120018818503
38,65,75,99,66,59,75,59,9,11,501.2500603841709
48,89,11,31,8,81,14,54,77,27,581.5164692346239
59,42,94,62,12,34,64,33,35,18,454.07235288778554
23,47,74,74,81,88,28,15,82,97,198.37282377012346
97,29,49,57,40,60,0,34,3,17,532.0117622681698
86,49,24,30,92,97,9,15,73,40,475.2323892390052
33,3,67,4,26,1,7,77,37,66,241.18484070101914
19,53,35,4,56,13,23,97,39,71,521.8065395550948
58,30,90,49,70,18,8,19,75,54,352.2615582953274
75,64,0,58,60,43,57,59,85,66,465.5575622152643
25,72,43,17,15,94,94,68,58,1,472.39171296913065
54,84,7,59,30,29,52,77,20,66,430.47551925753265
28,68,78,81,90,76,78,20,62,3,417.21336393046977
67,18,93,32,39,57,52,79,91,54,329.28506352116233
24,65,81,13,60,97,41,57,14,26,551.3358752079108
68,4,9,14,59,91,61,49,66,46,358.2516792047742
10,16,32,33,36,58,94,36,95,89,423.3063446601271
27,69,23,68,65,9,77,54,34,59,429.42413309783154
20,50,33,58,36,90,45,23,5,20,477.0858203233131
11,10,58,82,99,13,47,75,48,47,324.37223512019017
34,37,57,81,90,2,30,14,78,99,462.8140728871528
66,50,6,66,1,2,31,99,79,96,268.7478311289139
5,46,80,66,92,44,31,75,4,35,344.8488426626016
88,53,47,7,63,69,0,98,43,52,346.4516051227115
97,98,23,5,89,26,88,51,55,64,545.6508683336781
36,68,14,2,71,74,85,7,38,40,454.8025914529878
93,12,35,56,30,2,59,60,87,8,347.6288552530172
33,58,31,89,81,63,27,57,80,65,229.03403109267958
15,13,52,98,54,81,76,22,65,33,604.845491477997
72,23,69,7,27,38,19,68,54,18,470.52597320926463
6,25,69,79,6,26,24,99,80,75,384.40069806810203
11,41,69,12,75,98,97,70,12,45,544.3233783995852
65,15,76,35,25,20,45,12,61,6,456.2194199321831
46,71,62,93,13,6,63,62,92,20,413.34046163463097
20,10,66,10,8,39,49,42,51,49,569.7034842285187
21,25,51,15,0,55,75,71,5,70,456.9487513051368
48,58,38,11,20,10,54,12,23,30,248.41336879417116
85,14,69,99,2,88,32,74,79,15,353.0384578921586
12,82,23,92,1,22,41,1,35,79,396.566376414271
79,98,65,94,11,9,10,38,40,2,678.7513013513983
75,2,61,90,0,9,17,72,7,53,584.2191953513686
59,97,61,51,49,27,4,3,0,41,356.4418196845129
99,9,39,64,20,91,12,25,1,46,345.4659427117643
0,89,51,68,73,48,31,89,82,2,536.6785561360678
24,95,17,79,5,64,77,31,59,44,513.5739751272661
23,97,12,93,39,68,1,43,67,66,192.6772110025264
79,93,76,34,23,7,59,29,94,89,436.2061713538877
14,48,29,21,96,6,31,64,15,75,633.8625358180856
24,38,59,68,21,61,25,32,25,39,594.4731519532384
1,65,51,41,67,45,75,33,87,52,549.081475154883
31,13,73,26,75,52,99,67,88,51,320.68055254404106
40,32,75,7,9,33,18,38,15,56,359.53324557296713
62,87,46,24,91,8,99,54,29,98,368.36889437121283
86,61,93,15,27,40,8,38,57,40,638.1501640157304
18,13,71,10,59,72,40,45,6,19,340.005798457278
1,60,24,50,47,86,23,3,10,69,413.64580882495545
2,78,36,84,42,66,12,35,10,65,223.89417951221253
29,49,78,83,51,80,2,43,34,80,550.7570821776321
68,52,73,78,44,90,17,57,56,60,115.37080703507218
71,10,88,63,58,76,35,11,22,7,370.2682627500824
2,50,94,93,63,6,68,73,33,43,516.5597287646046
42,47,1,10,80,78,17,88,2,64,190.02944447671513
12,41,0,11,81,15,68,47,74,8,345.01187915871157
18,19,62,64,26,59,55,23,68,15,321.630406969536
56,82,59,30,9,54,89,62,36,54,504.2776159788291
28,24,87,92,57,27,83,34,44,28,222.7144779284969
41,18,46,91,43,99,57,73,55,82,505.7958580308123
13,74,66,84,35,80,99,19,22,91,336.0376954384177
46,54,47,42,18,54,69,90,97,57,182.08797027105402
98,22,61,45,18,94,95,25,69,19,191.0439772428045
57,24,29,59,88,74,87,87,42,83,552.8324069123578
89,90,99,6,62,90,84,99,96,59,584.5770221105041
37,5,21,51,46,78,20,64,41,36,189.5291167677661
51,31,36,92,52,68,65,93,36,71,194.5119993517789
69,35,18,7,96,66,81,5,46,27,342.27799565091607
21,80,26,16,98,57,63,78,86,56,202.50363479731598
65,36,77,16,42,16,7,57,29,30,388.81247169938877
17,19,8,2,87,37,49,7,92,4,551.7925276505491
70,33,23,24,42,25,21,90,42,68,393.9015184577798
3,65,55,85,97,79,58,96,5,86,358.0264330925253
33,52,57,0,40,81,21,84,30,27,409.6911071523048
0,37,89,46,91,48,24,39,12,51,300.1226060059215
81,95,60,7,26,45,89,59,96,10,396.3404378498305
53,13,88,4,54,51,88,71,78,59,540.048130442683
77,99,34,54,58,7,65,8,77,99,558.249197423526
27,12,23,30,50,54,86,26,47,40,133.40703006830836
28,22,67,41,1,51,34,64,95,97,163.57997980258392
17,53,70,77,55,23,49,43,45,29,260.6721553974047
80,38,42,4,12,54,65,61,30,93,396.8014806527463
88,13,17,51,67,31,81,14,76,41,366.9680776826514
54,33,76,53,12,37,56,53,80,39,322.80096050518813
81,69,2,86,12,73,40,7,98,56,269.757307230797
76,26,25,16,82,61,67,86,32,7,312.7289505792119
61,93,86,46,54,21,51,65,80,5,539.581635382938
0,7,82,74,53,78,55,98,69,95,281.9770359618997
60,93,20,39,45,85,35,22,53,17,641.7774766885337
64,66,4,60,58,18,27,94,89,2,472.8387113492664
7,63,27,70,86,48,68,85,60,45,500.8498733598198
39,40,10,16,21,12,75,90,1,26,559.1357656309448
86,25,70,18,40,10,94,90,86,73,351.75793076416704
15,40,58,2,53,83,6,53,32,4,534.7594784289546
38,2,91,7,54,93,95,50,79,54,616.5199511896352
76,98,8,91,62,67,4,90,31,72,467.8643754060299
11,17,52,64,76,22,90,62,13,85,429.5422768178072
92,49,31,72,96,11,52,53,26,87,431.73984087976584
49,55,19,40,12,45,3,92,96,27,378.96670333179947
1,45,87,53,28,51,92,58,34,17,585.7734056021527
10,64,38,80,29,33,56,58,57,67,376.9382778542115
61,82,55,46,60,35,42,51,6,79,668.8086231869913
94,92,87,75,83,83,80,51,77,36,546.0113136717817
73,71,46,13,7,45,95,35,75,50,569.3734137500787
77,56,12,32,8,43,29,45,50,93,321.6507980927829
57,65,54,72,73,22,86,83,22,96,252.0377846572955
13,30,40,78,58,6,26,74,88,61,398.07665492889845
89,29,89,44,71,87,60,84,70,34,383.7576008213242
82,5,22,71,65,10,69,75,46,27,166.94136459776462
31,87,82,28,38,23,26,91,60,85,216.82595475338923
48,36,89,26,85,86,38,3,95,45,268.93772712011605
8,73,58,39,25,5,35,23,15,34,373.9055164827149
95,4,49,23,95,94,50,5,68,97,396.95440535684065
59,16,56,36,76,5,42,66,55,86,306.7335016369838
74,94,66,47,13,68,94,37,66,58,568.6369592919527
96,84,92,78,90,34,56,39,37,11,523.5370342007853
46,46,87,14,9,38,25,79,51,54,421.51409995490366
1,98,4,92,48,56,86,24,45,83,280.1307722718845
83,12,48,96,86,59,40,97,48,75,402.13855944885046
32,7,40,73,28,85,9,4,5,14,375.5826761143145
96,24,29,25,28,18,33,41,63,98,217.157759557824
2,56,38,8,87,22,45,15,68,51,295.19446852786064
28,31,60,30,45,44,3,68,36,48,337.6303162869644
23,73,86,13,52,11,93,24,78,90,334.2818547653765
42,68,87,1,50,24,8,13,22,12,300.6081392935498
61,83,47,23,70,41,21,48,68,20,300.8968952657842
5,84,89,45,27,88,47,54,90,54,553.1265258395739
97,17,17,36,47,65,75,75,47,56,403.0138403789972
40,98,22,27,98,95,24,60,56,29,258.5017228591866
63,8,7,58,70,88,23,56,30,24,374.03494936491006
23,14,45,30,33,96,72,59,29,32,555.179279418084
45,72,26,76,83,50,23,90,17,51,512.9721702551361
12,29,96,18,58,40,44,17,8,67,517.1486222863716
79,20,35,80,81,27,39,88,63,14,266.0774565913172
73,45,71,47,86,14,39,63,58,60,514.5937556157085
14,96,89,13,90,84,46,38,24,42,609.9382871162669
25,15,7,10,40,8,53,32,40,25,490.670085917494
42,51,73,18,65,34,29,58,69,98,187.40149929731672
93,67,59,60,58,41,94,23,46,65,522.5440908091507
70,85,79,83,83,48,7,74,24,91,342.2466512092889
30,66,30,57,20,30,41,3,98,69,417.60560559724456
38,68,4,71,50,93,95,2,7,61,373.6994595156204
3,19,11,94,13,28,42,36,32,70,340.22128199561394
42,17,17,23,12,73,71,37,46,61,383.09152676351437
52,97,44,26,92,49,59,22,25,46,325.0862708079543
70,89,65,95,6,74,41,56,49,14,475.55607345189065
77,95,88,13,63,22,13,90,3,34,407.7780545928886
51,83,31,57,46,98,20,0,16,96,273.71439982178873
10,35,59,57,23,54,70,50,89,24,221.12220450366289
55,86,66,32,66,11,29,30,87,22,229.54414581681752
16,2,50,69,16,28,45,82,99,28,358.11299727049726
60,6,10,36,66,59,56,59,35,10,436.33811634822433
79,94,85,62,7,97,14,43,96,88,466.8770086606679
54,2,44,59,19,59,74,25,29,57,524.6198917204351
69,77,2,10,33,50,6,89,71,18,491.7908824946505
43,38,78,49,30,56,40,85,79,3,505.5140932885504
79,4,79,59,53,39,72,20,12,85,186.62517272552705
1,50,87,21,64,96,53,29,69,34,548.5768361680866
72,54,94,43,24,72,77,77,83,10,334.45411344989327
97,9,72,32,37,92,95,25,20,87,479.5620629177955
44,80,60,85,62,20,67,97,41,43,367.97438876209975
88,2,36,71,85,50,33,47,44,70,405.37682107170417
45,89,49,16,86,32,52,88,75,3,484.5351103170273
47,70,76,92,59,4,24,41,56,57,367.40792194688686
12,46,67,25,95,53,53,49,98,80,498.4865407973373
5,66,73,16,81,98,8,82,48,68,395.7844124957982
3,7,3,20,49,58,78,26,19,56,284.1320077499153
11,93,24,90,51,71,33,61,55,53,693.6486887973361
42,85,29,7,79,44,88,87,25,69,544.4085468167549
40,88,88,22,78,28,69,76,38,41,335.58481358759343
2,13,30,69,49,53,69,67,62,38,309.3122435770169
75,29,1,50,27,53,45,37,0,31,606.6505453779214
25,64,7,73,26,28,28,93,5,64,155.5610471247907
2,10,47,29,78,71,54,21,35,63,517.2137502974364
23,2,1,55,52,21,20,36,83,15,481.3318839815355
10,30,26,69,62,36,94,95,30,97,302.32701021709556
41,68,97,42,87,41,76,2,0,89,520.3437794678872
5,80,6,9,51,13,98,89,92,69,489.4478678401821
37,86,16,18,17,39,9,10,51,74,236.28788273336525
42,92,67,41,54,1,60,84,47,88,396.45128643296204
4,61,4,68,38,0,38,44,60,35,277.1652419327563
51,74,64,53,19,97,35,51,88,83,488.72294692988345
69,35,50,28,8,26,90,18,27,4,294.5562107989013
46,51,50,93,85,60,95,73,9,75,324.24299887493373
42,51,10,65,9,41,96,8,52,79,281.01641336953986
49,57,91,8,47,84,77,90,76,29,471.84401861029585
45,38,13,21,80,92,22,62,45,36,287.5625983250106
6,50,43,62,77,80,50,27,92,34,368.0556312833817
23,46,8,48,72,81,74,5,36,47,653.7902575506962
6,25,90,99,89,56,97,22,94,30,362.753217547451
6,64,89,12,92,96,46,66,50,41,337.9878232918202
23,46,21,74,66,28,68,20,53,23,500.17135310628004
71,49,82,5,50,73,61,89,91,28,316.9859513891744
33,63,8,8,53,94,38,14,45,98,320.08803585262115
7,87,7,11,32,31,58,93,70,47,409.5222587119375
40,35,69,26,17,93,89,50,67,77,209.2759985562161
34,64,94,60,30,3,45,35,30,65,341.8214998418296
68,78,29,12,60,23,22,88,53,64,512.1801325028963
48,91,51,5,87,20,28,31,96,80,608.8466076540019
41,99,32,31,5,91,24,15,36,84,479.3098614877663
20,97,23,61,3,53,86,12,80,77,545.1801420235719
22,88,35,41,48,28,13,77,79,71,508.1189095137179
16,4,53,92,96,65,76,4,6,87,302.7203680633779
73,94,35,35,63,2,14,55,52,84,638.5847475488295
54,62,54,39,80,38,66,45,35,49,68.69807375297347
8,69,45,97,55,52,41,11,0,74,532.2592840461573
73,16,37,94,0,59,12,87,12,43,451.6026706115232
62,6,54,96,18,73,26,75,27,31,169.81017325345294
52,17,66,77,41,19,39,55,60,49,319.9255133792956
81,80,96,28,49,69,75,91,85,27,195.1001853005744
52,74,67,77,27,47,59,58,24,77,553.7695640085753
46,17,81,33,34,0,45,4,24,67,361.23130560425625
98,90,31,95,88,85,94,93,89,79,440.38184836012056
45,84,67,81,39,40,88,65,63,97,479.4889101646743
53,23,45,44,31,23,39,83,13,61,376.0960349681658
56,38,98,4,14,0,89,95,67,77,492.52165541736883
11,31,82,53,62,90,55,39,45,95,433.635538735086
19,37,35,42,77,23,76,33,97,64,511.01128133458195
59,99,57,57,51,27,38,9,49,40,447.0021546980839
98,75,62,55,3,58,17,39,54,60,412.2501971190192
6,76,87,34,70,4,74,98,87,90,275.94286875179
21,0,22,16,56,64,6,14,16,33,418.39736568899326
52,5,52,83,24,24,2,25,75,25,169.80415633037185
75,28,62,50,25,46,5,85,31,73,294.7653767469053
99,94,89,41,72,57,13,20,0,30,451.5975253824371
77,30,38,40,95,94,87,5,96,5,367.17074636364214
21,96,13,20,91,37,40,74,61,35,199.48858331310387
56,81,25,25,87,88,74,26,78,44,288.7013849420638
6,79,80,13,23,57,22,7,28,35,314.2054902424271
37,80,15,91,27,3,52,45,11,8,420.5294995821822
9,23,45,45,40,49,96,15,97,53,348.32142936878535
98,83,11,10,34,0,8,13,89,37,176.81041814990743
85,32,55,97,63,29,42,81,33,69,652.87280227228
8,46,73,81,7,78,9,51,63,92,462.7165921267869
79,73,44,36,93,78,71,88,34,1,506.9432406484626
91,11,56,23,87,11,63,77,18,81,472.91822363491207
57,32,95,41,71,97,61,16,38,22,136.60676321651175
9,8,55,47,81,14,64,2,47,98,467.0708035426362
71,96,72,97,9,46,88,20,53,15,497.4955292976253
6,82,97,16,25,21,73,1,95,27,361.79867237000303
56,13,95,24,45,30,99,20,90,1,474.6363927157323
73,21,67,92,38,24,39,92,71,85,314.6749626574541
22,29,8,29,22,53,58,10,33,23,551.0785614554127
28,43,63,61,24,4,31,1,92,15,218.94822757185491
56,5,41,25,84,38,20,98,89,19,106.2111162964627
10,89,89,74,95,29,94,39,79,5,486.1633078491172
44,32,73,23,33,34,8,94,13,85,409.0158829205906
47,91,99,22,19,49,19,36,59,54,516.3151580965587
40,52,68,14,81,7,24,28,56,13,432.81120727035096
61,90,97,19,94,46,15,99,95,98,611.9761389345168
10,22,87,95,92,85,64,35,30,19,121.57582798314542
25,8,48,62,88,80,75,72,4,48,610.3614749804544
78,6,43,60,22,6,31,1,12,94,638.4710676990595
67,35,59,30,52,85,68,35,55,45,237.31896730563392
56,75,47,48,83,40,15,76,37,83,305.3581836940961
93,39,35,50,36,41,49,53,72,50,471.6003330347869
25,76,79,37,13,50,49,57,75,76,213.98711142574
12,42,39,88,55,44,67,62,57,98,392.37590668227415
80,26,41,26,24,64,38,81,2,81,163.42346463846113
95,25,75,54,85,47,23,19,24,98,417.7712111992019
23,85,83,16,58,44,84,60,25,58,616.6814501295951
22,17,42,16,22,33,4,41,43,68,639.6544268629509
76,42,52,29,6,51,41,75,47,91,286.81545815533616
48,89,1,4,14,75,77,32,67,14,459.23324858856495
90,87,38,41,89,13,54,85,72,33,619.1174679929725
25,78,57,19,16,98,36,23,46,90,427.126852874146
57,48,87,19,74,17,26,22,74,26,250.8070449378264
35,75,78,10,73,98,79,60,15,49,449.6507535782095
75,48,6,48,46,74,99,3,11,85,346.27085977998166
39,37,35,22,61,60,41,65,52,33,400.18732850854167
38,87,92,87,54,20,35,15,90,39,594.8060312752041
74,37,86,41,8,51,54,34,3,47,328.15672385034776
0,28,74,32,25,64,16,10,57,76,190.33273714602478
33,33,97,95,55,67,11,66,20,15,285.5239578251153
54,8,47,4,11,42,17,17,16,98,449.75286033573474
85,75,37,28,80,6,40,37,73,53,64.54441335759606
5,50,83,87,90,36,75,8,39,16,300.91329208419927
58,49,68,69,4,4,20,92,40,61,506.4841673032827
92,89,66,15,4,31,65,98,6,78,309.02194366318463
15,53,52,40,73,63,68,69,8,70,482.6232839830992
92,11,89,55,81,90,33,92,68,70,352.4024754952604
13,38,68,15,94,11,83,21,54,3,729.838268173248
31,73,65,44,55,60,75,60,73,34,419.10156200277237
33,0,84,98,47,72,76,0,66,89,510.19543859241764
96,14,12,83,90,28,78,4,73,60,338.368852567615
50,23,43,67,92,33,60,47,86,47,409.4460843107566
18,41,14,60,88,92,54,8,12,12,652.1982753898817
93,78,10,15,30,77,42,81,29,22,275.84591893562765
31,24,96,46,6,13,74,73,91,74,594.062601241436
56,4,22,85,88,61,54,86,84,18,532.2547779127603
23,15,12,11,73,92,12,61,43,7,242.94620193027427
83,60,92,3,98,3,97,72,53,29,528.4451033583622
24,14,27,21,52,97,3,42,14,2,579.8337331811223
32,92,58,11,71,92,98,99,51,95,250.81373482145239
8,6,81,74,42,92,3,95,36,24,427.34157321173547
52,20,52,5,90,58,38,59,1,74,386.32113124755585
59,1,33,67,57,15,18,67,85,66,280.4545498386111
82,56,64,77,7,11,49,2,21,73,401.4867979493419
50,19,65,99,89,38,94,48,30,48,554.2291820178821
53,11,2,10,74,53,96,37,71,21,489.47536459730634
95,98,35,43,40,99,19,97,86,53,508.8027677927344
61,10,18,67,11,64,61,62,11,58,442.6111677059952
79,88,76,66,60,10,3,85,28,23,409.04660765397915
89,53,73,83,63,30,73,5,25,2,547.2259104046057
85,79,41,52,71,30,13,0,46,2,253.91097669045786
23,74,78,70,10,73,77,89,57,16,284.1229198473576
85,14,97,13,87,74,89,33,57,64,518.1524938595178
25,95,58,38,57,77,13,26,22,4,446.7946712216619
23,12,15,32,90,4,39,1,91,45,295.9120032940836
98,95,56,23,57,50,60,79,73,76,329.19211014636375
42,48,10,28,59,41,35,55,94,38,312.1760748232848
38,43,76,8,23,23,17,18,86,27,273.181438330485
63,64,43,84,31,33,29,32,78,45,229.90856765617715
40,55,47,92,98,40,48,13,16,80,456.0311204508762
43,25,3,71,34,50,57,41,26,90,198.7823732602075
78,58,50,79,13,43,91,64,15,22,246.4492473041989
2,24,40,0,80,4,51,64,43,33,290.9949260336481
72,76,19,33,19,31,40,62,34,71,514.0359110035595
56,57,6,25,50,0,95,45,13,79,249.01748544698304
25,50,83,6,82,44,34,0,69,61,259.3384797849201
12,30,79,99,28,65,89,39,0,87,270.56275665855094
26,62,84,56,38,81,92,6,22,41,460.0167227545769
29,49,73,3,25,47,68,82,43,60,359.95797927961775
24,51,56,44,47,84,49,97,54,28,610.2190458959524
62,93,85,57,8,92,69,90,94,63,361.99380812479245
9,50,93,26,75,7,61,66,16,43,312.2600869621701
1,17,26,89,3,25,13,4,96,55,662.7711230663244
70,56,14,75,76,66,12,83,3,88,383.2515281970393
42,13,61,4,6,29,31,2,45,74,582.1558291323161
44,78,49,80,14,67,85,0,2,19,292.15963344112606
73,99,78,58,56,99,0,1,24,65,453.9442562761797
30,18,31,85,62,7,55,12,99,98,572.1344473823408
80,41,41,22,46,72,44,86,90,21,660.8243207792236
49,77,62,95,2,10,17,18,80,22,351.04790855601885
22,34,38,47,34,40,36,62,13,11,600.6838356192446
34,74,6,49,77,89,91,36,83,21,266.45543708475776
68,28,81,33,79,57,44,86,49,41,447.175313381127
83,59,57,28,92,26,41,83,88,86,217.2636408892024
49,28,37,81,64,84,52,61,25,42,377.6049215720396
11,29,99,72,49,38,14,67,60,43,478.6683518869455
84,46,79,82,42,32,87,35,26,98,336.5155118817816
16,81,45,30,41,49,65,73,30,85,329.9357978940628
1,4,22,55,55,48,68,26,7,97,302.94363675347836
72,59,54,1,26,12,55,7,47,43,182.58793160778853
77,61,90,25,64,96,95,28,82,65,299.4465323091471
85,9,12,45,51,43,55,56,41,12,276.4878268406935
81,94,26,28,43,24,55,37,71,43,370.18069442547284
5,30,49,20,32,40,8,96,2,14,441.38446880685234
83,56,73,72,50,32,98,35,27,59,437.4776998464922
78,4,40,13,90,41,63,88,38,9,322.757762041965
29,9,16,68,80,62,60,86,13,13,457.4028399586396
71,56,89,24,22,9,56,85,25,36,492.2306284886285
13,5,97,37,2,17,75,1,76,23,206.6803284961241
42,59,55,3,96,40,92,18,0,4,469.16087544111866
39,48,25,44,78,46,77,82,18,19,177.711099117898
13,47,75,80,1,36,4,51,74,25,266.5230271622076
42,59,39,87,47,15,19,14,84,42,363.44075781608564
9,58,11,62,0,1,10,84,46,57,198.17090552152766
34,39,94,88,86,24,73,54,97,1,418.4110711375279
74,80,69,73,10,18,46,90,54,27,181.50058653045772
90,68,89,28,88,11,42,37,28,46,484.85655268306124
18,11,11,75,17,4,59,51,63,4,358.78856326857004
28,83,7,94,79,41,41,31,16,66,178.55972694843663
76,55,97,74,4,76,59,94,5,39,471.98944864497474
82,12,51,12,24,59,87,23,31,23,260.0008671780074
80,57,29,15,44,21,61,69,80,7,239.41304219109992
3,87,38,70,78,68,17,53,36,8,273.6341819209352
95,35,26,82,96,58,25,12,44,29,346.6835759634945
55,83,45,45,2,8,14,53,82,41,324.6767610895088
50,70,19,1,42,72,70,22,64,73,590.7109005865333
11,11,63,24,66,65,14,15,2,16,358.9373875142655
8,17,21,87,53,14,88,16,72,29,711.6193157051748
12,36,52,51,87,93,96,85,68,24,278.3269007098238
24,57,89,16,42,9,99,65,56,6,500.0260420879384
24,79,37,37,92,16,19,6,27,18,179.2347769878096
29,30,66,1,73,29,39,89,16,69,591.1080533019972
57,61,94,91,45,71,56,92,41,56,485.6557471080298
51,78,1,80,31,75,76,55,99,69,513.0129313239407
51,80,89,76,54,24,8,33,27,76,397.4029721684601
41,70,61,21,87,44,26,61,76,8,516.0156023970093
9,12,49,45,41,98,45,51,56,54,200.16643336017358
52,30,99,26,70,18,16,41,80,41,263.6902750826174
4,31,23,70,59,2,13,15,85,4,207.05389161661515
77,92,73,21,47,41,71,15,26,26,610.5640805202493
60,65,8,41,22,10,69,5,30,46,434.52279853437636
28,42,37,24,85,59,68,53,6,19,212.62300090327307
97,76,9,43,16,79,13,42,6,53,468.5289183008533
5,41,8,83,99,47,57,99,9,40,437.18105034885093
26,33,77,46,98,36,47,65,83,61,233.97148561764945
4,38,88,30,59,83,84,58,40,62,489.3916395692153
94,63,67,66,26,30,79,63,89,26,467.6877932668178
37,2,7,17,29,52,90,63,72,32,434.47387909097955
62,20,54,20,14,47,26,10,53,39,330.667422749311
19,75,92,5,31,12,96,40,37,80,305.88911635136395
93,26,8,39,8,26,34,80,70,5,310.4749377714801
65,76,97,5,43,44,62,32,5,11,419.85962983758486
84,72,17,33,40,17,33,49,1,69,561.0219438856427
47,69,98,84,59,75,61,20,94,41,327.5081384243381
12,57,93,93,1,21,89,57,14,51,248.54649665963072
34,53,45,2,26,7,46,47,97,68,443.6524724603017
44,76,56,1,20,30,30,64,38,31,258.59211798770855
17,92,0,5,50,93,65,50,45,30,426.006849790035
58,77,71,94,73,78,35,7,88,26,462.46546739285714
70,85,2,16,95,71,96,78,90,36,499.1977924628572
85,83,40,24,38,59,2,80,85,99,129.70953296318368
48,8,97,44,4,39,63,19,54,73,339.1342905277716
55,38,82,9,65,48,2,51,21,90,140.42595863392674
35,78,73,24,74,55,25,36,55,95,482.74978611046697
63,38,69,71,94,13,37,22,62,91,500.25637227290395
49,52,30,33,9,75,32,3,24,12,463.1343432721121
46,25,13,9,72,85,86,32,52,0,354.12002399865173
12,10,89,2,69,54,59,91,27,11,494.33746323564503
80,8,62,42,27,29,43,66,31,82,565.5934733906416
43,65,39,25,61,2,17,80,8,88,259.36441149278437
98,84,82,42,44,77,99,98,24,54,305.33778944851053
25,61,28,50,99,11,14,14,22,0,203.69952471615315
73,43,40,54,78,5,86,8,32,45,371.02636716838185
8,43,64,84,64,43,6,40,53,67,349.3927847572041
5,32,1,36,11,41,97,88,40,30,420.70724049293153
0,36,78,20,24,30,87,27,60,80,305.49203352928487
82,22,99,81,52,41,37,90,36,36,317.7760422658406
2,45,42,39,68,75,46,0,19,55,328.8431495141458
77,76,27,27,41,7,79,43,45,83,458.8005166390717
79,96,16,45,82,16,9,43,31,9,444.7819677339018
3,11,30,83,92,35,37,46,39,81,350.6072245673615
84,39,2,39,65,50,35,44,74,72,124.65060806571086
89,67,60,21,83,1,84,93,34,83,549.3822234916106
29,68,19,58,87,74,27,61,81,24,595.8642416089615
14,28,89,66,28,20,92,36,48,70,424.9097958496834
56,66,92,25,5,96,83,73,90,88,466.3144609023859
14,47,36,45,18,57,1,48,2,31,244.402087057945
69,56,68,7,80,53,84,38,22,41,473.66496528679943
6,39,56,1,7,44,43,25,37,43,452.7307694878476
4,86,78,59,45,56,88,97,38,24,598.9998281975292
23,10,27,10,61,99,99,69,7,82,682.2453727239948
4,80,89,94,63,71,28,35,84,73,252.54869583230683
55,94,95,60,13,96,75,80,20,85,465.86278094431634
26,19,77,54,44,30,84,20,77,64,439.8431749901807
21,26,38,8,77,44,89,77,65,62,250.7480515902748
49,82,29,46,31,26,22,28,13,71,478.418878467054
56,73,63,75,43,41,95,51,40,90,207.41458910791187
57,30,28,54,95,67,77,33,57,4,349.08554933343487
45,64,23,54,27,75,27,81,77,57,674.5986626557565
38,37,36,27,82,14,42,42,94,24,535.7743720968493
15,78,3,81,26,54,47,22,2,82,405.4225474504417
0,76,18,4,45,18,57,19,85,79,279.8607213172444
58,59,31,81,73,29,6,46,25,10,430.916511179287
26,7,91,9,58,51,8,10,92,93,676.1100270620982
50,69,85,65,69,9,46,36,62,78,285.3615684797128
90,51,99,34,48,58,49,95,47,66,394.4671447690211
2,56,72,89,78,10,74,19,41,68,548.7909269267109
55,99,7,67,33,54,96,20,47,31,175.3783416392319
37,87,28,52,98,94,28,80,77,89,423.968430966739
72,15,74,68,83,60,22,10,49,37,349.5974203207638
33,81,18,3,67,91,88,85,53,2,369.6200378555032
2,8,76,91,66,1,15,5,79,85,290.8196153289887
20,7,97,33,14,27,77,34,89,63,423.0149616308843
88,83,3,81,41,83,90,14,86,1,259.7700628966001
69,79,48,29,39,19,44,62,87,39,662.3451076736475
59,42,26,68,21,14,77,29,30,63,660.0746232029375
56,49,3,82,25,53,13,31,79,7,338.9353218648913
81,69,76,44,39,43,66,87,84,80,564.6266274225085
88,45,25,23,50,18,30,89,4,8,289.2993415795596
81,90,58,43,47,18,21,66,47,10,369.5919363017349
97,60,33,37,11,13,85,99,7,72,233.25043271439156
58,97,23,12,74,47,10,58,5,53,382.79728346717525
35,58,39,99,46,39,22,58,30,22,132.36414179235234
36,78,89,73,69,70,85,0,47,50,203.66226045734058
57,76,59,76,9,36,43,45,15,92,290.1188567529335
18,26,54,78,79,42,3,13,10,87,101.54370095990635
10,2,74,87,32,26,22,41,12,23,273.43713292689796
81,22,17,29,14,60,64,57,22,83,325.88737949827913
41,71,17,29,66,74,11,99,88,42,496.4220422435468
61,21,36,46,89,84,24,29,65,39,249.1217142701035
42,83,52,41,91,16,70,45,11,78,130.38729206350268
43,16,42,35,58,96,98,59,72,89,590.5974007111303
3,39,64,84,17,23,68,29,57,92,167.73625241082428
39,70,86,57,94,70,80,61,3,37,525.945347826457
72,34,75,9,18,33,35,33,49,5,360.3743211987242
6,79,3,90,78,30,72,69,89,47,404.7006912393678
61,56,86,67,95,1,59,94,47,6,384.1250467682831
56,0,78,89,23,73,15,76,68,92,308.72898331973937
75,48,40,48,8,45,68,44,37,25,485.3127805167471
23,82,60,60,24,99,92,66,25,27,468.955607115562
73,60,56,80,34,78,75,93,40,0,181.95769387658677
12,80,58,25,97,99,58,56,29,61,130.1760450314286
38,75,99,72,11,93,83,44,53,31,337.0347320968087
31,30,72,99,66,17,34,86,11,51,457.1959557160502
63,14,81,8,2,59,72,21,64,71,385.1148045280992
58,22,83,58,83,70,42,86,81,77,568.3266923707585
95,37,39,0,32,25,16,12,14,46,374.7927530247779
59,52,19,83,96,57,88,70,56,49,526.545248727595
91,71,94,66,22,55,10,56,27,97,420.23450265079
95,16,20,42,75,43,79,57,38,24,509.8193941054835
28,78,60,76,6,32,71,93,18,45,448.0776597506237
88,96,67,86,8,70,46,30,10,78,457.8581641821786
85,7,70,17,92,66,96,34,77,9,294.44977131338965
61,99,88,91,50,56,97,56,53,7,276.30287315506575
95,69,49,94,51,75,58,27,77,92,743.1966273011967
0,51,58,89,64,25,27,31,8,83,483.78672547998616
50,23,43,27,89,53,0,72,76,79,548.985424342969
17,22,23,63,83,2,40,58,60,2,412.7296420729725
97,11,71,47,48,10,17,2,15,97,535.2961219375114
57,35,86,23,70,89,21,91,69,8,379.06994110415246
45,52,33,3,19,96,67,37,69,63,527.1804413098035
33,50,18,25,99,0,71,16,75,61,201.55128114940558
38,31,24,66,36,49,14,40,51,93,355.46908110856947
33,41,31,95,46,55,82,21,66,24,241.87323534521903
97,89,2,77,91,16,10,10,81,39,301.9118516448161
45,81,78,69,72,53,37,2,53,47,487.0769961389714
94,33,64,16,78,22,97,43,9,12,389.0587099669488
19,19,51,77,44,94,97,10,67,47,327.86678043447506
93,76,39,42,34,25,46,4,67,90,204.86976287863268
66,83,9,74,25,77,6,40,45,90,50.45204358259019
65,63,48,36,15,15,37,43,44,31,361.9037460647272
14,46,21,64,78,95,42,38,41,3,719.2526307380315
35,23,13,59,71,34,74,31,36,24,334.44743067869166
55,96,25,22,89,50,4,28,63,20,352.5229454978851
72,11,39,66,60,10,78,97,0,16,572.4272175696643
53,58,64,42,89,7,46,52,51,6,314.87405980200015
18,39,71,91,20,44,62,26,81,28,248.01689962110564
10,19,99,48,91,65,86,54,30,72,269.2586627855144
91,33,88,82,81,22,66,96,2,49,123.79237981199589
90,99,22,80,53,96,19,38,72,72,522.6189458382066
0,0,99,3,38,46,29,75,60,16,160.6725912868689
65,60,69,98,99,53,12,29,6,52,300.25455768503093
34,38,13,14,60,30,22,89,82,95,487.13933801390294
97,49,24,80,96,60,43,13,54,16,342.60870716773417
80,56,62,20,50,57,69,89,31,70,441.2848819847991
44,92,40,76,27,80,43,94,25,60,496.2910175179671
69,34,58,32,34,37,88,75,52,69,408.1176805212176
52,64,37,72,60,81,82,49,24,11,339.976945118038
15,57,15,56,20,73,68,6,96,69,518.9628175489131
62,74,19,4,25,71,63,76,0,89,268.2334099889954
19,93,39,39,35,92,3,43,39,18,329.01359518745363
92,26,64,21,50,37,51,89,17,65,214.9336218102663
69,88,2,4,20,16,57,84,6,56,299.9842981740007
67,77,63,66,58,26,82,4,1,50,453.3994152522541
11,18,73,7,23,87,44,6,40,11,573.7641006092296
48,52,0,62,43,91,50,68,36,13,355.2762758255835
25,77,74,63,53,7,55,59,82,42,435.32859233692096
2,54,61,80,48,32,9,84,61,73,260.3067393487423
21,48,99,84,76,10,29,3,66,95,292.6134162572137
99,5,28,33,77,50,37,20,87,49,83.93003336056023
27,73,75,49,86,27,53,57,18,6,330.9036842540195
98,63,7,82,4,36,85,72,81,99,292.8009288041628
19,76,3,90,90,20,72,49,35,33,572.1080626683936
17,78,54,18,74,89,54,11,98,38,308.1807755725411
82,8,39,7,89,93,2,64,61,61,156.4623746445593
78,26,37,97,19,96,23,97,7,11,420.5912950872927
57,6,65,78,1,97,69,92,14,64,443.5405361614245
57,67,0,18,29,52,75,28,18,64,332.6585139901796
83,63,58,71,73,11,5,72,17,41,547.8158952030283
0,15,45,35,68,22,19,67,58,66,292.1196037930727
48,11,87,8,11,73,33,33,31,89,327.13940050409286
77,56,12,70,78,78,50,84,40,60,260.3743346732663
41,69,82,33,71,48,50,50,59,29,384.675528631469
10,45,21,83,78,17,21,19,67,49,352.4614230899865
51,41,2,80,55,20,85,49,37,36,377.0484292742534
29,7,18,50,51,62,68,17,65,61,492.5262729051888
48,80,60,67,44,2,15,59,63,92,238.62151340388849
91,8,96,43,57,41,31,21,58,86,245.43324702658006
52,77,54,43,49,94,10,55,36,87,287.2255145668436
72,90,40,58,58,5,40,40,88,71,506.7729221454098
1,93,37,91,24,36,16,29,97,10,163.6324345214224
67,27,49,94,60,53,27,75,51,28,509.13357841954894
11,44,0,16,61,36,26,35,21,11,370.8137634135515
8,41,14,32,51,22,32,30,68,77,589.4585248653718
28,77,44,84,7,98,18,58,8,80,338.1093054465221
88,9,53,83,44,74,66,75,78,75,285.1257968560269
16,2,32,45,98,97,86,20,87,12,281.4218076764724
28,44,6,7,49,44,2,89,56,9,221.08117717788096
4,13,1,91,51,12,42,91,89,95,455.55896908568553
47,60,3,47,25,35,13,55,83,46,205.97623330603344
7,33,85,16,0,74,9,93,13,2,489.2679964489595
61,32,46,72,44,10,19,71,36,95,464.3494503136142
57,26,80,5,23,21,27,68,49,50,320.5629363784873
40,69,81,71,48,24,8,76,27,26,350.6391789969745
20,11,94,26,55,52,90,24,12,25,468.67094724907196
68,5,74,19,49,15,22,80,86,7,159.50377890517385
98,40,38,32,13,39,60,0,98,85,233.7968438453555
88,21,9,14,60,34,39,7,72,29,539.7997509559675
12,84,71,79,73,73,76,90,60,97,398.3146091642633
90,51,37,69,70,37,77,69,9,81,366.9386531779642
85,5,85,99,89,47,51,8,84,51,143.21070209475403
51,73,0,86,8,15,11,65,5,64,503.5713180813591
57,10,42,9,70,6,28,18,71,39,446.27031090942387
52,41,60,85,29,9,49,81,92,97,472.9148829334342
22,22,53,38,23,72,60,25,41,99,514.2501552629928
57,50,51,66,96,94,88,82,28,37,418.84726005262047
90,12,18,31,57,64,95,66,27,14,336.9177726601997
17,19,69,4,66,74,13,57,0,59,398.5744867760211
70,70,88,24,97,1,83,8,11,20,290.56675292995783
54,84,4,2,60,87,45,65,95,14,526.6005294776874
24,19,9,9,15,17,99,1,75,20,427.90201941074406
44,12,72,41,38,35,98,37,37,6,302.35616487362495
78,77,41,31,52,28,87,10,17,10,458.3575471412854
4,96,26,24,73,47,90,77,69,84,563.6742363435835
97,70,73,43,21,85,75,9,89,24,576.0996924003706
34,48,54,19,27,75,34,86,90,83,605.5391306632281
38,85,92,39,92,53,94,68,25,21,546.8683252687754
40,43,36,35,34,63,58,60,82,29,465.0577238933812
18,95,23,35,26,15,55,65,42,65,393.83621879015845
87,95,3,6,0,31,43,99,71,30,485.2652249778835
88,16,80,71,51,96,56,99,15,93,467.2353826230321
49,5,68,34,11,97,14,15,26,64,388.76767447443933
40,64,85,27,32,45,5,25,5,84,484.9473883845776
5,88,12,33,92,27,75,94,71,52,395.7708795025878
72,39,97,45,88,1,10,82,27,75,351.4367647893621
33,84,99,82,15,11,62,32,87,75,345.86822208564547
75,45,3,82,8,80,70,77,82,4,452.88131276600575
30,53,68,77,82,95,46,89,46,71,352.75327252968475
5,86,13,65,12,28,69,74,26,14,269.05736147158416
15,29,1,31,81,65,43,0,1,43,430.06019572051
98,84,26,61,16,87,97,47,44,18,346.62490389030444
5,53,99,24,87,24,45,28,45,48,506.73177736376476
70,44,94,8,48,31,7,49,91,48,519.0141577649212
79,8,86,44,93,26,9,61,13,39,310.1032694513049
53,86,80,5,98,41,12,58,82,52,364.94425571432214
94,40,14,62,52,80,98,54,4,11,489.4238524717962
40,86,18,90,8,54,23,33,19,28,561.1920565506432
66,24,57,80,54,49,93,2,94,90,437.822805073189
40,95,64,76,19,6,74,35,47,36,494.7167879137496
61,27,0,61,94,58,0,32,71,70,623.53945126384
96,58,2,7,1,43,80,51,3,70,253.10711458414895
35,68,5,79,15,9,68,76,87,58,413.21091580651097
91,13,49,41,15,35,84,66,83,12,196.1680674053476
51,68,76,70,27,40,17,29,17,58,424.36392723190835
48,30,43,19,72,9,64,28,8,98,500.11011751241625
7,60,20,88,98,66,62,40,37,5,498.96431501100466
29,31,4,81,65,17,8,21,49,48,272.37108313136747
95,86,53,78,59,7,37,8,11,18,433.70465772877714
10,66,70,67,49,21,50,13,70,2,436.9550020388578
76,59,15,46,55,13,46,40,25,76,314.4781896866374
60,99,7,38,67,16,48,57,88,34,307.83881209407014
42,79,7,71,62,32,3,13,67,34,284.06472975231884
63,0,99,46,2,85,46,45,24,30,597.1263877841195
95,88,95,3,55,84,84,6,47,65,272.20276851361933
2,64,49,32,57,66,57,6,0,61,313.35828575427746
35,59,48,77,51,86,73,33,71,78,420.3657022472853
74,42,89,64,5,5,51,20,26,87,390.87991313489704
85,68,14,30,33,34,62,52,95,44,593.4608934096317
51,99,95,86,32,26,13,76,79,78,317.0903365916688
70,12,92,99,27,49,11,94,77,17,625.5899938202954
13,44,19,17,40,48,69,25,94,93,600.8970610152293
46,13,53,35,33,13,62,50,75,33,636.9975861405965
1,38,8,4,80,30,50,32,72,53,289.73623671621266
6,38,12,40,43,70,59,49,31,88,370.1507444197855
58,62,39,3,73,33,20,64,56,71,249.30960072036297
7,98,12,87,82,12,61,85,67,26,356.7075435063174
33,90,98,97,26,5,11,56,60,99,337.93000513459185
89,57,85,85,67,28,34,86,36,99,532.6128203205969
98,32,27,78,81,41,7,33,47,92,255.55417502395608
4,34,59,30,82,44,78,61,98,99,464.01838672334225
61,8,47,1,75,61,71,23,29,12,353.0601409528947
4,15,95,84,88,34,72,83,57,8,298.8983141904143
6,18,74,29,24,72,12,37,41,11,319.1862917561067
22,10,20,49,77,68,88,91,22,14,480.8186416802995
70,79,20,56,98,98,91,85,45,94,437.4517154227199
95,94,37,94,49,9,41,76,16,70,466.790309306093
9,64,10,90,66,82,78,11,29,94,541.1027301566346
15,5,88,38,75,4,19,37,33,64,382.74938986014524
23,30,86,96,96,48,75,94,14,82,575.5255938816032
32,54,85,60,82,3,24,17,57,23,158.7716275581338
79,60,52,93,99,92,69,3,81,74,98.79083752331178
7,72,52,42,95,17,64,62,94,15,465.2102838569311
79,88,26,97,10,41,25,76,78,69,314.451858798009
31,61,95,99,26,27,37,3,62,16,103.51594197881616
9,93,2,98,86,98,93,28,3,63,498.03853938502135
80,12,72,62,69,85,53,98,41,66,301.97535366972727
25,28,7,19,22,45,75,48,56,4,434.6362326846175
70,90,17,36,41,45,20,65,15,82,296.39983917853885
85,12,46,22,89,83,29,95,98,61,269.51119916235507
60,17,47,47,45,27,82,65,71,49,466.92569844746805
45,4,77,96,11,88,60,20,82,84,395.9428521688852
73,48,93,92,50,39,80,28,6,16,259.0446419208091
9,76,8,23,87,60,22,47,76,75,538.1334798466057
64,99,19,13,84,28,68,56,91,61,425.3232641425862
53,90,16,18,27,46,28,89,45,80,355.6091110491582
59,56,3,73,23,56,60,28,15,59,533.880967404719
15,37,62,62,4,93,39,16,33,8,602.8625450364021
17,45,46,0,95,38,62,79,5,79,421.4330856097165
4,87,21,39,1,49,20,35,19,60,307.7978619520976
53,67,4,45,52,75,12,98,25,18,187.11946477216634
78,53,73,96,69,50,38,19,65,2,442.22751791128786
83,91,84,50,24,98,88,88,17,32,355.0986369341773
73,15,50,51,66,51,70,56,94,54,207.69514566350824
15,11,59,29,73,74,14,56,92,58,495.68550006983014
49,42,96,53,65,28,6,11,34,26,646.2719470357285
0,53,48,26,31,67,99,24,81,24,298.792374200552
95,2,29,36,68,5,89,86,5,10,577.1414434091935
43,39,28,95,31,62,64,53,56,43,215.71967569474268
45,80,52,44,64,78,64,23,31,78,290.5830525819533
81,65,91,27,34,29,5,60,4,76,559.6527613041892
42,23,42,89,7,36,50,74,80,42,473.6817685058443
56,45,7,93,77,88,14,53,33,89,225.70884327204786
74,58,12,33,55,70,84,21,3,90,93.25227372391498
19,54,8,19,77,25,74,9,23,84,332.0358054858683
66,19,94,72,78,53,89,90,28,12,480.9035390128754
37,32,6,75,70,69,33,5,68,90,174.64750964036097
11,42,35,18,49,27,54,92,68,10,410.4827471913335
53,91,62,52,51,80,16,70,48,47,419.83953562283165
53,6,63,18,36,16,15,75,45,75,307.2786216167027
15,58,76,47,73,23,88,19,2,12,413.25169600062776
3,70,4,95,98,89,58,93,31,86,182.9157114575227
49,80,30,99,24,21,14,78,75,24,268.91323861694985
90,90,12,14,88,68,8,91,0,32,505.21628612890646
77,5,15,92,21,65,50,24,53,47,253.90161117880837
38,34,44,92,82,23,56,40,58,14,474.07636752162904
44,73,8,29,58,97,19,62,88,64,474.2865701113451
22,6,11,30,64,51,48,57,82,89,450.6043549950491
40,41,9,56,12,46,73,51,3,12,312.23547022546535
72,45,32,71,50,50,9,94,44,64,442.9725850095524
8,16,25,82,91,26,56,15,25,44,303.0976850506744
96,15,81,75,81,8,50,0,50,22,92.56989665543819
1,83,61,32,35,78,70,24,75,32,242.30779420243394
80,49,0,99,28,63,14,56,23,34,349.36468850168194
23,26,9,88,84,94,53,7,17,91,413.651495458567
87,36,74,36,24,40,55,12,51,82,235.19398416584042
27,43,21,80,68,40,72,53,41,9,235.80491594623027
69,96,95,22,21,15,9,76,4,87,445.36155150313186
83,55,56,56,18,71,46,29,18,37,359.643080640547
89,2,23,17,87,80,5,56,10,87,549.8597300203295
86,81,56,89,18,19,63,53,65,96,345.82041668822734
2,13,88,65,39,96,96,9,2,39,368.4653882868388
46,8,22,8,98,5,70,48,43,75,281.10486384744075
99,48,90,15,19,87,69,56,24,40,337.783144154261
48,8,21,82,93,63,89,76,5,28,260.6463624640378
65,20,99,52,13,43,21,71,62,22,391.12918428383085
14,69,13,51,87,35,71,80,54,48,674.5833858483523
88,76,12,34,96,43,61,95,17,47,191.59442872561678
99,49,98,80,87,66,92,2,94,48,501.998450353824
67,38,75,51,75,8,45,83,77,41,277.6958481359957
22,7,59,23,77,52,17,99,99,11,407.48097105651163
21,35,86,95,28,18,43,42,43,36,113.96251743139317
99,30,24,77,52,40,72,70,88,11,316.112843082453
92,32,27,27,49,28,98,52,20,55,458.01199171617634
93,28,18,16,38,87,57,24,29,28,186.7090511266007
94,45,4,7,78,41,4,69,40,38,366.1631134314254
3,90,53,61,80,66,72,26,33,24,-29.922241838597472
4,94,59,50,91,10,37,52,50,5,316.5611638590469
66,16,42,23,84,87,77,37,18,79,428.2448934532113
11,44,67,19,36,16,59,10,48,64,574.6795303905335
79,63,96,63,24,30,82,52,76,57,187.50227041879813
45,7,47,88,72,73,33,16,54,10,593.5381538665297
79,84,44,91,89,33,10,76,5,30,275.22353403748895
90,46,29,57,16,52,90,42,13,69,578.0063085512323
84,52,55,16,77,70,99,60,40,97,485.02693383395336
91,28,34,89,79,72,20,27,85,19,238.99663185853487
11,45,44,22,77,6,64,79,50,92,479.4536483473125
16,55,23,52,92,46,0,88,6,57,233.37435595968566
6,86,67,14,0,68,0,33,40,29,535.71232395786
76,46,75,64,65,37,59,20,78,48,490.56404158332316
92,91,8,38,37,43,22,49,91,23,333.93524187570586
61,85,58,36,76,76,4,12,62,83,285.46339099554723
34,86,70,35,22,98,75,46,8,65,483.0825717647767
58,1,18,26,68,75,25,67,12,92,271.94927098395283
41,87,16,58,54,10,83,42,98,96,590.5723187813287
60,42,82,76,73,71,83,60,27,36,441.9782638163233
80,48,92,13,26,90,89,35,31,90,182.89041917740002
75,18,82,21,3,53,66,62,14,72,615.9560280913443
76,68,73,70,95,9,73,97,55,34,496.985916298372
96,42,50,69,53,5,64,64,32,58,415.02770817925995
41,63,22,72,35,55,5,47,20,77,435.8921837584188
71,81,91,18,50,52,74,6,22,23,222.56346580581695
63,73,35,38,19,72,9,1,71,94,621.8240724661734
29,52,64,77,46,86,83,95,21,83,168.5520590868249
91,47,80,71,73,10,51,22,47,5,219.24367385622583
68,33,20,27,87,12,37,97,72,31,591.1324153261164
36,31,24,43,60,6,51,69,84,1,498.1089702976986
28,65,65,64,4,61,29,53,43,31,560.0785058305758
70,35,91,60,30,34,99,4,72,26,463.29656067554805
44,37,75,21,90,54,28,64,2,66,313.33718238164323
17,5,12,81,88,96,67,32,61,22,159.22157544491628
6,89,58,68,54,69,82,16,0,57,487.8821340787805
65,29,27,27,80,59,59,38,95,10,545.8282522991459
89,50,58,49,57,20,24,16,96,34,424.97051624436165
50,64,47,56,75,5,46,58,23,0,371.27304743758776
82,27,21,97,94,76,31,66,53,4,608.7995789598525
39,70,55,52,48,45,80,34,11,80,478.89250492463066
40,46,51,91,77,85,7,74,66,97,347.89660546132626
44,10,40,78,83,77,48,24,95,54,437.15812328044365
60,10,87,89,28,90,40,14,74,66,241.81041859250232
55,13,92,77,70,10,85,61,8,78,269.817667884943
1,71,26,42,56,63,72,91,28,11,484.53548067241525
31,59,37,58,23,37,29,20,2,30,186.57791483028853
20,34,4,49,61,39,16,13,77,8,555.798710299271
89,90,45,36,22,6,49,3,82,96,538.7355090579109
99,51,14,65,83,65,26,80,91,96,470.9166379794875
45,37,48,6,30,79,43,98,86,84,425.8691144463537
5,21,35,86,48,43,16,70,22,50,542.1839477708129
9,62,71,65,64,71,15,84,21,39,342.91225449762453
35,27,93,49,85,87,94,60,86,33,496.54800529788673
95,91,46,26,40,91,46,80,89,26,584.7264345606027
29,4,1,15,55,97,31,0,71,65,264.5815045643191
73,85,6,81,8,95,39,78,14,32,427.33924609398525
41,82,47,94,62,41,2,20,7,85,326.8288122945024
31,88,0,74,26,42,31,36,69,98,299.24952311450824
19,22,8,61,40,11,82,80,43,18,303.9423654705616
53,80,46,30,34,74,48,94,55,32,416.5140089673127
6,0,15,15,80,6,94,35,98,91,150.83728596527118
18,11,37,6,82,18,16,70,4,8,273.0151827013434
55,76,40,49,58,4,82,44,87,85,303.4986289774615
80,22,99,18,39,5,99,42,14,8,423.8300446146101
71,50,96,73,46,52,78,27,16,3,479.89174715633317
81,83,88,74,8,11,35,46,61,60,127.4956442847174
98,54,50,64,16,96,89,18,63,67,343.6224133573776
10,23,41,5,24,60,76,96,52,15,245.35143463755668
27,24,53,71,89,69,10,98,20,97,183.3234824067236
51,62,10,97,14,66,59,81,82,97,375.77595457334263
74,99,49,2,11,70,29,54,97,45,474.26787795108476
66,19,32,19,79,38,67,7,52,3,418.41615344771566
32,38,68,41,97,8,45,90,69,28,300.76039572651575
94,85,18,96,37,70,30,1,98,58,452.481709089554
84,96,12,8,20,40,17,88,18,97,159.11764727861407
90,40,44,10,30,10,23,95,95,67,548.5085939384843
65,60,30,36,82,76,77,39,12,74,299.08740962468556
24,49,57,4,27,46,49,61,0,21,642.762851875041
17,82,23,26,83,78,60,77,39,20,572.2308474109171
97,85,25,98,48,80,29,71,28,74,538.8412397382416
39,99,63,23,36,37,71,82,62,33,356.7298744841744
72,81,7,12,44,11,86,3,61,39,202.1592857046609
42,83,37,21,58,65,5,47,4,5,278.36442389827937
49,78,66,95,83,69,96,0,63,94,258.0546363152057
85,45,12,39,0,56,35,98,73,54,307.2762782049498
7,19,93,78,61,96,44,12,70,64,489.42735506590293
89,18,25,19,90,61,49,2,63,10,564.0929718752492
28,8,35,65,13,73,58,46,83,76,270.8628230399302
73,88,74,22,2,60,11,63,90,53,544.938297489117
76,90,76,8,7,66,23,74,24,23,253.5222415110693
48,78,65,71,23,44,76,13,63,22,352.0449513506001
10,59,71,87,69,78,94,12,4,83,169.1824734265999
68,77,30,98,52,87,84,55,21,14,381.39433465169554
85,14,33,72,29,65,88,30,18,92,460.33735308328016
53,89,93,79,62,57,90,85,44,32,408.9158460086693
54,86,40,3,92,93,35,4,87,67,403.2823067624998
43,78,64,78,26,61,77,19,99,45,200.02810768075867
21,32,87,31,53,12,17,17,34,35,379.3167700461037
44,6,55,57,32,55,93,14,60,59,602.0766604510068
14,33,65,7,61,64,83,66,79,79,532.2715166332874
98,49,90,8,57,63,9,61,28,21,247.52810704513678
49,77,15,1,54,41,20,37,5,3,536.8958208815744
70,9,98,96,79,22,83,81,24,31,263.0590358727255
53,86,28,0,30,82,32,75,36,22,376.29058525212895
23,69,20,98,13,88,36,63,54,73,721.5468492035259
64,43,73,97,72,5,68,75,71,21,494.7415068037534
44,38,79,60,20,32,37,14,33,59,367.4428501080387
49,56,9,32,34,1,33,13,0,28,344.5620863564368
77,65,30,38,19,82,30,14,88,82,666.7727913591494
86,57,96,15,43,94,19,63,23,6,536.7434720821954
23,14,89,9,23,81,74,93,27,62,517.301326677692
68,74,17,36,18,40,56,44,58,9,258.80095899501964
14,53,14,42,70,97,26,92,18,48,660.883881643796
87,83,77,69,35,22,30,90,87,32,214.411738447427
73,96,43,16,62,2,4,7,80,10,545.7366558017447
98,55,8,34,42,56,12,5,67,95,338.5340296863282
16,39,46,96,32,52,61,31,1,38,413.407200237521
71,89,88,65,52,65,77,85,8,37,268.32463864365
43,91,59,0,52,15,39,7,82,35,265.06311167384126
77,70,90,56,17,56,40,69,12,1,459.171416801537
77,12,55,92,98,56,61,34,37,55,268.39992425405796
71,70,43,31,72,8,51,15,24,39,570.7907440388069
99,9,55,86,93,78,91,92,37,68,403.5715131118151
69,60,29,93,82,28,18,82,68,13,211.1955201894552
46,64,25,22,22,82,49,50,89,11,611.1948911800307
2,31,72,94,80,8,28,91,65,23,127.08677404481057
31,64,10,25,4,81,27,49,41,62,496.8109123735693
60,61,73,95,63,69,64,25,21,66,238.78872063302197
16,10,28,60,88,2,58,66,91,94,512.731265566944
43,35,31,13,57,1,27,91,80,11,316.2262198984272
37,67,11,68,75,2,72,35,15,56,396.8740220001232
87,33,30,70,69,63,7,42,35,38,335.24885383800125
90,21,10,87,51,36,83,8,34,83,429.16327070508703
61,5,81,90,26,20,37,64,4,55,188.94035177598855
71,69,62,71,78,28,0,40,76,57,408.5629612087182
12,15,64,78,23,2,6,81,33,50,348.77709889918003
18,52,27,28,41,93,80,75,62,32,327.47220602419475
9,35,5,91,47,55,56,32,76,39,278.47776131844466
35,13,18,56,23,73,17,49,76,76,315.7404409098807
30,77,64,9,59,57,18,60,15,96,346.7393697440963
59,41,57,2,94,43,10,66,90,18,657.6724469432885
81,94,77,69,52,37,65,14,97,67,340.7837660044666
58,2,46,68,6,29,87,74,38,3,686.3538487436135
46,64,17,51,35,0,89,72,85,4,323.75765818529584
94,48,27,87,51,60,47,91,82,86,428.1497514051537
17,77,25,80,29,60,80,1,45,88,262.50152782507297
26,3,87,95,66,68,41,24,76,49,80.59425110597971
22,27,19,8,54,23,26,13,32,24,319.4168679802901
2,51,46,57,27,63,94,33,19,40,635.311424892986
13,55,14,59,28,93,95,0,35,63,497.84213887959055
73,34,86,92,96,48,93,86,8,8,616.6299433624806
47,79,16,51,63,99,9,56,0,23,287.1302739914811
17,83,17,28,15,36,65,46,1,66,214.41370781176786
0,60,55,42,73,52,18,5,10,97,319.72841374879573
9,33,33,74,46,47,50,54,15,54,501.00619252543873
17,96,96,83,90,94,95,56,57,66,360.24862945128194
31,45,63,39,99,28,0,7,70,1,467.12688914111874
98,32,9,63,18,2,83,50,20,3,303.973368431556
10,63,17,27,98,16,91,15,18,68,414.11981671407835
52,89,53,18,56,44,89,53,54,16,202.1459528634982
83,97,14,80,64,21,74,95,57,26,604.6143447296874
76,63,18,75,66,70,34,10,23,73,339.1209468817809
83,62,23,7,99,74,55,88,10,15,239.6449363225345
60,75,25,59,47,81,54,97,46,41,417.98708648805734
19,31,50,10,64,64,35,91,88,8,442.3516371700815
30,69,54,28,39,68,75,63,87,39,474.68814522262466
9,36,50,31,51,70,66,31,94,94,482.88930662208145
85,50,44,16,20,99,52,1,80,67,370.1360002140968
73,96,57,53,91,31,49,92,67,13,551.3824778580955
50,14,15,56,18,6,58,0,28,19,335.91206223024324
19,38,8,65,78,23,12,7,67,8,419.5102253057946
14,32,54,91,52,73,54,45,82,80,269.3076097217962
57,12,54,58,58,82,67,78,89,42,368.3530271557147
4,71,13,3,19,23,32,23,87,30,598.8639497367046
68,25,73,73,92,21,4,14,70,20,406.3498333386575
49,36,72,79,56,55,86,71,16,54,595.622937935055
27,84,94,59,8,32,57,85,79,47,430.3132382307165
63,0,59,56,31,48,44,69,18,84,503.4438940036803
79,5,71,31,24,20,10,56,36,98,198.81846521234317
27,22,22,50,29,67,93,29,24,10,269.94433760581757
86,13,4,84,76,67,37,99,16,12,374.8034840688339
88,82,9,54,35,86,85,26,56,83,231.28031035809573
71,24,92,8,1,94,91,30,80,28,381.699387867295
46,67,57,98,32,52,69,66,85,49,305.28395822028136
43,91,24,70,95,76,82,0,71,84,139.62022090262067
22,82,0,10,68,26,44,16,84,37,463.6427389539342
14,59,40,5,39,80,75,21,43,72,488.7979076000841
3,47,92,41,57,59,98,47,18,7,152.77719947681373
65,31,59,30,89,10,71,28,99,31,333.5850980181469
22,72,96,26,45,56,88,38,97,13,695.2599249348098
7,91,90,53,42,23,90,94,16,8,659.4482778055698
52,11,70,68,4,48,27,19,10,70,458.8558007122407
94,28,37,7,52,44,98,6,56,11,262.83129909018504
59,56,25,9,43,78,9,49,22,5,366.1435208710606
76,13,66,12,65,47,40,4,31,19,466.855137167005
61,21,78,94,80,19,3,94,0,76,298.1753965081119
30,62,66,69,68,56,60,66,94,58,311.0630910900537
58,75,74,29,91,31,42,48,82,52,272.7147620723171
46,42,24,76,92,80,77,44,10,34,347.91323678053357
77,24,14,9,46,65,45,19,91,0,389.1712824770347
59,13,62,86,84,15,60,85,3,96,481.92961962530654
50,42,44,16,60,77,81,82,37,73,616.576999760246
27,73,59,65,62,96,62,93,48,68,371.0746736861658
4,79,58,35,28,54,86,57,43,79,495.25142219744305
85,47,60,44,83,61,58,47,62,93,482.7671802621226
78,45,41,36,8,17,35,68,17,42,425.91701472215686
70,7,86,26,21,26,58,50,62,21,521.1564541972934
10,63,68,31,68,67,0,0,12,36,380.6398959891839
33,83,92,55,78,16,79,17,75,64,364.7184686582385
86,7,74,37,23,7,73,25,81,12,372.8193849230535
80,83,71,43,22,9,11,21,76,65,380.7363149952824
90,10,81,38,18,44,23,90,7,85,387.1216035724814
73,66,49,0,70,74,34,69,45,46,485.6301245555721
43,53,97,46,47,54,1,2,94,82,420.7019615778161
91,50,41,38,55,32,11,34,24,14,366.20914035499186
7,56,76,2,94,83,54,76,97,29,719.7186627072224
71,2,87,89,81,58,80,54,77,0,324.6793490161276
31,29,3,4,75,1,94,95,17,69,476.22192028546755
0,61,82,90,3,19,39,71,18,12,456.90549448525917
75,4,33,21,3,5,36,56,73,99,590.5072434933955
44,44,58,27,30,29,25,18,31,68,468.0876519855834
29,47,67,21,29,91,60,14,37,30,570.8975540567802
35,74,48,19,24,83,52,75,44,39,320.45560438571454
80,15,12,53,74,99,44,73,55,71,516.7843315693472
51,30,64,32,27,47,99,73,43,74,505.171100883601
40,34,35,37,35,99,31,95,3,92,357.48305214300933
14,13,11,25,68,6,63,80,24,86,227.10033310937246
75,70,82,5,57,98,57,20,86,79,463.47926061324563
51,28,27,87,54,24,78,44,6,34,494.09523012797735
37,27,64,11,77,88,69,75,22,17,217.11025184151947
57,94,79,69,19,62,4,77,51,18,422.5447504607494
6,97,36,49,63,54,24,75,9,22,289.3972808823302
33,8,56,76,52,88,29,36,16,2,396.0696532240135
12,22,2,14,41,9,91,91,98,53,269.8825768158359
36,59,97,52,16,37,63,41,47,98,163.1426038487996
97,49,3,95,81,40,12,60,6,38,159.31027442759407
27,78,36,45,90,30,12,94,11,21,289.9351733849065
52,31,16,75,77,1,51,87,87,63,285.49584333757923
43,47,1,91,50,81,68,17,76,88,411.58660901100274
38,39,67,5,75,34,45,93,1,87,442.56912610996153
31,3,17,73,40,8,75,1,15,3,359.15109998840245
48,78,83,34,18,37,57,67,8,12,153.90175172828756
7,83,36,54,63,10,47,39,22,82,461.3528544643461
72,27,29,85,63,91,27,26,53,1,646.1410813101326
93,3,34,39,44,84,69,27,24,84,271.0665386254087
15,22,79,83,82,73,29,57,58,40,214.59598911345174
18,19,6,80,56,91,65,92,56,80,308.8129426956708
71,0,9,55,9,36,0,25,47,43,247.67228940224075
89,68,70,97,49,89,48,47,16,97,461.4220510699497
24,24,1,56,86,48,20,35,43,33,505.7329309683936
53,83,22,72,62,62,95,61,64,61,212.65634982518304
30,6,37,81,11,73,45,71,53,58,353.1556747220415
21,20,90,3,82,43,64,40,6,21,294.6527444496526
66,2,76,11,62,73,28,46,50,93,410.4308736380612
94,22,66,74,73,58,6,90,88,57,393.2389975583293
84,16,45,8,8,96,65,66,63,47,299.7699174463677
61,71,13,5,55,60,58,39,3,23,364.1447180727695
35,89,57,14,14,79,99,59,94,23,501.92199934323514
80,26,44,15,33,8,58,24,58,47,337.05867929499834
56,17,72,29,42,43,87,85,54,71,648.7557112878105
94,5,37,52,99,79,48,5,61,57,173.73883376772503
33,90,35,79,45,81,37,31,3,1,596.2978148104146
38,8,68,0,39,99,52,20,90,63,489.8930424127146
31,24,10,74,44,24,31,36,85,94,303.70975628293513
76,97,78,77,29,56,22,41,67,42,504.3937448190022
55,28,67,30,13,73,50,13,47,53,207.39181361441132
25,63,15,35,20,67,39,80,29,67,442.83453463215784
78,35,19,12,78,53,93,30,39,48,593.7409268589058
54,22,77,96,10,76,63,29,91,72,143.74119260781018
15,73,8,14,23,29,14,5,20,60,549.9119011843513
71,21,61,77,60,95,89,85,38,9,560.5855654398646
63,54,86,54,88,94,57,64,44,40,375.62777413748245
40,72,12,16,2,55,81,57,54,66,502.8861579596683
12,83,12,66,24,9,45,32,47,52,76.91868597738926
16,43,51,3,89,52,2,23,95,4,285.14837971040254
10,48,92,63,55,17,66,62,71,31,285.00087343858803
79,86,81,14,67,23,41,20,28,30,522.465719536392
44,16,38,67,56,75,34,51,95,46,396.34661111325846
23,80,64,28,60,75,28,47,25,11,519.168778309399
84,13,94,35,16,0,76,2,89,61,581.8625082172159
12,19,44,96,35,28,82,80,50,88,403.23866287577505
97,31,85,40,0,54,80,96,92,17,320.4512668937867
34,45,86,25,96,33,61,54,50,93,377.3997291630636
10,54,10,39,6,91,15,42,81,90,359.1274528757654
8,5,95,31,17,73,6,95,4,50,299.5298500728663
17,11,89,69,53,94,96,12,7,49,332.7004434746319
52,33,47,69,24,9,84,71,17,60,187.8197547355236
87,49,87,88,53,29,1,71,35,92,553.993681876613
74,9,57,24,97,43,11,61,85,39,216.87910874246464
77,27,50,66,89,37,21,7,26,14,267.66252142992425
0,48,85,43,77,38,41,73,18,50,367.178282365648
66,50,36,43,7,62,75,55,39,63,578.2781183163821
38,49,77,1,24,79,78,58,24,58,439.00185788896636
13,44,26,80,88,42,93,6,19,43,739.7994420524501
86,53,87,87,50,14,26,92,48,40,516.4032332862691
6,1,83,84,73,38,56,2,17,72,221.7882156616958
76,24,76,13,20,83,11,18,28,71,433.8936464710426
19,63,9,68,69,69,23,35,22,12,300.39767762316603
32,47,35,28,70,95,78,29,31,81,472.26802508934935
99,45,47,38,78,10,73,14,25,27,521.6801934530961
89,91,40,20,4,49,72,44,12,31,376.9438694157378
66,13,80,99,18,54,98,11,88,18,312.377544641414
99,59,53,39,54,18,3,2,63,62,238.8129764061057
61,56,57,89,72,26,84,35,56,21,498.70676584702915
80,90,29,55,94,85,23,82,19,0,597.3947881892274
96,59,32,99,10,61,47,65,73,31,223.31191005146687
8,6,53,94,21,95,0,94,5,39,607.0891879725687
15,93,77,37,68,5,69,72,91,9,412.9781016870267
42,11,26,77,52,32,4,53,77,94,407.0511034521399
28,57,71,41,21,75,36,55,24,75,495.41200104745997
66,32,57,18,16,8,40,23,60,73,219.07587846145813
8,93,77,49,42,53,51,20,43,86,480.07999634725184
28,53,20,78,46,99,12,36,16,63,392.6320085932019
46,81,84,39,55,77,54,76,96,59,270.63639025483127
74,96,65,58,90,67,11,92,15,78,604.9790491650571
32,28,46,60,21,81,64,15,49,36,633.4337022052007
97,47,98,96,84,96,36,64,24,15,428.6836450290082
22,91,27,86,79,77,59,24,61,57,448.80960667532764
66,99,67,61,3,43,26,5,60,85,380.9589934813752
42,98,54,39,53,95,91,49,2,16,202.29756917956712
28,57,21,10,69,1,90,42,27,69,329.35392891010883
72,41,40,8,72,43,90,58,43,14,479.7365085191676
75,21,47,10,50,49,11,29,48,95,491.529037466476
29,85,38,71,80,12,55,75,89,62,231.29069003276493
2,66,55,46,57,43,47,18,0,64,531.3683678710577
65,38,26,55,67,94,31,98,1,91,372.05548613320735
30,67,41,35,2,91,59,70,56,51,552.2895150931081
95,69,72,93,94,42,17,7,68,1,594.4910569548138
97,14,67,36,85,12,0,25,36,6,401.7309437747487
55,15,71,66,94,30,91,68,50,33,446.56001105449405
74,89,43,21,90,66,12,51,33,99,442.924833321965
58,68,70,70,86,73,54,3,67,76,178.3168659790865
51,50,10,71,52,60,55,57,49,25,343.73450810459696
97,7,76,94,54,91,62,17,92,15,608.6107331481358
12,35,83,83,15,64,74,59,53,91,218.66707958088332
32,59,37,8,87,93,28,91,69,92,124.97911662283877
43,76,41,23,35,79,69,58,47,33,278.5514966612164
92,8,89,34,61,28,60,39,90,57,415.58131835433136
48,40,60,25,81,70,79,31,67,68,239.19015141234092
15,20,18,92,78,26,15,7,40,73,340.29087881392826
55,79,81,53,79,61,84,58,50,67,384.91953983241973
35,28,17,51,18,0,8,57,11,91,256.44601091783454
48,66,63,70,36,87,18,40,34,63,330.0001384415131
1,62,33,47,77,84,65,38,74,73,408.4048655122587
96,43,21,54,94,45,17,57,55,46,572.9708042600425
14,30,79,60,98,18,40,95,12,32,247.10298351254372
0,24,99,87,92,85,93,53,25,50,461.1520615104379
27,71,72,58,8,60,23,42,1,3,624.5580636771122
38,78,7,75,80,28,84,13,23,14,202.55482211145767
99,66,49,99,94,38,28,37,59,84,583.0791798792533
81,8,23,66,63,53,39,1,32,53,439.6058884256063
38,42,26,84,97,20,19,95,55,19,429.18027320743937
30,53,66,61,9,32,79,1,67,31,282.4129291962215
11,6,11,13,18,11,84,75,71,86,252.6415140654344
45,63,38,10,85,50,57,48,75,98,490.41418516646456
56,30,38,12,30,6,8,94,17,74,325.3539797162559
43,38,47,11,90,44,17,61,90,68,261.7113316512755
64,33,8,70,54,24,78,83,61,2,423.58896601798455
40,65,90,37,52,71,87,30,11,82,364.2033575502092
93,78,38,98,87,46,84,66,25,80,573.4053442106696
9,17,25,44,24,63,36,30,45,55,260.7069905505645
76,9,56,47,12,76,25,42,60,91,252.39430097517268
44,20,18,5,23,93,65,45,24,46,262.8900832165492
84,59,70,53,22,71,24,12,85,72,254.44834393285765
52,91,94,40,71,71,49,87,73,64,366.9761124342849
29,27,70,86,32,72,26,49,96,23,291.3344493957509
92,33,76,55,43,67,49,97,95,67,473.56138707464333
77,65,49,66,81,3,10,69,31,80,366.92208459534055
62,75,12,7,17,65,56,13,91,96,60.71235130511741
55,19,31,29,41,11,86,87,51,68,248.62750202530685
23,17,80,70,16,74,24,40,74,53,318.3431651757264
77,97,72,43,52,47,55,53,23,44,470.18352434023126
80,41,38,64,19,40,12,32,14,71,577.8278634567681
9,36,75,31,65,32,14,63,73,94,368.1797249163146
31,92,75,74,94,8,72,25,64,77,526.6273593137686
26,54,47,63,17,80,84,7,58,97,201.11154571570057
6,94,20,45,54,63,83,4,27,11,491.68416730945864
42,31,63,26,8,96,21,75,10,85,228.4950009675399
28,96,94,33,41,34,82,45,40,91,182.42584600475587
0,34,13,85,27,97,15,72,0,49,587.4299776561234
21,38,54,5,81,56,65,82,84,67,212.47586204927663
94,26,80,11,38,81,42,56,68,56,125.131712285297
50,87,69,64,75,5,0,85,69,79,560.2060305404596
29,56,75,42,26,51,38,97,20,57,328.4389058259142
7,8,91,27,51,93,36,32,8,17,684.9568539960562
26,9,9,55,4,68,42,42,67,68,416.4005396048403
90,42,20,57,98,0,2,3,2,48,609.566389608844
14,63,87,46,38,91,27,97,77,51,592.350434771914
10,60,78,74,61,81,25,59,39,66,433.96393445817404
94,92,42,78,29,45,9,37,49,64,507.0443598459949
20,16,21,23,25,77,20,57,12,1,441.91775506472516
62,35,15,16,98,31,36,73,17,70,409.32208529060273
31,53,40,77,93,83,67,88,34,42,402.98010442234886
97,12,74,18,21,20,54,35,31,53,209.54021293854376
9,77,49,86,64,17,37,62,77,53,442.3801775870365
84,51,57,82,68,2,72,68,17,29,196.16708979423882
5,75,3,30,45,19,53,71,15,20,610.6302610715462
85,89,39,41,35,49,80,81,52,6,232.23310717023304
85,13,85,76,49,61,99,14,64,95,455.6831592340429
16,15,66,3,48,61,65,34,24,12,325.3300571492227
40,82,21,15,10,63,57,86,61,7,366.3392537333279
84,48,59,60,79,82,78,54,24,25,549.9921116502904
8,56,5,29,69,33,40,19,66,47,311.55575054700614
64,69,50,54,71,64,16,44,38,3,351.755713983836
58,2,57,39,41,16,50,55,92,51,305.47381290004796
2,55,48,97,34,9,62,0,94,89,218.18260022841196
86,64,86,5,44,69,58,99,17,46,368.74902319152557
43,31,96,67,1,29,7,66,65,53,302.4930591357506
48,78,7,54,64,96,30,0,56,24,306.1587285306508
90,88,27,75,73,87,53,86,40,15,602.6748701677918
17,86,49,24,31,54,85,94,25,9,357.712157336597
72,84,29,55,66,90,68,59,81,40,484.66939903313266
61,41,12,15,74,52,99,45,76,42,413.54529803097455
82,33,44,30,68,70,69,29,60,43,416.95128843963954
39,37,38,91,1,62,30,87,97,66,324.828266858187
2,8,76,15,56,69,99,7,12,38,289.13861767621233
81,1,49,35,93,70,30,68,89,91,379.7134522698037
4,90,9,30,80,58,89,25,4,65,211.68656864871465
70,82,87,83,75,70,26,52,35,78,297.09532237856445
36,74,52,59,83,31,98,94,92,21,393.29467866201315
85,67,5,91,32,77,49,7,12,37,440.7478487030037
53,65,0,88,13,71,51,17,48,81,573.6672414560654
36,21,20,26,31,54,35,24,54,23,347.47363279743433
13,0,88,1,1,87,36,67,77,12,542.504861616069
33,67,67,23,84,65,41,83,23,35,428.1080410971558
3,42,34,94,75,43,69,84,57,94,385.3433746007277
25,95,34,10,20,28,14,66,5,74,359.61399180241847
63,1,83,95,19,58,8,96,19,42,439.46435810904563
97,47,77,9,22,50,40,20,14,75,519.8222806355808
0,77,83,57,54,53,43,2,39,73,413.29230853422314
55,38,37,29,28,56,75,76,4,56,57.91994132747129
84,30,58,88,19,62,20,42,45,2,568.1434645223669
26,83,50,15,73,60,15,54,2,31,283.2589138121385
77,88,46,77,44,12,86,47,82,6,394.29878060579256
18,93,35,53,26,87,96,39,38,75,499.7858173945085
88,64,15,76,97,91,0,80,79,9,432.8234127859665
63,92,35,16,90,87,7,48,12,80,561.2298386366251
48,15,12,63,57,39,44,12,65,3,412.92814571088775
53,19,16,87,60,0,34,10,75,56,503.9726306246662
33,76,73,51,51,29,77,72,75,12,559.2127847180814
45,66,42,10,81,44,71,21,42,40,471.4151688135872
7,91,85,41,59,87,22,47,57,84,413.4785881474634
42,30,59,8,54,53,51,1,43,86,260.632718237036
67,32,49,48,37,5,79,6,70,84,362.35101511863525
11,34,57,89,35,32,11,64,79,93,561.2067694460952
63,2,94,83,24,0,69,49,56,3,506.9389287963469
45,16,48,71,18,36,53,43,11,19,343.3717898447071
50,86,25,89,31,73,24,90,3,71,286.90201464475575
76,24,4,20,95,82,46,36,81,63,581.089302073973
78,52,89,53,60,55,26,17,66,10,560.2564748975337
81,68,93,49,83,2,8,14,93,52,547.1319070251982
60,44,32,47,56,25,15,29,97,54,438.91215406097785
60,84,57,44,27,98,44,12,87,2,652.196687458448
87,81,9,16,30,61,51,37,1,11,473.56210715676434
88,66,32,91,69,50,40,27,65,17,450.4412008127516
92,83,49,69,74,9,92,15,95,54,358.7824699946442
83,32,13,86,47,10,38,67,6,59,488.580735948444
68,63,77,35,41,38,19,65,87,35,327.8733066118316
91,44,73,36,16,49,23,16,60,20,499.50519216955456
55,48,94,17,18,95,60,61,44,55,276.126405935199
13,42,33,12,49,99,79,81,15,75,615.1466511992339
31,74,24,23,81,55,62,37,12,81,321.5180295752827
73,45,1,91,88,47,86,70,13,43,649.5470836309859
31,24,56,0,99,12,44,12,65,62,498.374706683972
78,39,99,85,94,16,72,63,38,43,629.5076685120216
83,56,72,30,15,57,82,75,78,22,411.82273867074156
30,89,65,32,28,63,22,15,12,21,461.30323227440107
48,63,20,27,91,79,87,80,59,75,634.6646832415558
74,31,36,59,37,25,51,29,69,56,195.23394365940192
54,9,69,18,78,25,91,13,83,27,121.08781399405899
23,54,53,57,44,66,4,48,47,34,273.88830222232275
80,17,24,38,61,13,61,15,77,67,547.8185294367335
3,72,68,53,10,21,8,93,64,65,390.51506546312993
66,45,14,82,21,10,66,76,12,58,548.8196721440097
23,53,50,25,16,93,94,42,22,94,424.4080728320423
51,67,71,78,19,77,58,40,22,17,555.2610743630839
19,30,35,58,53,82,15,11,85,86,484.60594177257946
76,62,93,76,61,2,92,69,47,92,356.6254152079668
32,69,95,48,37,0,24,4,19,66,280.5766499203833
94,19,63,17,68,99,77,58,78,34,421.4121051986243
70,17,76,57,96,82,91,39,67,68,554.4671100531776
98,69,67,44,63,13,42,69,78,98,450.2101325194433
90,63,13,79,73,40,4,1,25,77,577.1585006079553
61,62,51,94,59,71,87,18,37,58,483.16547488357935
6,91,92,16,66,71,58,86,1,11,719.9377503680323
48,28,52,38,35,69,48,3,96,13,365.0352447615446
3,18,22,40,48,67,77,52,55,61,290.2420257259251
76,88,23,8,18,53,61,58,39,10,314.455555700935
26,33,59,32,38,30,87,34,19,24,303.06210236488255
51,20,71,26,20,66,40,59,43,59,316.4111611131277
37,73,0,49,91,21,1,98,80,44,327.1729677662702
88,69,15,22,48,1,43,74,50,0,300.77358538441086
16,35,77,67,52,59,73,70,78,98,243.44378613664284
90,72,80,9,37,21,65,39,9,22,511.9709152609619
78,26,35,33,66,94,86,86,96,73,483.0989707664828
89,7,32,79,66,75,2,86,57,41,524.8470969271634
73,77,73,92,1,87,30,53,52,83,272.84698730508256
19,42,91,43,39,59,68,2,13,71,683.0281990747694
40,90,5,62,12,8,16,83,64,21,371.45110847803926
99,30,49,63,28,54,36,33,65,47,322.89473367289906
49,6,95,6,56,50,78,73,20,33,672.8819996254666
16,88,94,73,38,18,54,36,93,97,220.29903207084703
70,20,81,87,53,38,31,68,59,51,332.42359873887403
22,33,32,27,30,21,35,54,6,26,455.5001334659937
72,21,19,1,21,31,69,68,87,67,547.7181834992384
10,45,99,63,32,70,15,8,35,99,490.3984828601776
15,40,45,55,95,33,35,78,79,78,396.05736758207615
69,0,13,11,58,92,75,96,96,91,363.9172952884182
93,95,35,1,70,79,44,3,99,20,618.810855281708
5,42,22,72,93,63,47,55,59,51,419.3725298443442
12,95,79,9,63,86,80,88,36,50,450.3464461681038
43,8,18,57,11,46,91,25,90,95,361.5866342105073
62,76,83,38,12,65,55,83,41,0,222.74661886837592
69,31,42,28,60,88,69,21,2,18,438.1081584220932
52,62,93,50,81,2,19,81,7,25,143.76390691882585
66,3,90,25,99,24,94,17,47,26,194.20712167241757
71,18,50,34,19,7,62,48,80,52,590.8655648380626
77,44,35,44,11,17,7,71,75,36,561.3008836098866
94,51,92,52,96,30,46,78,94,49,454.6974291010109
54,38,34,15,23,70,25,47,16,79,497.24630606008907
44,67,62,79,10,30,75,68,0,87,305.83173835568226
74,88,85,6,43,26,81,73,76,65,384.1367588893247
2,68,85,68,48,15,0,60,17,50,412.7714397058084
6,37,82,80,55,36,24,19,17,28,127.24791290399207
24,25,88,16,66,41,80,92,11,63,419.4572749965659
67,44,52,79,98,2,78,34,1,7,291.40264162627693
92,3,82,44,1,55,0,32,30,74,155.5864697206571
23,45,64,46,59,98,99,30,1,84,693.4638272084131
54,52,43,41,24,58,0,44,23,41,265.50144629292265
89,88,4,43,76,7,45,53,15,56,371.17792273741037
89,46,15,61,93,61,26,18,18,72,263.0851162097821
3,48,2,31,68,12,8,2,21,63,316.6283706586491
58,95,38,4,68,9,85,99,77,85,391.1426240302609
67,74,45,94,68,97,16,68,50,71,220.21750789594958
85,26,63,76,81,16,96,85,27,31,276.0290223579552
73,57,86,2,60,65,71,88,72,88,678.5804615082029
64,95,72,29,98,99,5,57,73,66,485.3098404195888
74,98,13,70,56,34,11,73,93,20,286.50721999024637
26,78,3,60,75,79,21,25,86,94,523.7522909639182
67,22,31,62,2,69,69,25,53,40,360.7789353915746
29,16,13,22,59,30,98,8,73,43,321.77047767177004
59,17,68,76,0,11,28,68,87,23,367.59815314880666
14,27,1,39,79,12,46,84,34,16,415.42712806041135
29,92,60,57,73,31,32,57,25,79,468.3522679842971
34,89,69,4,99,20,70,71,0,85,346.94279629040153
17,51,53,96,51,53,9,26,18,23,329.58647057373867
90,88,85,9,29,47,67,38,93,33,553.666790229099
93,61,69,56,81,84,65,19,59,36,294.11400187830714
33,3,11,17,77,83,73,46,29,91,58.83989177964105
79,12,90,19,2,89,55,4,67,32,419.56212181773117
66,4,37,13,1,3,9,85,27,26,270.7483203354509
89,41,11,66,86,22,67,80,68,9,326.9947329886997
65,5,24,51,85,39,41,51,83,4,165.79631353938805
39,50,20,53,88,6,74,87,98,90,523.4420096050576
18,6,69,37,12,51,57,30,7,29,207.16665500972707
80,26,7,13,63,85,52,38,84,78,272.68792683733693
58,15,17,84,44,24,35,51,63,66,188.18762161657318
72,22,76,80,21,44,91,67,87,25,518.9417092340519
69,26,52,48,3,39,27,79,67,95,418.65279911224474
76,49,83,40,27,74,46,48,17,94,457.61898344249266
46,13,70,63,85,30,41,67,38,8,253.18259081474088
82,26,27,56,88,56,39,23,23,35,549.6116017647896
43,32,25,15,17,94,42,35,58,41,288.49432415911247
46,6,1,74,67,73,57,24,56,5,306.80035619446846
61,88,83,26,34,70,69,59,76,99,297.5772455036351
83,62,88,95,76,57,30,64,17,89,137.5021212897882
9,95,91,26,38,65,62,55,74,12,266.4104538063608
75,89,21,94,71,25,97,95,23,41,444.57959641518335
6,98,34,0,19,5,0,58,0,41,432.6917729661813
33,3,98,86,92,10,28,53,37,13,248.66796894916808
41,9,80,65,52,73,60,16,12,58,336.78236865196124
32,76,81,44,64,95,26,87,93,2,435.4313837046499
58,59,34,63,88,15,54,58,41,33,386.8122229189307
1,65,26,65,63,64,78,81,94,29,538.4024407918494
30,1,8,97,11,10,22,67,15,72,368.3211952343932
74,80,70,78,88,70,86,0,33,52,278.25163210050954
98,87,61,95,97,67,25,60,93,5,247.4970894683195
69,14,27,80,35,59,32,22,17,90,386.11516075333265
54,5,71,9,32,93,35,90,10,85,299.4195158188269
8,35,46,21,80,84,2,42,59,4,236.9365675581641
59,52,8,85,6,92,99,90,79,26,646.180762881753
86,56,89,72,6,64,4,2,50,60,559.2235326831785
88,92,39,64,95,13,43,4,81,79,504.02476081719504
3,50,45,46,25,3,50,44,3,17,358.89715365790045
37,74,66,25,87,46,24,5,36,21,431.238011075122
76,99,5,27,42,81,23,8,87,81,579.226160916226
75,4,44,12,50,81,48,42,28,83,459.5138111748938
57,11,10,75,31,60,19,28,24,53,291.8343851697165
26,30,82,8,98,20,65,34,36,18,179.06995617751286
30,17,11,42,13,70,94,30,74,79,399.6823143047388
51,14,18,13,17,16,63,66,47,57,117.47457588794975
31,55,42,50,29,50,45,25,8,16,312.99842899715793
96,71,56,18,2,8,67,61,15,35,332.9901076020311
33,13,21,70,73,37,87,39,76,95,298.3171546899291
49,22,91,59,61,23,35,29,83,30,415.5729757057309
48,51,98,55,4,89,56,39,32,88,592.656234398027
25,35,24,48,41,58,63,62,50,29,231.85532791293673
9,91,62,0,70,49,36,64,13,20,402.8805096707274
90,97,19,65,15,67,73,33,59,27,466.2074679533702
28,61,73,32,9,44,72,85,22,75,256.9293244417496
21,58,76,38,85,69,82,17,87,82,220.79644332871345
64,18,2,50,98,24,68,60,6,19,332.32690816387975
15,76,99,3,7,23,91,49,12,62,541.7543246843848
67,85,98,1,27,43,15,47,2,18,526.7271562542194
21,84,67,85,93,97,39,11,69,55,442.70627326558895
13,74,75,58,44,79,28,49,79,31,423.3191092213847
91,80,64,73,98,90,12,51,98,30,226.75024204666008
0,41,92,68,63,44,83,33,99,9,551.0479979385162
29,97,24,11,26,56,41,6,4,86,126.77941782696712
1,14,34,37,70,48,22,3,28,42,396.88820993232065
71,67,39,42,61,15,61,92,85,29,291.1968912457877
29,69,81,0,16,93,97,59,8,86,378.7252028666229
48,14,3,37,51,85,60,65,70,54,407.24638138174896
39,60,6,99,8,12,71,74,86,67,124.83489374261814
38,59,90,10,23,91,42,67,54,41,489.8252753137606
24,36,66,84,54,35,21,8,60,95,464.50992605004797
29,25,61,47,12,44,45,31,23,75,441.9787767297044
65,83,25,13,57,18,37,3,26,76,133.88222738831718
80,35,31,63,63,50,11,9,68,79,289.6040197087186
77,23,57,2,92,56,42,77,35,45,520.1438199677909
60,22,66,29,17,6,36,39,15,65,335.90078651138106
14,90,2,72,45,37,17,36,13,75,468.44225009318114
93,77,45,96,3,19,90,18,87,61,427.59167145931326
53,61,60,1,48,63,69,61,78,31,353.937794430822
45,16,15,2,7,92,98,68,47,94,332.11472834551444
56,47,84,93,55,30,58,21,32,8,238.5352788489497
54,84,79,51,78,75,66,28,80,40,355.64933414152557
85,86,39,64,57,7,3,19,60,87,411.8454717886141
74,57,95,27,62,99,68,20,60,87,423.9896748479694
97,89,39,57,85,87,92,27,8,12,327.4451918816317
33,25,40,24,49,10,28,28,80,21,300.4129739260665
59,80,60,8,99,55,52,60,58,15,155.65304498422233
10,64,92,0,60,65,5,33,6,35,417.97995315403875
36,31,85,64,48,38,83,38,21,67,411.2853344796391
81,78,34,64,83,71,60,55,65,97,594.5666774120211
22,81,83,32,30,0,70,54,28,41,281.26753410403506
61,17,1,4,11,42,88,85,89,56,569.2867369270067
46,68,96,27,52,83,14,44,52,89,329.728931825639
68,97,97,33,74,51,21,4,56,45,210.3553394461064
25,40,5,47,47,82,37,94,66,6,642.5677396122808
9,54,63,86,83,75,25,14,45,99,422.0309413559789
4,50,29,4,38,50,81,24,73,90,263.9128021214277
18,7,62,50,76,36,27,15,55,89,321.1940309116887
53,7,5,66,99,63,29,44,27,37,269.7344169462274
33,44,67,32,86,52,40,1,44,22,204.53833778773577
53,14,56,66,86,32,16,77,25,7,253.33522049215924
33,72,46,94,81,57,16,98,7,71,294.7681521484993
21,47,92,7,93,64,90,4,65,25,329.80769745465875
67,7,2,42,69,53,53,70,73,14,315.6900426153792
69,0,56,57,48,42,31,52,23,52,542.7439294960507
58,40,64,1,19,43,34,42,27,73,471.28460690773124
25,67,16,91,88,55,96,73,59,14,580.790531415355
28,21,42,13,4,55,13,47,47,89,305.51389521167533
45,89,75,42,60,34,59,69,25,80,510.16684822758174
48,10,22,52,63,86,13,65,99,60,277.2443978044509
30,45,92,6,31,45,19,39,31,46,428.87967664973837
51,38,14,95,11,12,13,4,97,73,431.5796452163981
20,28,17,13,65,66,89,83,3,79,401.2781171289349
52,20,96,1,51,73,54,50,12,34,523.874737299114
23,46,32,9,86,31,83,47,93,15,505.6238570887456
40,88,23,34,83,72,56,84,26,38,527.7909645421115
10,24,45,31,55,4,22,9,89,62,427.3192720828153
47,79,37,89,98,95,9,23,17,38,212.57191363746247
35,65,61,37,45,78,7,19,24,39,486.086329490842
84,29,10,66,5,84,41,26,58,63,373.6398489927633
72,99,38,46,51,91,66,7,11,40,635.7703342130653
86,65,68,89,35,91,37,99,55,80,612.43006049916
5,0,49,60,30,74,21,26,48,57,469.087659961505
90,78,37,14,22,25,90,26,22,62,442.3112018265488
79,57,11,15,92,63,95,60,94,38,247.172373291167
71,28,58,64,57,17,49,61,95,57,417.8010084586995
89,36,26,84,51,85,50,22,65,17,589.6751276164035
87,71,13,41,13,97,14,59,37,81,394.62575334980414
46,92,57,74,78,48,51,63,71,5,476.48372684483894
3,57,37,42,95,15,99,1,89,87,183.8181765995664
69,45,48,32,7,7,48,93,53,66,514.594562906468
15,35,11,42,78,61,16,16,56,89,347.0746879521565
24,30,10,67,56,6,23,64,24,26,417.62383823250013
39,27,14,74,78,76,78,74,77,2,568.7480771849217
18,88,39,80,37,54,82,74,54,42,439.26793031282415
82,41,38,66,14,65,2,61,4,34,453.69389457220245
15,93,36,9,37,48,30,70,33,0,476.58844912128563
58,93,23,44,11,91,29,80,94,86,347.0264735804583
89,42,6,19,71,92,75,66,64,16,309.5176069097323
21,87,28,30,56,72,97,6,58,27,394.708229733447
2,4,74,38,76,57,7,31,1,56,409.25320617771206
31,61,13,89,79,15,35,19,2,45,274.49039975183337
46,89,87,91,42,88,47,80,49,38,329.1950400697707
8,60,87,16,76,37,42,75,43,4,212.20363594581434
77,52,60,11,88,92,41,71,94,73,408.2756071242852
13,25,47,84,98,43,80,29,43,52,450.9104008956842
90,50,24,43,25,24,5,10,4,78,282.3721124567473
93,37,24,0,32,30,57,17,90,8,395.78999867078113
99,56,87,31,26,17,41,61,13,38,242.8097243161163
19,37,63,50,48,38,85,44,62,86,293.40123721897567
43,22,84,86,1,95,52,32,46,49,216.91605805869006
19,64,63,82,17,14,51,10,11,28,434.05786104930354
56,2,4,7,0,61,5,78,18,98,423.71519327433845
74,91,75,41,83,8,93,70,10,71,334.7284975963233
45,47,83,55,69,2,12,94,1,62,363.8764326703603
30,40,74,34,30,79,13,1,48,67,276.0437696435619
11,94,57,64,75,70,20,15,72,79,676.2254072481744
88,31,79,28,19,87,11,68,88,35,329.9299809660803
35,20,54,3,98,28,39,82,60,74,284.39709319119777
9,40,37,84,52,99,41,77,53,20,257.33002718836065
85,57,31,18,54,33,5,73,81,98,447.385918116043
7,8,17,1,50,81,11,39,33,66,560.4128614664402
53,17,98,59,64,81,35,5,72,78,527.4592742103493
83,12,33,96,79,46,85,38,82,0,274.8414178417602
8,75,63,58,71,26,17,78,59,91,223.42686675319837
94,36,86,50,36,41,16,71,96,59,483.5244492687318
67,22,30,57,35,82,71,5,39,53,396.3191257103245
9,89,78,12,56,18,7,34,99,49,249.5863726274195
78,8,7,42,66,35,73,81,29,77,229.5609593766487
99,32,26,38,41,47,8,8,10,61,359.3613288274163
66,26,8,19,56,34,21,89,31,71,304.3079421776122
51,34,2,19,17,37,29,82,4,57,273.1283421212914
85,61,75,34,95,11,92,3,24,39,273.80454256535177
73,54,91,76,6,68,17,43,58,85,434.5783813054397
7,95,88,84,17,92,89,81,21,96,303.28219566348065
58,21,38,11,96,4,62,39,63,53,407.09309800504855
0,95,31,61,41,78,56,39,34,0,311.4036374893816
18,0,68,7,56,61,23,21,2,46,367.6051106216765
96,84,29,61,97,98,21,75,79,42,458.4038476943421
93,69,28,75,30,45,12,86,74,31,321.55024232241
49,54,36,0,10,12,78,84,86,86,217.86260320640767
50,12,46,15,78,57,77,59,66,9,480.4679178580513
98,5,4,32,43,83,38,11,26,20,334.2483088659025
80,81,54,40,76,74,65,65,33,37,151.50486871783022
8,74,26,44,92,84,31,10,22,30,382.10024771730747
37,28,88,16,15,10,8,35,20,61,327.47563188622104
90,43,16,74,63,50,50,57,50,43,478.3350552367647
58,95,82,72,69,36,61,91,53,34,185.1241459365446
86,64,21,35,31,2,63,38,78,98,524.3582903228216
0,92,86,82,42,19,42,26,1,25,541.9911549200748
57,97,62,53,27,31,73,36,19,31,502.6821263197511
81,61,74,63,9,45,62,71,25,82,286.5709219349162
49,12,28,57,71,44,54,49,22,40,242.47603652514525
71,22,4,96,68,54,0,89,88,73,249.87274561718002
47,65,39,27,41,3,9,66,99,37,309.00506578772564
23,68,77,44,31,95,42,37,20,22,444.7396213222266
83,35,78,28,55,3,13,58,51,0,258.91333960035024
17,26,64,35,94,78,56,70,32,99,578.8225862815339
1,68,85,34,40,7,4,84,24,45,442.3808175329262
57,78,98,42,86,56,37,97,5,85,306.8365345171717
42,36,49,7,68,91,28,52,92,27,305.28542853441104
77,25,47,85,38,69,54,54,82,7,281.5175506486965
17,53,3,55,49,51,35,70,39,74,366.0774055581716
76,94,62,15,5,24,36,24,17,28,349.0174701488902
96,5,96,71,27,54,78,94,91,39,471.5196428611987
71,86,34,10,90,94,78,71,25,41,600.0214978179624
18,49,73,27,38,38,85,90,90,2,473.4644487389994
14,49,52,81,75,20,44,84,45,3,457.6261033514295
33,87,1,37,65,60,57,95,99,27,244.78665913587918
40,97,9,82,56,15,87,85,83,21,271.24760344199404
57,54,48,45,57,93,74,77,52,48,275.2113078380646
79,16,95,12,79,1,62,6,86,69,402.82669886146397
30,80,35,73,98,36,68,41,5,18,266.86872736477244
39,30,94,33,66,6,15,60,40,23,275.49889177853765
84,2,51,71,45,52,5,86,23,34,695.7268914460254
84,65,96,98,17,0,30,20,7,81,388.51150255679187
29,29,83,9,23,5,32,76,20,20,414.01330017382935
79,2,98,4,38,18,65,83,96,38,329.2757397929694
10,80,41,72,53,86,55,5,97,12,215.54727680926013
18,63,48,52,75,62,27,84,80,69,598.8743370020467
83,19,67,68,42,40,81,28,80,12,595.4173600223407
69,91,18,74,65,27,91,93,0,47,311.0944637014185
94,33,30,12,65,50,82,76,93,99,283.0296507515001
75,70,24,58,8,19,2,74,60,65,380.94025098293326
44,25,19,46,90,8,36,75,39,65,411.03667290801934
15,95,43,15,89,95,73,4,58,60,286.2005456055268
3,94,7,19,4,31,16,35,73,26,341.74754507732507
96,96,66,44,94,89,7,25,23,18,643.6365185485168
45,71,66,31,12,48,94,7,40,37,490.90424758735344
27,35,52,84,98,83,53,0,11,32,210.5066130356963
66,75,19,46,53,16,70,35,70,91,223.2634891166324
38,29,55,14,73,33,68,3,84,5,605.1265124503524
24,68,82,72,65,40,75,42,69,20,483.07758287048443
79,73,68,58,12,85,25,49,79,56,428.0362345988398
12,76,90,39,87,18,3,54,89,77,348.64749204339114
43,9,33,65,32,5,28,10,82,26,315.12708083533886
34,86,85,21,65,98,22,72,95,17,583.5550338219789
63,2,14,74,3,76,42,4,56,1,691.1887668413702
95,2,0,19,99,14,41,25,32,25,581.645348318773
5,33,91,6,27,71,78,19,52,80,658.420904149267
79,85,23,29,87,12,45,0,47,78,310.18174786274517
65,29,91,31,77,6,87,83,55,74,648.8709235799032
57,60,99,90,93,5,26,47,64,71,298.7036670726351
69,24,19,68,34,95,53,33,52,94,516.067525013966
15,34,26,96,52,31,9,55,50,96,395.25450873290947
30,60,73,6,68,23,55,87,38,68,372.49295472750083
92,76,2,92,77,46,5,49,7,14,286.950049245502
16,29,90,68,35,18,70,42,52,9,309.0315715262168
89,42,26,52,27,42,2,19,10,29,522.2024682453878
22,57,44,0,33,21,59,49,29,50,551.4821655877706
95,41,21,41,10,22,30,96,54,81,404.5791149483206
30,82,43,1,78,96,55,50,59,79,557.833569425778
8,84,24,25,59,54,56,32,67,95,352.5291217171265
7,18,57,13,24,61,42,37,50,16,325.104301544707
35,6,99,52,6,34,25,6,28,7,452.6829472372806
26,96,68,46,29,14,22,65,60,34,612.2227939106783
37,39,83,93,68,25,68,7,42,33,334.8293718090334
31,86,71,65,65,66,89,79,62,74,216.83778564889897
59,4,86,40,31,3,54,69,30,73,315.2972045578487
88,77,46,77,75,88,7,55,83,35,348.1995308339776
57,27,57,79,94,23,66,97,24,37,600.154085791297
92,76,39,16,29,87,36,81,68,12,307.68538324602866
91,19,25,59,19,34,86,61,79,13,319.8341240640067
82,74,18,9,79,24,27,61,18,76,394.5972296941585
13,94,37,8,54,67,33,40,43,72,319.4590228044021
41,56,42,16,29,6,28,24,90,75,564.5562574893763
79,2,12,27,6,49,0,41,8,79,546.282530896859
41,29,98,63,7,92,10,22,16,37,477.61023669875135
24,72,76,82,0,92,96,63,73,25,529.1049723770047
77,17,62,38,12,14,81,67,12,40,490.9010945631573
85,49,33,58,96,9,31,80,56,74,523.5239153746156
76,65,69,27,84,52,50,1,79,97,371.5538378825988
96,68,11,64,39,43,93,47,52,10,569.5781324665169
54,80,18,30,19,58,50,70,85,68,316.1855439928606
83,94,96,74,93,61,58,94,50,21,546.2059125720821
13,28,35,35,61,71,6,8,81,1,649.0664959611024
71,2,60,3,89,85,59,10,32,92,350.3940210137438
0,64,66,73,45,12,0,44,59,75,478.1022782759759
17,81,20,47,42,95,37,67,37,24,445.28986626807705
26,12,84,18,98,2,5,64,33,62,398.2821413986762
97,46,79,14,32,84,20,53,4,94,421.63889449404604
63,72,53,27,44,40,91,40,9,46,449.614954012472
34,43,2,48,68,41,22,27,0,19,232.96144934071424
12,12,9,70,53,30,27,66,43,48,256.46811097800526
63,87,20,51,83,24,56,40,22,84,503.73464108943995
92,35,33,9,70,22,73,89,88,31,390.2581665819026
40,82,33,46,80,90,86,11,94,76,344.0112208306906
91,26,92,77,15,90,62,83,80,94,235.41353155060904
28,19,42,1,5,85,83,70,79,90,273.0478867787458
17,5,0,15,95,68,25,81,47,30,177.23198655667633
9,48,16,48,27,83,87,71,88,64,594.9810097930178
95,39,64,31,95,79,71,29,35,36,510.2360900052431
72,12,0,51,1,94,58,50,2,12,271.25529984518806
79,83,66,46,81,29,21,64,75,32,320.69034656686665
92,95,9,39,98,93,55,32,11,37,347.89236772807425
26,80,78,34,48,47,99,2,19,81,548.5504052993613
38,6,50,89,62,7,91,87,11,14,562.2410389229583
73,52,59,40,32,54,31,95,39,4,505.96252237239986
87,27,33,6,83,19,30,6,64,44,623.659928958121
96,86,73,15,74,29,50,69,62,86,435.1121200221987
61,89,21,65,57,61,65,37,98,97,308.7284919847863
89,98,78,80,80,61,33,76,12,3,217.76559468758256
75,17,31,8,5,62,6,92,63,26,475.84172297721034
63,2,47,26,42,89,53,72,2,59,688.7102852272697
30,79,3,54,35,24,81,3,46,93,421.59327419520645
84,63,91,9,51,30,45,97,51,44,596.3278236060131
40,48,64,69,69,31,20,60,15,43,315.7105295233595
51,14,75,83,22,8,61,52,53,57,370.63084541126983
31,23,2,48,28,61,47,35,64,2,396.63269075401445
83,54,0,20,98,47,88,61,16,59,471.71658012344517
69,48,59,19,20,95,10,1,98,24,322.7106783183766
70,28,28,31,91,76,73,89,73,58,381.5322870864761
40,55,22,66,15,84,78,20,52,20,248.83962552461884
31,36,94,7,47,70,3,14,9,74,505.21620941910925
63,90,41,60,36,44,71,25,46,62,548.5454400846428
74,18,39,51,13,26,88,15,77,41,452.3565315528661
91,16,4,6,15,28,7,33,17,49,349.7699966978289
43,22,78,92,11,50,79,38,1,25,578.7406596285809
76,29,2,52,72,73,75,73,73,72,505.44406414191485
53,74,0,13,55,86,23,66,67,89,187.0409503258059
30,8,72,43,67,83,6,48,41,30,539.7342106523456
75,52,59,29,41,80,14,73,9,45,407.82436987536437
29,95,35,10,84,68,80,81,95,55,440.6241005009316
26,88,27,90,56,37,39,43,32,41,517.1699764483782
33,11,32,14,35,5,10,64,97,38,361.23598785931574
23,73,56,73,75,40,67,22,73,67,536.7656652851604
98,0,72,46,2,24,79,58,59,52,623.7003252143205
43,23,90,35,51,47,36,4,81,96,691.3743219357184
28,65,41,6,74,80,71,10,38,80,416.21316815809365
39,37,69,68,44,47,80,48,4,91,264.0568971404468
4,58,63,78,95,26,3,89,40,56,209.3346260108314
39,22,93,94,96,56,38,79,23,10,337.4676841978907
92,82,56,58,75,49,96,13,27,82,357.4411457509703
79,41,95,51,90,69,77,93,56,27,265.934629610248
45,63,54,22,96,76,2,81,50,75,354.3710283544947
92,24,62,5,49,95,0,50,46,72,422.8178381402995
58,72,81,29,98,49,21,11,16,16,512.2888453700466
58,72,91,62,62,44,57,33,29,85,422.78915508524216
11,66,13,59,82,16,4,3,62,57,376.9094323247218
38,73,39,61,71,6,66,49,14,65,388.60129507118285
46,8,53,3,84,31,46,0,38,61,269.90548827827325
43,26,59,79,78,21,99,74,89,74,269.8510292249698
33,43,12,50,95,34,62,85,58,89,228.0365878083299
95,94,87,48,7,54,20,69,32,90,388.45281600987676
2,83,13,46,90,13,21,83,64,49,342.1576948104459
6,65,90,23,64,7,1,90,37,65,468.1469146300011
21,25,96,82,53,58,60,18,90,60,282.918365966133
89,26,87,58,61,83,5,34,0,81,435.947159949426
13,60,6,5,74,58,74,52,42,22,446.1822286615592
71,55,7,37,17,15,52,20,91,89,95.63750486653367
85,20,90,40,10,41,37,99,41,74,194.00728581590425
64,27,34,56,92,84,65,24,37,40,300.8910346633346
36,37,85,98,68,81,38,10,73,12,310.9207127740269
6,60,4,18,37,40,71,13,2,63,229.42991103158212
52,81,7,73,92,45,95,61,90,38,125.58003046575334
99,29,75,77,32,18,48,17,36,23,148.1966805099673
11,85,78,7,62,25,34,1,72,97,545.7380294736176
96,57,91,91,74,17,85,33,38,59,466.0489945985794
45,30,69,92,61,68,62,42,23,13,353.6604499871739
2,63,65,62,68,34,28,75,47,65,229.7545846197055
9,37,51,0,53,49,31,4,98,5,372.63319549988006
62,86,57,91,65,96,12,89,2,0,251.55954678237737
76,65,73,35,57,45,24,64,32,78,318.3858875424102
72,84,61,59,88,19,48,28,27,45,564.9643187555258
40,67,84,82,70,74,90,45,98,43,447.7505625719099
72,99,50,97,38,78,41,21,1,21,448.4070868509748
93,41,12,34,50,9,43,41,64,91,312.9600988566644
16,59,7,45,76,95,32,33,81,97,148.1194724645244
1,58,99,78,85,71,35,56,81,38,250.1841325240954
40,79,74,9,46,86,10,48,35,26,434.11807303683304
23,56,85,37,58,92,81,24,72,78,424.50277701344925
94,16,8,50,84,82,95,84,14,24,509.32504595265794
42,0,49,21,12,1,32,32,55,23,346.8758399845085
53,91,23,32,10,36,23,76,29,58,146.568871571024
15,11,0,0,68,16,55,72,59,56,473.58526756259914
54,90,20,32,97,42,23,70,55,20,541.559187024701
86,42,41,65,2,62,98,87,36,17,700.2689403406141
64,89,17,65,62,5,28,57,32,53,354.54448850696923
37,70,72,45,53,4,77,67,34,36,555.0981374465077
90,71,63,91,8,23,64,76,25,20,525.7661762277222
87,80,0,14,63,68,69,32,96,14,416.1184355237298
67,23,41,85,97,28,52,53,7,7,251.17029785250307
61,94,99,83,93,3,12,92,23,84,516.2050078839129
2,87,25,64,74,94,64,98,35,86,373.4393501692931
16,18,76,20,50,32,68,1,87,80,507.96563364510155
71,9,13,1,49,59,42,34,15,20,441.1290912867042
83,28,88,94,93,22,38,39,31,28,466.3336792749162
99,60,56,9,49,34,25,68,59,81,285.9060467297553
41,5,73,8,36,58,31,66,18,25,272.626326197122
59,97,68,46,11,64,62,79,2,91,428.9578920657752
62,65,62,46,15,19,45,75,46,79,369.52686032335924
99,55,25,89,4,9,57,5,46,60,319.5929817121561
58,85,53,64,96,35,53,13,82,71,544.7195183908341
5,70,84,58,61,46,70,11,63,80,638.6803260434433
15,2,51,37,6,50,90,57,54,59,562.259616270773
41,6,95,71,0,43,79,92,44,13,472.37271663428476
15,41,41,78,21,5,61,33,48,83,481.9400929029743
74,28,94,74,64,53,96,18,22,25,514.3386794089332
68,71,94,80,29,81,95,98,27,99,422.73176892450675
31,51,17,70,31,30,93,65,88,92,273.8714055122889
54,0,79,42,73,49,95,8,2,62,353.80740973863215
31,16,78,95,90,89,26,14,90,12,299.9936602397456
68,27,4,10,30,32,76,6,58,61,355.9343850731401
39,68,27,58,11,4,96,3,48,33,538.9072144265143
58,66,28,70,41,40,25,37,38,6,380.06363569797475
91,41,18,17,95,57,44,39,11,25,535.0263487387969
33,10,4,15,15,15,42,24,11,71,330.76689459135537
66,53,15,40,16,60,20,66,31,46,274.38841550616297
32,4,20,78,8,3,4,23,23,32,487.7770932219549
94,77,1,23,2,81,12,0,59,38,457.3998793164631
74,45,17,44,47,74,69,69,83,95,457.30581545465213
88,91,76,64,99,47,51,99,55,36,580.5768496755182
57,86,98,84,0,29,51,16,54,43,598.535627694059
20,11,86,27,60,16,74,5,17,71,607.5013476489181
8,24,34,94,64,10,37,41,15,14,589.086392575752
63,66,98,69,12,22,58,94,8,11,495.72255514963194
95,62,58,27,27,9,22,83,73,4,585.0841591848215
94,19,74,5,79,48,4,29,48,92,357.5059025239411
88,56,68,80,8,35,64,11,26,41,599.0820256280566
96,41,88,79,88,86,93,73,46,19,526.0193624341365
71,94,5,96,43,96,69,28,2,35,444.4453809453951
79,74,26,31,59,27,85,49,45,96,410.10125745091227
93,59,5,11,86,24,12,62,23,84,228.42516871314328
53,51,16,42,27,92,10,43,89,27,590.8012770286794
13,63,66,41,37,27,52,1,7,42,538.1076550309666
43,59,81,60,26,73,41,69,74,84,195.10880600043762
46,86,92,34,43,10,97,62,5,14,443.5131282882502
69,9,29,72,82,82,59,11,3,54,652.7080830989539
72,93,2,20,12,14,61,44,42,37,307.7812298544984
79,52,40,18,50,93,75,99,38,14,303.60528803270415
41,22,25,45,67,9,67,75,95,86,133.84639207813214
35,57,66,49,86,49,72,0,48,89,299.3629415712102
34,19,47,33,77,25,21,19,14,91,214.02182314265298
73,40,79,96,72,17,35,26,15,2,419.5434216797666
46,61,90,51,7,24,62,33,1,99,447.2395700397168
70,33,22,42,0,73,60,13,86,29,280.9406872758927
55,62,9,0,4,54,44,26,18,90,207.4478918996047
93,6,48,7,73,68,98,78,91,72,300.9969713237378
69,32,50,25,62,14,24,7,46,16,262.38577268491775
25,79,58,10,1,32,82,21,34,4,441.52755252130237
23,36,8,24,57,98,39,41,32,47,460.84627984957467
48,96,0,47,10,0,42,31,55,48,651.0156120376921
34,34,48,77,5,51,3,53,97,89,298.27503113685316
84,28,40,16,68,20,35,66,27,42,351.39348172700846
47,11,84,40,86,78,68,79,30,33,461.8882616447081
77,17,34,76,40,40,78,22,81,18,554.0072784578017
61,21,16,2,20,72,10,30,39,81,465.70895190401575
95,17,61,25,44,8,82,65,89,33,329.0317647282362
16,38,88,91,59,99,50,79,90,92,298.247477826325
20,86,32,8,70,55,34,61,44,94,364.4031732905568
60,3,76,34,3,31,15,57,6,66,273.70510545862487
15,0,51,5,23,18,55,56,62,80,324.1674098917324
19,74,21,6,20,34,17,65,97,73,251.85321897014703
40,30,75,93,43,31,54,79,27,72,98.77139492257083
55,50,83,58,49,19,11,31,29,48,387.77131226047436
31,42,88,96,0,79,69,17,59,98,380.14044252697545
34,82,63,25,51,89,36,91,41,0,356.5206157097741
16,11,29,88,43,56,46,47,76,87,458.0079915674148
79,13,89,68,19,75,66,23,97,51,448.61164877709257
33,34,92,53,4,32,72,88,53,62,533.0005064740175
87,1,86,47,16,43,27,94,3,8,589.8664303201493
97,5,14,24,4,67,82,20,84,40,323.19942916694913
1,81,61,19,43,43,12,13,76,68,300.4484925264293
18,0,59,97,21,12,63,71,7,65,440.4941712416068
91,47,40,58,47,56,60,47,62,1,548.1852934595
98,35,98,92,76,90,81,62,83,45,159.98630021520205
78,66,93,18,71,8,63,90,96,93,326.90282195474595
39,9,56,22,92,44,57,95,80,22,182.82405232050968
60,53,55,90,37,24,32,55,17,9,462.8244880426362
75,18,49,47,13,87,64,52,13,25,633.33020358342
52,10,7,98,90,26,0,29,70,4,310.7074703291791
83,5,59,42,69,34,69,14,35,23,186.03896729561228
50,89,19,57,21,31,52,48,93,15,492.11032717825736
80,46,37,48,99,39,97,67,22,38,267.7469201567283
4,19,66,77,35,4,89,29,77,14,425.22973813147814
53,86,93,58,47,38,6,91,65,51,449.99271798417396
53,62,41,26,81,62,42,28,73,33,380.10398279251297
16,26,70,92,32,39,86,35,93,55,136.13205330585637
56,40,20,64,31,71,63,0,64,10,392.40119613308207
6,68,26,85,97,24,3,61,41,63,456.13300355582066
74,51,78,50,27,50,45,88,46,5,441.51235584507253
7,22,29,78,3,12,50,52,70,14,555.6843711450177
35,98,69,85,16,8,89,96,44,29,398.25143334695514
93,77,47,63,69,78,81,47,52,26,321.77099470615667
46,36,18,40,23,18,18,76,32,7,5.3606529915675765
4,20,59,69,69,16,51,61,23,80,290.8735379562553
60,71,58,52,72,84,24,23,27,35,380.9777178329426
99,30,51,43,4,90,40,54,45,58,374.52392729655793
54,88,10,54,88,37,89,25,70,44,524.5921755530853
49,61,69,53,96,9,66,42,72,27,527.0009603700918
97,21,26,76,7,90,67,80,16,52,546.9342205203114
6,72,86,90,73,30,78,45,11,41,639.7487882432322
61,92,68,85,52,61,80,70,88,72,466.8086466407216
30,73,8,32,58,94,90,43,18,33,528.1977760250429
76,12,11,72,44,57,0,5,43,93,379.82602546783
86,58,91,52,61,38,41,62,53,32,459.56102300374175
67,76,45,18,58,39,32,84,16,90,331.79871167499135
83,26,20,33,46,27,72,25,26,69,420.75217936560176
85,91,54,35,80,25,55,59,32,74,196.94210409176773
27,93,85,25,29,39,57,39,46,41,310.6306523722905
86,55,4,78,25,92,14,71,35,23,443.05650039106564
94,95,90,61,17,98,70,56,3,1,381.06091372383696
9,80,2,26,80,7,14,10,79,39,86.21790327416306
32,60,84,34,12,22,73,23,39,57,249.08941905345918
8,14,58,70,99,68,2,34,74,73,117.88699884954303
94,49,2,58,58,29,50,80,82,25,640.3281179685855
37,0,19,8,68,21,22,70,99,83,279.27871049183636
63,31,56,44,38,8,74,54,78,10,280.9350059105823
25,94,48,40,4,28,9,51,19,30,515.5808692189711
14,16,92,63,63,0,10,69,85,87,368.23243645843996
91,79,17,97,56,26,3,36,69,60,256.899242204892
57,10,13,80,78,45,87,93,66,64,386.806125828851
58,60,9,93,70,59,97,83,47,2,233.0246639980799
69,15,97,12,91,18,38,79,49,76,270.57959126861834
36,98,30,77,38,37,79,84,67,82,299.18121958130996
64,92,99,41,84,69,23,51,9,15,371.72419934081705
16,3,19,72,57,91,73,48,85,93,317.968857579003
26,18,63,74,22,86,13,77,34,52,688.7385378446528
10,56,29,8,37,64,81,69,70,23,277.53228429211305
67,9,14,3,59,46,70,55,99,0,262.6197521433816
84,25,87,70,98,43,37,34,11,71,256.5499112261457
21,55,6,80,77,43,85,75,80,69,193.23978268345004
39,60,2,27,4,16,17,83,62,95,269.49702218809267
72,14,44,1,3,72,72,19,22,92,541.3029438349188
15,21,69,7,96,95,7,92,54,50,548.0700849619088
73,50,63,20,77,30,15,25,40,74,339.2416262307851
99,24,3,75,95,12,13,59,29,17,387.3294627480723
22,62,37,2,10,1,68,70,42,88,487.17875685110334
12,40,85,48,57,75,63,96,56,59,255.2768078142276
45,33,20,48,36,99,26,40,49,30,347.9550142987917
73,30,63,2,73,54,11,5,8,58,628.0412990848383
77,58,71,89,60,32,54,91,39,42,484.0893626935715
5,21,50,37,9,73,14,48,7,52,276.6586372220831
5,38,67,93,27,55,8,41,39,28,554.3926585946958
74,3,25,94,51,79,81,19,77,69,599.1413404652634
69,73,27,82,90,64,77,67,83,84,483.8673259458793
50,71,80,46,47,33,88,75,84,64,531.7619488544572
16,65,2,46,91,85,34,39,39,88,539.7685897938954
53,6,73,77,58,58,29,35,81,14,488.8350467276297
97,46,51,25,7,97,29,42,72,78,454.5427410902513
97,28,4,39,21,2,96,72,34,62,593.1878420400485
60,62,3,36,19,33,15,38,68,43,453.75557745497304
62,30,23,44,35,45,51,91,24,55,305.5879063136531
58,24,6,40,65,37,5,87,77,60,308.55652349608795
53,20,74,71,82,54,25,49,61,14,317.4972670112152
51,95,50,83,14,66,83,8,68,89,273.06223023248236
99,77,18,88,15,3,39,12,73,12,355.6698857957894
53,50,74,9,74,94,15,31,64,48,503.3352008011063
48,75,44,12,23,69,99,17,55,4,407.21221505137356
66,42,69,9,29,94,29,3,63,66,446.1579250265531
99,17,86,37,43,81,74,17,91,88,325.8435461328415
10,73,6,69,64,39,17,25,64,38,350.09403633687714
59,13,85,83,96,86,27,14,44,68,373.0309073321581
75,41,52,44,83,51,43,72,74,76,507.4554028602474
47,65,13,63,37,40,22,92,75,72,294.1217295353413
77,88,62,29,90,90,34,68,80,80,406.6085294408648
0,45,92,9,10,5,7,72,47,53,467.5993902773968
8,67,44,21,79,97,27,6,86,86,452.5538947263447
94,78,69,86,57,94,68,46,52,21,432.84852311278274
26,7,5,26,21,87,90,51,6,64,485.4792145700985
45,71,81,75,13,85,45,0,18,24,190.7380480278747
29,15,89,94,96,42,59,38,88,31,566.5887872281394
10,28,64,69,78,95,1,62,22,7,194.46263230919513
73,1,95,13,24,59,6,75,20,71,246.75112078041641
2,34,79,95,64,20,30,37,69,5,227.72828386045566
93,54,37,13,11,17,23,38,75,48,307.10611301092734
75,5,79,83,46,18,53,72,32,23,162.34645974052512
96,62,37,1,70,65,71,13,88,97,297.735638445255
5,58,94,16,70,60,15,20,85,96,284.8007845483787
67,65,96,94,22,34,32,0,99,77,372.3807046472621
57,49,89,0,80,7,85,16,72,28,238.0017734239042
8,61,17,0,42,95,13,77,18,33,520.561129759207
54,82,48,77,39,90,35,84,33,88,516.3793113732468
36,7,79,18,9,56,2,86,64,48,321.28116110913913
94,20,72,71,1,94,76,34,93,34,477.89045833177533
74,82,3,61,69,18,94,1,16,99,300.566890270802
93,10,4,88,64,51,67,33,9,41,532.3445699937652
49,78,31,88,42,65,37,46,40,31,601.2697547307951
23,44,75,1,53,17,9,52,3,63,583.4257272826393
50,8,99,27,62,45,11,49,58,95,587.9391591865976
53,76,93,73,53,49,36,90,57,85,364.45355400658843
71,51,24,64,72,79,69,91,98,80,546.1587732947123
92,36,10,5,53,49,40,9,31,88,501.7460007636613
94,86,85,92,15,11,4,25,6,10,263.2305723465623
35,31,79,26,31,42,78,29,85,37,158.72615550912604
79,34,59,22,93,33,67,18,95,40,370.2253480594583
31,17,74,2,35,49,4,11,62,25,575.5351930664324
26,58,38,10,88,37,59,41,93,81,481.85209484494146
27,17,19,79,16,90,67,22,89,46,321.68273300353826
62,10,81,1,51,11,16,73,96,77,588.8685451969152
54,36,96,88,57,47,24,39,1,52,575.8725800248294
57,83,75,32,27,46,82,92,13,49,225.18561270282316
37,26,51,34,7,58,61,25,77,0,366.35438884264533
84,51,44,26,74,99,39,73,12,85,459.48784731155365
56,88,71,1,49,32,12,59,78,89,414.7417721766243
25,27,95,29,53,4,62,37,79,52,437.9913265799024
4,35,67,56,43,76,19,56,53,85,165.28269113007266
83,2,53,92,74,88,76,65,15,23,336.8422822365851
52,17,20,6,40,73,24,81,11,9,447.62192627353136
86,9,90,66,32,78,61,63,49,59,515.9954569569124
38,40,66,78,43,5,28,76,64,40,207.17203876208475
49,52,43,35,8,64,93,37,16,97,587.2521375892089
58,44,25,71,72,4,11,15,37,55,501.5746175349527
14,8,86,1,59,68,7,15,5,1,556.2891864122597
21,53,76,78,34,36,63,12,30,26,236.46018585742195
96,13,63,60,2,41,39,82,95,9,546.3737127339846
26,53,64,96,67,97,53,87,31,23,366.2702708747528
60,15,68,83,89,69,87,23,88,22,263.797676053578
24,13,71,49,70,68,77,0,27,33,391.96515329098344
66,40,60,86,93,9,84,58,64,76,394.9038913813886
95,85,77,31,65,1,17,38,51,88,525.9382532674035
98,96,95,83,7,93,22,99,4,37,293.8251547626952
21,90,78,34,97,79,84,39,76,87,319.64377733700866
34,76,45,4,57,67,2,0,37,35,306.6599790745828
2,6,86,59,63,43,26,16,57,47,412.52206739973127
24,73,50,52,82,13,27,62,52,7,371.56192648612574
48,61,57,27,28,52,36,28,13,8,450.30168033221355
69,32,40,90,86,28,25,32,54,44,508.97037241552493
18,4,51,88,53,2,3,86,46,77,595.6872232121486
8,33,72,47,85,69,30,17,0,45,571.1103530053515
41,91,80,94,32,79,68,92,49,77,518.3690747863216
72,32,42,95,49,37,13,89,56,60,255.03999247170097
54,85,49,96,94,28,9,9,19,91,650.0938099795803
27,62,80,33,77,22,77,29,64,35,119.06504054678885
7,14,39,99,26,10,63,32,62,9,260.75344679080473
30,37,42,70,15,3,3,12,15,35,320.3779064154494
30,58,44,21,2,14,45,88,50,47,410.66054677522675
12,33,17,83,35,83,8,9,71,31,421.09164984948256
9,66,44,46,23,80,42,97,23,64,506.13487050029033
12,52,24,43,55,41,37,1,98,77,299.8723368485495
43,82,63,6,81,1,29,82,79,0,231.52653689100754
99,33,70,26,29,42,65,91,86,80,256.9603875716002
46,33,68,93,50,44,60,94,4,15,295.68352207178214
4,68,87,53,37,75,92,46,83,86,262.585202469994
61,83,50,32,71,78,75,95,29,89,63.60970490086322
36,1,69,61,66,87,13,58,15,61,253.75132548695566
17,31,18,2,20,59,24,50,89,8,234.01054738441218
78,18,93,27,78,72,17,31,87,47,537.6607807221924
86,39,46,21,77,91,13,52,0,50,612.3685178788315
7,70,33,47,6,79,27,22,91,1,771.0129715940122
8,40,39,4,31,94,93,4,18,37,381.2568554169685
8,80,57,2,14,76,17,34,9,77,368.5455314673351
56,97,77,63,9,98,12,64,97,89,174.33479849496615
50,19,84,15,22,12,50,45,26,61,439.02775945160874
39,36,36,27,89,68,50,13,16,78,261.5182005132878
30,48,47,3,32,78,35,11,47,85,321.6536432153307
3,44,28,37,5,84,73,75,70,62,188.2106835810731
78,12,25,90,23,99,19,57,66,51,330.8043220278492
25,75,6,26,10,46,38,67,62,7,83.69192644292758
66,7,74,75,18,1,47,89,23,23,120.89824231373774
79,32,26,21,33,3,53,25,77,57,598.5095530223062
84,39,85,60,76,11,6,14,70,49,245.0718371385059
39,30,49,99,53,74,86,12,76,3,341.6900969240997
53,25,66,42,11,56,58,45,46,24,463.81770815642665
21,32,47,91,56,45,48,14,34,88,336.0420910376756
50,84,90,32,62,97,93,58,92,98,514.1407751237786
31,27,92,30,38,17,72,7,19,76,376.34920998955783
43,12,51,91,12,28,19,31,5,18,204.85144344463933
4,44,42,49,23,3,45,45,6,82,377.26699891048725
63,65,81,59,79,91,55,19,6,91,295.51679639780497
69,48,98,89,0,86,83,50,75,47,434.6543686571939
47,88,58,71,41,14,53,48,32,6,457.4672114118958
96,88,22,45,31,2,54,43,37,63,337.53534618244
27,41,97,55,47,46,61,44,89,99,348.9427187026423
63,95,15,40,9,16,92,3,72,3,456.22607614179987
99,55,28,95,4,9,7,26,90,6,336.57862996325036
26,98,16,37,76,11,1,81,53,29,214.04053666346763
74,95,21,5,38,76,72,44,7,48,316.2339924475385
89,94,2,76,94,85,96,13,43,29,625.7971166294478
21,97,37,59,72,89,4,38,9,49,333.26590399637627
82,92,23,1,82,94,25,28,0,93,641.2667412167145
22,17,79,55,76,31,42,75,73,54,378.2240326181596
28,16,23,84,57,62,57,41,13,73,304.28626286532426
22,90,85,29,60,60,62,60,22,42,433.14668048986516
99,62,68,43,48,6,50,9,10,35,368.1046248147117
62,89,98,14,62,21,40,6,63,57,561.6973445282745
7,18,41,22,39,1,40,64,72,34,583.367536723329
1,51,79,6,86,95,13,30,97,71,399.73298189626706
29,72,23,76,59,84,57,91,91,72,424.03970441613717
53,47,50,84,67,13,61,57,9,84,223.6614919880857
79,88,28,21,10,93,46,92,93,37,371.3144141385206
64,65,31,2,6,2,81,19,65,26,657.857126199008
41,22,24,38,8,28,0,90,87,38,378.76791818410305
89,25,51,71,51,92,83,15,99,66,482.97666563476633
17,9,95,73,18,57,32,86,21,1,418.0241031825602
94,85,25,75,8,82,43,41,54,86,533.9116061265598
64,92,14,0,36,1,12,80,51,9,508.90660918931894
41,54,60,11,99,5,76,79,58,12,141.66390675762113
36,68,55,61,81,22,59,96,70,78,340.2188740992167
69,64,12,99,3,35,18,4,73,66,355.0304441156742
18,69,65,67,57,77,45,97,99,78,465.3799310624161
12,8,2,48,40,70,64,0,38,84,350.709145061188
29,10,11,28,35,84,69,14,39,22,363.4717275592183
79,28,13,31,7,41,1,65,49,97,194.48373216656356
62,84,96,31,81,10,58,99,53,4,470.0527466960168
29,34,61,60,76,39,74,41,57,59,539.4501700118377
87,59,26,45,19,82,81,44,91,54,449.0424019895952
49,37,15,91,61,70,60,73,26,47,529.1203740559639
65,91,32,39,32,27,19,60,79,46,383.40862488535964
87,45,43,54,37,78,73,75,90,3,505.7699427951246
5,26,80,78,59,80,16,21,60,12,219.89192833821886
21,70,91,98,12,91,50,11,40,10,523.7039783969933
3,11,82,18,68,89,99,70,46,26,240.43311831973202
31,4,1,3,84,19,15,2,64,94,444.29647419447645
94,48,30,70,49,0,8,82,62,8,367.228020547874
64,35,20,7,14,17,65,75,42,38,296.1198662039984
82,80,78,60,87,41,11,70,54,75,675.3178115375842
12,68,76,73,65,62,75,59,66,0,432.20159399603386
37,11,78,20,4,29,45,18,46,44,577.3799336204103
0,43,76,90,37,90,47,7,17,70,374.9167715337147
67,58,87,61,15,94,90,7,72,81,147.98944755878222
65,31,11,88,33,72,21,11,25,41,578.8279957300615
93,52,92,85,18,88,59,99,1,11,516.9063693684458
20,14,10,82,27,61,83,57,6,20,465.65220417893886
75,32,46,69,0,67,60,80,75,29,575.4909208161965
7,38,57,0,27,46,3,57,34,44,450.3914886656245
81,50,17,44,94,75,83,12,82,36,588.2947587656945
28,13,75,96,57,88,48,8,15,54,236.21671253030436
11,5,54,1,72,18,93,0,93,13,255.9658913109229
75,96,91,94,40,79,3,10,17,13,540.0466488881953
65,98,7,20,34,81,37,96,62,37,210.4894894200342
78,95,62,39,60,7,99,36,57,4,630.7118339812872
78,92,98,49,34,60,20,53,20,21,519.0503289029447
57,44,59,82,59,45,50,31,64,27,405.0099330170087
18,38,30,14,79,24,20,94,68,23,269.65522731631773
8,25,88,42,68,40,96,0,21,83,171.53761389328005
98,18,44,95,24,21,91,87,59,43,313.5890571269116
16,25,19,50,58,81,30,36,28,57,469.15030068296994
59,2,94,29,61,14,55,9,40,70,616.465459878409
13,93,9,18,44,92,26,17,98,14,355.80497063851686
85,42,95,16,87,67,79,82,61,54,521.6385999373896
80,2,2,38,34,55,89,84,20,64,524.8710384006927
78,32,43,5,90,22,87,52,18,54,533.6434643314558
63,59,88,9,73,20,17,35,83,87,235.970134679855
61,45,46,18,86,81,54,99,73,8,404.71179618309947
93,26,29,34,66,88,40,15,34,53,257.2444187724616
40,96,30,89,36,72,17,20,25,2,508.091318181838
44,74,69,66,14,98,19,61,73,29,311.95838882597957
57,37,40,96,36,50,82,89,75,5,259.2541862879789
4,97,22,89,20,25,2,19,76,97,81.57276144872162
62,4,36,18,81,65,37,24,83,0,12.233630146916425
1,96,55,80,74,41,73,93,44,84,518.976567005579
12,17,64,89,0,77,26,28,9,26,421.54826698502325
74,55,88,13,99,68,42,44,49,66,158.03390087971943
43,16,80,67,32,16,80,66,70,89,227.03213401790845
28,45,54,44,9,64,76,67,41,2,381.3569554970543
13,5,29,43,20,38,23,90,83,0,212.36959567819744
2,21,79,2,16,30,47,48,57,51,344.6802775852946
75,40,99,2,89,46,48,87,69,44,422.9751344359292
66,87,19,24,66,59,30,45,55,17,548.9934846326825
91,88,39,91,98,58,5,61,77,39,378.3602454256099
59,53,20,32,11,80,68,37,96,92,562.5457007968366
55,71,3,72,77,62,99,7,71,97,291.7814814199527
90,98,99,36,87,83,8,8,11,17,641.9711207723459
57,60,15,37,11,55,87,61,42,91,144.87710285014853
13,38,44,53,2,69,6,94,93,88,629.1016334883876
3,90,95,28,39,19,45,21,80,97,316.83458599758234
18,20,61,73,8,70,12,65,93,0,248.21019165831694
10,10,7,78,60,30,6,19,82,11,372.85242935217906
63,38,17,68,92,70,48,12,47,17,492.66595776331883
44,17,76,57,53,12,7,33,61,0,380.073804000345
77,5,3,41,67,33,77,95,67,14,155.43612403642277
13,79,1,65,77,80,6,28,86,73,436.1737557160867
97,87,18,86,72,58,53,75,64,71,500.7163553043805
74,22,32,18,43,93,28,10,79,1,188.41923155780535
70,16,86,18,38,69,1,2,38,92,178.3336321217868
70,51,91,40,93,18,72,85,52,57,265.43467058595115
58,56,82,72,37,84,39,27,32,23,289.5819608506006
70,19,19,86,58,45,22,52,83,49,351.4593479603895
22,23,32,20,13,60,47,90,24,74,423.0492509199799
35,63,82,47,53,88,37,21,81,82,513.4730281987732
50,99,58,35,30,51,40,39,96,99,570.4062294525437
50,14,48,57,29,35,86,81,70,34,517.8534814571667
90,59,36,75,85,12,93,32,44,95,216.99537589265702
2,98,20,87,77,53,30,90,1,33,497.4687791551889
63,17,27,18,69,86,80,76,0,89,254.83751704189228
86,5,14,87,49,76,63,90,17,18,390.00787486264534
58,1,9,58,6,79,96,66,64,23,339.1785800823636
44,20,27,74,8,94,62,65,70,18,404.00915120599973
20,30,70,65,89,80,40,77,37,63,324.80987449853694
98,68,60,26,74,8,9,69,6,4,250.71883436877022
70,17,19,95,33,82,55,97,56,66,432.1897285469329
2,63,2,91,11,17,91,92,22,75,374.852558967938
34,35,77,24,78,53,82,61,44,43,180.11403418065757
73,34,26,49,76,56,31,55,62,18,448.18254201359025
87,3,51,93,79,73,9,27,28,28,221.94877870544983
34,99,54,15,66,65,39,60,75,34,315.80692863682077
86,70,30,54,46,88,70,24,87,93,603.6172365885485
72,47,77,96,4,27,62,60,72,31,450.97959070652064
50,1,2,62,63,50,43,45,88,24,354.2047480274796
59,51,78,42,48,92,12,27,13,81,546.2861325460274
3,34,9,38,36,36,2,64,35,78,190.9562755702745
74,30,73,66,18,30,29,8,1,99,283.23469317990936
70,27,5,84,8,74,60,45,41,96,438.0248183768012
78,10,41,76,33,69,23,65,58,92,474.84126238478774
40,51,11,58,35,21,41,10,28,42,523.9401065539741
55,72,84,52,67,17,89,83,67,50,399.5334798055094
98,17,47,2,55,75,29,49,31,76,402.73694394959693
32,35,77,72,29,16,99,34,62,65,256.9398323184526
61,56,99,4,47,11,81,30,50,97,476.4858771897809
94,73,96,67,58,18,52,20,26,18,306.1820636663905
13,1,2,73,52,23,49,59,17,90,335.67273874945676
33,99,67,50,27,94,42,35,84,75,522.783409941482
23,69,11,73,13,63,74,96,71,19,494.42755462591674
90,97,46,66,9,55,14,14,35,19,437.67142868508586
68,58,68,97,79,95,92,58,61,74,154.43167060616017
74,48,6,48,99,95,47,21,45,74,184.62152002710772
52,6,99,98,58,50,99,12,54,79,669.9890061109822
37,8,95,6,55,92,22,53,17,97,251.84931002738898
67,68,5,78,74,6,15,28,8,5,324.40081120502924
76,42,34,31,10,8,14,81,71,7,349.7744146112689
56,70,66,12,72,61,4,34,25,95,635.3154428878782
50,55,15,59,82,15,70,39,32,56,319.3244340603124
70,63,67,27,20,67,19,10,31,36,418.6804479020353
91,80,28,93,8,17,61,31,85,98,86.8865759193481
28,2,37,95,20,22,99,53,71,38,100.25584623796476
55,30,55,60,51,4,78,80,15,24,550.8760377399025
30,71,80,44,29,20,53,58,25,18,365.9642057812397
68,16,9,94,44,65,1,93,36,42,267.1774055018496
0,63,7,56,62,93,91,95,48,27,353.46274621632625
99,65,9,38,47,54,58,45,93,56,466.05485129120405
65,18,79,34,50,30,97,42,20,91,401.8636635078189
61,90,76,91,66,55,85,65,76,13,306.47595253935845
20,70,11,29,15,95,42,6,73,66,399.8119733757268
31,56,72,48,77,98,26,82,86,91,217.60777185580133
56,47,49,36,24,27,77,85,76,2,329.7373359682662
97,63,21,56,82,89,88,37,38,3,664.4694422576198
96,28,74,44,82,80,38,33,61,1,324.1115788574036
88,82,86,47,77,31,33,55,53,66,382.48854973098946
17,60,89,17,22,20,22,43,3,88,333.23736391611317
99,12,93,91,49,54,15,90,22,84,244.02634489913424
66,20,28,92,16,0,25,64,75,20,416.27756539107446
93,23,35,89,99,25,50,6,64,76,479.8541648077671
60,8,37,90,93,63,39,47,63,11,386.332289097282
58,49,47,16,10,84,22,82,96,28,333.62920689571814
55,0,97,74,74,43,50,36,62,90,205.97897648076363
32,24,98,9,64,81,69,79,85,51,403.12680447444933
5,3,52,74,86,15,56,15,91,0,190.30820584682976
29,93,80,15,46,19,29,28,80,60,326.557677929353
97,71,28,14,16,67,81,58,42,44,584.0001726252682
35,40,70,76,7,13,10,7,96,30,506.32632328646775
60,68,93,0,88,95,92,9,44,44,287.083468771181
20,14,65,14,85,29,75,10,65,89,643.7713202831312
55,66,68,91,97,42,81,91,11,58,452.7368825009178
83,67,80,69,0,80,18,87,53,25,536.3540449226545
41,23,85,9,59,50,9,59,36,11,488.6388054138663
68,63,33,10,78,13,56,83,37,47,495.83372261508373
85,77,39,26,74,28,23,8,69,4,289.88809961920356
73,71,35,27,59,88,21,42,75,79,612.5062568076853
73,22,35,54,3,0,52,54,69,5,438.2744625730221
24,21,97,69,30,54,1,96,65,7,197.32445994187447
44,94,15,57,73,40,8,41,37,84,528.9975831955046
95,34,40,7,41,50,39,66,58,98,326.00491372535464
75,67,97,70,84,84,36,59,73,55,389.66315602792656
46,24,87,84,59,60,62,64,82,70,383.9960765511143
39,83,47,62,53,37,66,74,51,27,138.99176079088997
19,13,53,58,81,47,79,39,71,11,490.4409066925225
48,74,34,37,15,76,83,51,13,96,147.63773499179834
16,22,55,44,22,52,47,18,56,41,471.38940356173805
8,35,77,96,76,42,47,88,28,40,192.63291443760446
63,57,95,82,58,95,72,16,93,43,380.51484259821365
31,0,2,54,65,89,82,51,41,0,214.21559610489612
87,56,69,30,93,94,47,89,49,69,466.8240572277815
47,28,92,78,13,88,99,89,10,72,264.05314860020394
19,59,74,56,69,55,42,75,59,80,264.0744533047312
56,73,79,30,55,58,51,22,67,55,315.1959077125284
13,52,44,26,95,59,28,78,1,1,579.0784119291613
13,27,62,84,39,27,37,46,42,69,573.1310933470161
37,13,83,11,39,64,80,98,93,69,280.0910881373983
99,8,57,50,57,7,35,44,78,26,366.33040066779625
53,38,37,77,4,62,43,65,93,5,227.0982513822577
50,82,38,97,99,39,74,51,41,18,376.22006578740303
34,13,46,57,94,59,58,70,54,24,685.7634308711456
15,1,76,75,90,6,41,73,75,75,540.5413200500915
5,27,53,38,9,72,69,61,36,76,461.37118473843753
52,64,37,75,60,10,93,19,66,49,236.1541082780973
89,50,52,80,46,51,56,53,33,95,328.8994209218912
69,84,15,44,87,18,69,67,74,88,318.5906642064955
90,52,35,51,9,65,55,16,4,31,345.84799568672247
8,83,69,64,5,6,33,22,45,85,297.66429091657875
4,33,7,24,56,32,85,60,66,62,284.0058806053975
45,80,43,3,14,97,65,65,25,1,361.10630728828795
64,28,20,67,88,45,73,75,91,86,394.7231615599932
27,94,68,77,86,10,86,91,67,83,218.286607587554
66,92,93,67,96,43,63,86,94,47,424.83140625508645
25,51,57,12,31,21,64,68,6,88,426.6664785716293
94,16,60,25,85,98,91,61,80,54,277.5906139783824
98,58,92,17,75,66,52,29,9,67,268.1553912283202
10,56,21,12,57,2,82,75,5,56,270.696915557813
77,8,99,49,14,48,6,15,23,84,550.7446738181653
25,2,42,8,28,44,19,27,98,33,482.79470437449066
20,27,17,56,25,36,21,14,92,8,441.3875655098982
10,20,0,23,90,3,22,5,6,98,352.6112666238323
63,76,14,92,50,67,70,5,70,38,558.2223412036326
20,68,49,62,4,74,27,91,33,51,518.9790736559823
24,40,85,46,28,7,32,49,11,31,528.9529725026807
51,77,93,38,74,58,81,91,47,60,321.59149596856423
90,19,91,11,31,1,26,67,79,23,222.3519031068581
91,56,95,47,43,16,73,68,47,57,212.63337303870443
87,29,31,27,65,61,23,80,88,0,402.23109357315104
16,29,85,68,46,66,58,31,52,95,370.21624545987964
73,21,74,78,97,18,42,97,63,2,276.38140118295087
99,26,56,71,39,6,39,32,73,16,217.71330237622897
65,52,24,63,4,82,82,26,46,27,441.64305587986195
66,40,10,55,73,8,72,19,89,70,471.13182610006356
37,32,68,8,81,78,36,31,78,0,245.17219598293116
90,67,9,64,79,0,32,69,37,46,513.8836655868125
75,31,81,32,46,81,18,78,11,90,229.16014023210002
71,16,12,77,76,63,30,58,96,63,343.2590681462382
10,76,51,75,70,77,1,55,43,32,313.1547642752405
35,0,0,80,67,7,36,42,47,21,386.503935762607
42,17,43,82,43,39,70,95,34,19,266.07646071643984
8,49,16,99,11,55,80,31,86,77,410.89384696122477
91,39,25,81,53,96,44,35,41,3,415.7649055366368
47,11,76,89,75,24,54,70,59,7,438.08097465453824
21,65,99,68,67,49,17,40,91,77,283.5959614910073
47,45,34,6,74,17,80,66,89,67,379.3184310803275
30,24,8,36,15,47,32,16,40,7,444.26672800770297
67,93,90,95,52,30,19,54,93,43,147.17133989652137
40,4,77,73,61,33,21,35,55,90,341.2380461127232
57,0,44,65,81,33,21,65,36,62,332.98224481250026
29,45,25,95,4,16,62,83,11,75,465.93182919507353
22,58,90,19,4,11,90,55,13,35,445.56904488678134
7,64,4,24,41,88,5,70,0,39,373.36521421376546
91,73,24,63,38,24,94,15,76,13,278.27925181345313
27,90,36,54,98,21,89,67,13,69,426.1120063610314
11,87,7,47,90,50,95,63,64,76,481.00126524263607
96,73,98,78,64,24,14,21,84,51,410.8792950489802
68,2,50,68,56,43,35,89,77,63,510.5334514130172
29,69,8,99,96,88,61,68,10,41,371.20017040101806
26,93,36,21,54,93,42,95,72,34,615.2120732452051
7,72,11,62,36,7,78,39,24,8,630.3182347155483
4,78,83,23,94,52,49,24,13,72,540.7538259997336
90,13,50,45,39,33,17,93,15,46,320.73344577414935
55,57,72,55,4,27,59,1,34,58,578.3749514182142
73,11,30,38,74,57,36,72,0,16,604.669630242922
24,54,98,99,54,49,51,38,79,15,508.3895495160274
64,7,70,48,86,48,74,16,20,1,402.5313598791882
62,71,16,62,84,57,29,85,33,27,547.410438535405
51,60,62,69,9,55,67,81,10,48,230.75898834400815
60,84,20,70,94,2,47,33,66,64,601.6221008684879
38,93,75,56,67,34,36,12,42,50,541.6634184676574
45,22,22,18,64,5,88,46,41,14,278.9184080644956
88,28,10,29,28,46,3,90,70,85,282.7013112519892
42,15,6,7,80,70,77,26,83,75,84.87348090957136
1,15,14,39,2,26,43,89,16,13,608.9158997840435
72,21,38,6,11,4,96,27,17,75,534.2107320282797
37,27,20,56,41,88,36,48,36,30,518.0597472695991
15,15,70,52,91,59,35,89,34,93,390.67572376867594
89,70,19,49,63,57,35,0,92,92,488.4635180236821
42,80,89,79,99,23,99,9,3,53,233.40917718818173
45,15,55,59,29,82,37,42,55,81,621.2231589787779
83,30,34,77,73,57,9,68,96,63,401.2423983872989
82,98,51,43,51,40,95,58,71,9,662.9525175630333
34,94,14,32,76,42,81,58,68,65,410.7756552393743
6,20,33,31,51,62,63,72,21,10,598.2395015503594
41,37,81,64,98,87,49,29,33,32,528.263593775067
99,5,88,60,77,69,56,96,33,52,217.50878881894295
28,85,53,14,15,73,5,93,51,46,306.79666259401415
16,71,81,37,50,74,82,68,71,63,285.69477242572884
18,96,83,73,17,29,87,58,85,26,436.15734038083826
36,57,20,90,11,6,37,81,74,97,433.55229638274875
77,64,95,58,24,21,44,71,50,43,362.6733788583716
23,48,64,83,17,10,57,41,78,44,451.7378446275002
77,32,58,37,80,24,1,42,3,84,93.30129669170236
14,57,92,28,96,78,44,12,97,36,604.2085241954353
82,97,51,57,24,31,25,20,45,86,227.41774791456538
68,30,4,78,79,14,13,8,33,86,236.32556123332526
88,90,99,39,91,58,54,75,50,9,328.2954267324882
42,97,43,34,23,32,38,30,47,3,237.54491130867078
91,4,52,3,98,38,55,21,48,12,267.51454635237303
57,91,62,42,4,5,46,56,54,46,417.0690815128715
66,16,57,3,65,42,9,26,64,16,254.54176621448798
16,14,81,23,39,72,71,54,45,11,548.1667459721184
87,37,39,13,10,94,42,20,2,91,243.92902542520747
56,96,0,62,64,10,38,68,56,39,493.3282697484397
84,54,39,99,54,16,80,57,48,37,188.82669118118426
63,67,95,33,74,22,27,29,61,7,327.99052215620236
28,59,49,80,58,16,46,81,39,71,263.47996059061427
87,19,55,61,17,3,12,23,70,14,408.93813435349466
50,14,79,46,32,47,26,11,43,39,498.58460218437665
49,30,93,52,84,9,86,91,64,72,291.6751389669789
56,74,21,5,2,36,82,90,81,26,400.34447382777495
42,16,15,80,53,71,88,50,38,39,482.37603204267225
91,98,17,88,14,92,24,84,44,1,447.2911935936155
33,89,2,26,10,1,48,85,18,35,265.9562175833088
22,76,85,55,3,76,33,67,46,28,464.2476349200038
19,36,33,97,97,74,99,17,86,97,357.768751870885
1,75,6,53,66,98,29,9,60,19,247.05564714787195
1,40,67,17,70,71,70,56,37,24,466.83425804859854
97,1,26,24,62,46,66,56,33,13,434.8543919544309
20,5,68,0,53,91,26,64,84,35,237.93594679224753
92,24,69,5,23,8,62,73,46,34,497.8457549958508
3,87,96,3,77,32,76,2,54,98,368.46881946956154
24,3,79,35,72,80,84,72,4,55,464.1316033182246
48,99,24,91,73,61,67,93,17,67,311.34690002922684
52,16,95,38,30,5,98,33,28,99,337.08573096034803
60,27,10,76,32,81,75,26,92,87,497.57100221659806
62,64,3,49,12,67,58,22,89,16,327.7137778333363
37,59,50,53,64,23,20,69,86,98,328.64525874857594
73,64,40,28,84,2,12,29,61,25,364.1923256612215
97,40,38,99,12,43,34,72,27,2,513.671818754979
55,89,93,38,18,79,58,5,29,80,347.737243145699
35,98,82,78,35,57,10,22,29,58,296.4201084684179
84,25,41,89,84,5,27,55,63,37,431.60198002030404
85,57,40,71,10,70,81,48,45,82,358.0892341655408
83,18,95,31,8,54,49,52,71,86,507.179397012574
41,64,81,26,21,96,29,42,4,39,456.08968175983927
16,10,65,51,91,9,58,84,30,23,381.40939882391314
68,76,33,14,88,45,14,19,27,38,448.18056504536673
16,72,31,95,40,14,35,24,30,73,434.7401872993783
18,60,62,52,51,93,27,67,8,92,414.8796581783402
24,12,11,88,52,75,45,25,2,43,385.02217145072
4,98,37,21,35,8,60,18,93,70,327.2323453714696
22,70,76,53,54,9,89,38,34,67,692.8799606468433
88,5,58,46,25,14,51,45,34,77,462.7123013723125
74,74,20,89,24,22,5,41,55,87,454.995489943371
18,18,42,74,79,41,68,13,13,87,423.2599696505741
57,65,94,84,21,69,60,30,43,31,523.7264874656523
65,10,59,51,3,55,3,41,11,41,490.4431760712112
56,80,22,93,14,24,28,12,92,99,201.49467326856364
28,83,19,18,75,86,55,63,16,33,295.3573745023886
87,29,13,53,43,89,39,16,75,86,347.72580690110107
40,5,93,62,76,86,61,63,53,78,153.21490227949366
99,47,89,59,68,61,85,48,49,82,215.95921789590795
94,93,48,75,80,70,97,48,47,35,287.7378773636319
43,59,60,23,82,47,2,36,6,16,172.11073963489008
75,61,98,22,5,8,0,87,66,48,513.6576919001602
47,96,5,89,53,35,26,89,57,72,373.5782345061386
21,6,71,77,3,67,62,68,24,3,488.91047121008114
73,3,60,73,48,86,56,41,73,59,431.7569469232493
37,58,12,3,43,77,14,43,54,10,246.2164482779465
84,40,52,22,28,83,95,89,54,36,450.59141348308685
35,38,34,0,46,48,48,64,58,74,228.40259195290312
72,78,8,61,6,34,45,89,77,92,493.82753578045066
88,83,9,43,60,46,1,46,96,73,326.8858089435153
31,23,80,86,60,50,32,79,2,12,464.8931713915599
69,83,75,29,56,22,7,32,37,10,224.89301553561143
64,40,51,95,2,48,33,69,82,12,372.5171808512199
87,20,79,5,94,26,22,83,93,97,451.3043185250889
30,38,71,35,36,87,76,86,57,71,482.488674624578
53,79,79,24,87,18,1,79,73,41,226.97967780715666
25,43,64,61,81,27,99,50,10,0,157.34585458021795
16,8,56,29,19,54,53,59,83,1,470.23908091124486
41,22,24,48,94,42,68,25,36,7,479.07813442821066
71,22,76,64,63,44,94,38,67,72,571.4881599855826
60,51,81,37,88,58,21,52,17,35,373.7996491538983
93,5,79,42,16,14,94,33,88,97,307.42308055116246
39,94,38,7,92,66,10,32,97,15,194.10995319058634
28,99,71,18,12,83,77,59,82,5,139.77079319095787
5,48,45,24,92,17,68,76,69,74,261.6109384843233
15,12,4,17,15,99,68,53,54,67,413.0622327218638
94,33,94,85,88,18,56,92,5,10,507.89625340742043
87,58,55,76,80,49,67,58,73,97,173.17708811824258
29,98,85,90,17,3,0,95,55,57,396.30491197463505
23,55,91,37,74,40,44,66,30,47,474.13704824286106
48,86,27,88,25,49,0,32,97,81,430.72192908463546
36,59,30,94,8,54,25,53,34,60,421.88103010241264
21,83,7,97,21,46,96,2,32,43,224.30149024062476
23,28,14,17,80,10,91,61,55,24,420.1361337746578
59,99,24,81,20,94,0,20,29,86,191.02288668469043
87,55,55,3,73,74,73,44,30,50,521.8935699698745
7,71,55,55,12,71,85,6,4,24,521.9621146562305
54,78,90,88,81,93,58,84,95,48,570.7096036796486
66,32,8,48,23,82,66,70,69,45,402.18244582528354
86,68,24,74,59,15,96,48,49,79,517.9739317864176
96,44,14,17,3,83,17,84,95,83,633.4549101154464
43,82,49,87,61,4,73,86,70,41,587.9865877042977
58,71,42,76,93,29,12,52,40,56,555.663540844286
11,42,94,71,68,69,21,93,32,79,489.5172889274066
87,59,78,42,94,90,9,89,79,98,507.42273184920356
15,48,74,86,67,95,12,35,62,65,210.66930252780432
72,88,86,81,27,67,17,81,90,11,597.2306278315291
58,7,95,93,82,69,62,15,32,96,206.27316274159818
46,14,93,99,60,81,14,15,33,17,547.1887599095414
54,27,52,81,42,73,98,54,98,55,316.02517504948503
28,99,72,66,80,11,17,39,95,11,363.01092150557406
55,31,12,28,89,91,91,73,93,26,237.50861324506081
5,53,29,58,52,58,60,89,18,22,457.30935865441234
16,34,82,47,32,50,18,41,63,3,507.5551390539012
73,17,97,97,75,42,58,37,48,25,607.4929710065279
82,40,37,96,1,63,66,29,52,50,311.3040186625022
81,53,49,53,79,66,63,18,21,22,280.9525420591473
8,46,68,60,7,90,93,34,55,56,620.8036489547077
92,59,75,26,76,95,94,38,45,92,257.8509459356603
98,35,96,15,7,54,30,81,11,98,313.2657562872874
49,40,57,45,79,0,55,3,45,53,286.6812140474207
86,41,10,43,37,80,72,27,43,17,646.4161413789941
34,1,82,89,64,72,90,29,23,2,459.38147857371
44,2,73,3,39,34,13,49,3,96,486.71599822697885
13,59,7,93,9,30,72,6,90,27,184.5147720712807
7,68,10,10,47,75,9,54,84,82,654.329869933295
75,93,98,52,7,9,74,24,99,20,523.2943900659606
22,7,46,89,18,5,42,60,44,55,438.8689314892714
28,64,17,80,25,69,97,10,37,54,213.7681326187001
53,66,87,95,62,87,0,57,6,59,301.25019810861215
31,88,65,52,50,75,27,3,4,8,503.1528771061721
21,26,1,77,95,72,70,69,74,31,184.7089856319123
77,80,37,3,9,79,17,70,88,39,176.89795600078162
42,91,13,47,67,20,86,53,36,7,289.75148956457974
72,23,21,51,88,8,7,42,92,58,553.767607873483
10,86,94,0,72,90,60,18,94,70,510.74630057409166
43,77,80,60,14,79,43,48,26,40,437.5559334243243
50,46,69,30,25,80,48,63,97,88,444.36778940535373
9,4,97,29,2,4,63,2,59,5,427.87441926469114
18,17,20,72,83,40,3,25,62,76,594.6744103414583
57,74,37,47,49,15,15,52,11,63,423.6173733426228
69,75,3,17,34,12,57,19,1,82,304.2179867150461
5,1,57,65,43,33,54,37,57,27,322.2519460677013
55,21,83,47,13,75,52,80,20,7,379.7147334295088
36,14,96,78,51,80,34,35,88,97,405.36810365931416
60,8,36,45,70,34,1,36,12,60,158.78919352566538
38,30,93,79,69,38,48,44,20,44,274.8879311586595
79,85,41,14,65,23,43,83,4,46,411.56191389662723
59,9,45,13,75,55,9,43,1,12,358.73940107498015
95,44,48,83,41,54,20,79,0,25,540.9618790968643
55,38,7,88,35,47,4,62,57,31,401.11190626814647
38,61,0,58,82,47,0,35,4,9,478.11740777168086
3,44,88,98,99,83,81,16,18,48,441.80535390249344
64,68,35,44,53,30,66,20,54,36,479.89017827932946
75,18,7,51,69,21,50,20,8,48,282.25696513367984
52,21,76,92,7,36,36,13,6,23,180.8749668610581
35,42,23,72,68,62,45,61,95,21,483.07511483402095
57,65,13,45,97,25,67,56,21,80,185.28268361476597
70,88,22,63,84,22,68,47,88,86,263.43738299895995
89,73,97,71,53,39,89,35,23,92,436.77289732927665
13,28,66,25,65,65,5,32,4,47,277.5736382276748
64,43,50,12,7,89,70,3,34,29,431.5734606476448
77,87,3,21,31,9,80,43,2,85,389.1470079121116
24,27,77,32,55,73,1,93,59,76,255.25152948377723
21,72,48,6,32,36,8,24,52,59,354.7061264831662
94,57,58,62,17,36,81,16,29,83,225.23733427008827
10,56,94,16,61,17,93,31,9,17,613.6287254748794
95,42,10,32,10,32,48,18,82,63,467.33000994440505
52,54,38,83,26,73,1,0,71,74,24.84494466809491
76,50,53,22,10,38,85,17,23,49,331.79296704975025
44,10,57,40,21,6,44,89,21,96,525.8599605439707
55,96,96,20,92,89,40,0,98,73,203.71268400997633
26,73,19,7,25,3,99,29,84,46,333.7470579341412
73,45,65,90,73,50,66,67,64,63,682.419262058555
93,89,58,43,2,55,3,11,87,79,662.9596109804154
12,17,71,23,10,17,37,81,83,10,279.8284211178873
65,42,28,88,34,75,21,56,0,6,501.76411259137427
79,58,58,34,70,66,47,58,15,69,333.33316500784133
73,29,77,20,35,53,64,71,76,76,463.35599862394093
54,60,76,39,88,74,57,13,83,11,392.0087817696149
52,59,84,27,41,53,85,37,12,72,235.28070293522313
36,49,10,97,89,86,38,75,49,70,312.7417498878042
67,10,78,59,13,47,69,66,63,64,348.19910302056314
70,11,38,71,89,52,42,92,29,39,325.5020067867436
4,87,81,46,21,92,80,12,27,22,531.1333032254229
72,96,40,69,84,13,56,49,19,55,544.7109888945351
9,62,82,37,75,41,74,49,19,10,241.08689307759946
46,56,20,66,58,29,71,34,31,22,614.1518375713387
71,32,86,21,23,18,72,56,64,44,236.76904189332146
94,37,79,13,51,29,54,34,95,30,560.9405055043864
87,1,78,2,55,79,63,59,24,31,404.5842726909234
4,33,95,96,68,40,30,40,35,71,266.3559133858906
87,0,40,2,17,98,91,39,55,82,485.81231839607835
59,87,31,80,93,76,4,57,33,34,486.68326758199174
17,18,90,72,59,0,16,1,29,62,336.0010252767072
14,6,61,58,42,21,87,12,41,38,635.1067503910697
88,65,20,56,11,26,77,58,71,83,450.0755052010166
5,97,11,21,4,28,15,98,69,65,365.52838738161086
56,89,50,17,65,24,69,55,7,50,343.78523413984084
86,70,94,72,13,92,90,81,55,64,598.2045108350381
89,23,75,82,79,87,18,5,13,42,378.8870713531923
60,6,53,12,70,81,25,33,3,11,608.6658811817806
52,52,20,43,12,93,93,76,0,95,361.40489887090024
37,30,6,67,79,47,57,56,4,51,213.39499855133872
21,62,83,9,23,21,61,99,52,67,191.07575378491393
56,76,38,5,7,77,22,24,75,33,498.72582781822763
2,0,80,29,56,26,84,75,83,17,277.74470132758825
78,60,60,36,19,34,8,21,82,62,414.4467645399446
36,71,58,29,94,15,65,15,80,90,516.2639639587683
17,15,80,77,34,30,95,33,36,76,221.3917158438038
72,95,68,65,79,70,95,63,75,81,529.6043072872608
90,34,31,43,51,9,1,12,66,96,608.99317687394
28,31,37,48,60,24,91,79,25,44,153.13711793895632
56,53,9,65,74,17,7,62,37,15,373.45701323256367
49,29,22,31,64,21,78,47,5,44,569.9819617054844
11,19,90,57,85,67,85,95,12,78,395.61437894663754
53,1,82,72,84,56,32,36,55,65,438.1078245172231
1,37,7,54,96,2,20,92,50,93,500.9415197540298
39,74,85,32,49,92,0,57,24,15,189.21523726741393
53,30,12,24,59,87,10,48,86,30,208.6938557367358
76,18,42,91,79,90,68,39,50,41,517.4184003999598
13,42,89,79,20,38,11,72,77,61,597.1774262183442
65,9,47,99,20,74,56,66,17,93,266.0825493547969
85,25,67,44,62,6,87,25,52,57,409.5310284654061
71,70,99,30,8,26,40,97,45,83,428.37444692214467
84,1,60,73,21,94,7,62,64,37,500.1134994769329
83,37,49,26,24,87,31,19,48,51,331.1064511192141
80,91,1,56,22,83,42,76,37,58,531.5985269631124
70,9,29,88,43,30,98,8,47,36,259.53657216989484
90,10,81,33,3,86,54,69,60,24,485.9017639967576
46,98,31,91,41,70,80,79,45,1,313.74551586695367
68,39,32,17,54,28,33,34,26,67,392.40563584571146
19,1,4,6,15,35,36,99,17,44,324.1110519255404
22,93,2,34,83,41,89,92,33,60,454.63680535333344
85,38,32,45,24,3,11,44,96,38,272.47314989376446
61,71,55,29,99,47,80,19,55,47,519.0678936778774
77,2,96,42,27,71,91,62,77,13,673.5074659793049
8,22,81,12,27,31,36,97,30,92,541.5695298035037
49,88,97,63,28,26,4,15,51,9,391.577991254198
3,33,83,73,26,45,9,34,17,25,163.04589215283846
14,59,48,93,35,20,82,65,41,82,137.03144497632843
13,72,12,70,89,71,97,54,83,56,307.0634578753739
16,91,59,70,29,64,37,20,57,88,332.29817580907775
37,90,44,86,4,72,36,73,28,98,609.0241619948266
29,21,36,27,65,8,82,63,69,51,294.6734199856927
93,23,83,58,31,86,8,33,22,29,418.3206431906647
50,41,82,57,60,37,36,24,32,95,514.8450606424574
45,3,87,93,32,75,3,22,73,35,253.00907637997665
1,89,31,5,36,43,75,15,38,10,577.3560014202856
74,6,35,8,61,41,47,4,89,92,340.3829778399609
7,22,52,49,45,41,18,36,88,37,485.1507733856905
12,45,16,38,94,87,75,39,24,54,746.6878714244174
22,70,17,28,48,99,97,65,42,39,568.9350662345638
96,81,6,56,78,20,90,96,7,80,281.0424807522173
20,56,78,89,64,28,63,84,79,52,608.0733936457489
62,97,61,89,94,15,65,78,18,24,520.9467490447514
35,46,63,29,93,25,8,92,7,51,434.3610202187077
12,14,51,35,9,19,7,90,91,42,556.2799791388475
9,44,97,70,98,23,51,96,66,70,417.20491170127156
97,44,77,11,79,17,39,53,26,18,251.06596671018053
19,52,50,47,24,11,9,51,97,46,287.4975452036924
6,23,88,47,31,98,66,47,34,93,568.450310205635
43,58,31,42,37,33,15,81,57,90,147.5878588168861
19,30,22,60,41,66,46,66,65,21,316.6453334985926
9,67,14,9,14,19,84,7,49,61,581.1713763036306
31,46,13,41,67,18,87,43,90,82,283.61577414485316
20,71,62,17,56,71,6,44,4,73,344.42749981003857
20,31,62,36,60,3,89,57,62,99,421.30229632400324
1,86,78,41,95,92,33,20,76,11,495.19851603189625
67,30,7,34,85,4,63,13,86,47,12.03797405441685
8,93,55,55,97,10,78,71,42,78,615.5631890036753
1,62,62,5,15,27,85,40,25,72,331.4685009282076
70,31,64,80,90,75,74,43,51,98,288.816128137063
4,49,83,55,65,77,42,15,6,29,306.5672205817939
62,95,48,32,87,90,49,61,40,74,466.0837248372805
73,13,3,78,38,93,10,86,10,19,359.1849592052123
45,72,62,49,12,23,29,15,9,23,313.4585741425696
21,19,32,37,20,6,44,49,80,41,319.12593370574433
75,66,8,42,8,29,36,94,8,54,641.4562906249205
54,17,95,79,64,62,21,51,89,45,501.2680075757574
58,52,34,43,87,93,62,86,61,28,608.5852736882226
33,77,11,78,75,89,98,37,5,40,247.33377359897224
47,59,9,28,13,29,85,28,82,8,396.20020421805515
57,98,21,60,48,18,72,45,50,91,169.85742094769657
89,51,54,50,65,44,41,64,40,17,360.98541377026146
18,25,31,90,28,54,5,10,32,44,474.4494269241951
50,23,76,67,68,18,96,63,7,70,335.5256096833509
55,23,22,68,30,60,28,60,65,52,252.8383757469003
6,22,38,33,83,41,42,18,95,85,363.18773170527663
90,72,8,34,12,11,6,65,62,83,266.75773345210126
65,59,88,32,60,31,3,22,93,57,286.72920830826075
23,39,64,43,48,99,57,10,23,0,417.1706393509005
94,40,44,30,34,70,55,38,43,9,567.2712754676397
5,60,64,51,88,5,15,99,98,99,296.03572127523205
44,93,32,25,50,89,50,80,94,67,342.7867728802633
75,17,92,96,37,39,18,65,34,74,423.61734698589885
76,39,26,3,8,77,85,68,72,6,461.0283593962178
80,45,11,79,55,27,56,96,51,20,342.0838990313115
98,72,6,70,36,39,70,80,65,91,174.49970969931877
49,26,9,12,63,94,8,95,66,30,505.2881911767824
2,30,29,61,89,14,77,43,6,7,221.7451451729662
15,21,78,13,45,57,54,34,69,71,490.44195647409003
43,58,12,73,1,96,22,27,50,63,210.8584931884385
91,74,45,21,93,59,37,83,85,50,451.81038258304113
72,47,98,47,95,62,41,91,88,40,438.9460433456949
14,56,78,78,23,10,50,21,15,16,410.2049824119272
45,89,15,19,45,27,79,54,95,42,650.1422720454023
9,57,68,27,65,74,81,59,96,0,431.1665031878617
5,28,39,63,12,18,32,0,21,14,102.16593249990888
52,61,73,41,3,81,61,55,3,65,277.04049754102033
64,26,79,38,3,85,91,45,70,32,336.1136233350104
37,94,62,95,17,54,96,3,83,54,229.2062700436119
73,99,29,90,22,13,44,31,30,4,717.9090808291696
64,5,49,85,64,59,85,99,17,40,308.30897367714914
91,27,44,79,44,0,74,65,34,76,413.85372974724396
0,51,56,32,96,1,10,98,81,1,360.433699225857
33,18,46,24,10,11,82,81,58,16,163.9118306952428
62,29,55,85,67,80,44,66,92,28,586.1984764060318
21,49,10,54,66,70,13,70,98,8,551.7819080735483
94,99,8,25,39,14,72,6,96,6,540.7359808378982
55,21,3,67,69,8,84,13,50,28,197.62263785015728
83,13,35,48,9,21,52,96,65,30,370.7252949292516
21,22,47,2,90,28,57,59,37,78,349.76893833718594
46,82,9,2,29,55,95,41,71,32,537.3575073684282
46,46,82,32,14,25,2,81,47,49,214.26010740890212
89,25,90,32,64,41,6,44,67,75,379.9008624461487
90,19,71,59,24,79,73,65,95,17,446.29229850812567
32,34,49,75,42,46,7,57,28,9,518.3732078597128
73,16,94,36,60,75,23,89,99,12,559.200527753899
56,91,47,75,44,10,74,63,53,13,384.9540459349053
18,75,96,77,77,32,0,71,52,0,161.73471530336283
36,98,4,85,67,23,59,94,25,68,420.856093173597
29,27,36,11,27,71,21,53,3,63,565.4699882990865
56,35,35,95,59,53,31,10,87,9,352.70250638184785
18,30,91,95,57,2,26,41,55,80,375.83793296447215
20,66,54,67,0,94,11,12,41,26,524.980568148868
57,44,83,83,88,61,79,70,69,93,524.6276219935021
90,24,23,97,91,91,73,96,37,28,534.890577453142
82,24,0,17,43,83,52,72,81,4,551.0847150706451
69,50,4,18,64,80,10,62,69,81,320.53287476510616
90,40,49,16,3,25,77,45,79,6,570.9293615562094
96,47,18,53,74,90,50,92,94,6,354.15108211554684
74,18,99,3,90,66,38,41,66,50,549.3810584371226
47,43,75,28,1,82,99,40,74,30,295.33684634358224
11,34,18,78,71,12,82,72,90,87,422.2788311015617
76,23,5,46,1,5,69,38,43,37,552.2537455205002
52,58,15,91,1,2,37,60,83,39,77.99703091477335
46,35,70,1,32,58,97,20,3,40,332.92116198972354
96,16,59,50,94,72,25,65,92,44,611.6722756071927
9,84,56,78,14,12,4,51,38,68,342.0289231894813
79,7,3,43,78,51,34,15,19,9,523.1855524439663
98,93,17,35,54,52,47,82,29,34,441.2132177942581
35,62,17,10,30,13,3,24,97,41,399.59250128636364
27,35,38,97,82,42,83,67,42,53,236.18931656858192
25,18,20,60,7,85,74,34,53,3,618.6877717836811
47,44,5,97,78,37,60,81,82,44,374.74545411825204
50,45,47,57,41,42,83,89,96,24,377.5658894445941
38,22,55,58,27,45,68,68,56,2,684.8501106985354
22,81,2,95,44,25,83,75,70,30,128.45560054291872
84,25,91,74,10,9,9,82,98,52,410.24028374887166
97,27,90,42,18,18,24,1,78,61,183.6742944535474
19,15,55,39,29,67,63,74,46,46,412.34948821619327
60,2,55,45,43,5,75,68,58,95,386.0527294619994
46,24,24,46,82,65,38,6,85,63,437.7755811977248
5,35,27,95,65,85,72,7,49,24,160.14446650351795
63,73,89,5,70,92,65,62,40,60,453.22462353125206
14,88,74,71,17,98,64,80,15,67,426.9173959555244
3,87,3,65,2,39,55,17,50,79,430.28193561366425
98,58,25,77,11,60,9,58,2,87,162.63260967648054
39,31,58,1,68,81,96,5,39,70,345.11403432917626
16,93,10,8,44,82,75,70,51,29,468.939805337865
41,82,71,73,95,67,19,6,59,18,411.0905747741924
73,33,8,60,33,43,35,85,33,92,597.0162578623685
59,49,4,4,95,36,0,78,21,91,239.77620636640768
45,54,15,17,16,71,10,40,86,48,277.334071908532
85,13,5,98,39,9,30,20,29,84,486.40822824690605
89,64,82,29,46,34,72,53,87,59,268.13476340728505
10,64,12,80,97,45,60,15,87,65,249.12358544384145
20,7,47,89,53,39,44,31,67,44,514.831286394948
1,68,4,72,8,85,19,66,37,4,429.71054552348437
15,7,64,73,56,31,39,41,66,76,425.33363905046303
54,47,62,0,16,51,65,5,55,24,344.10788866576473
93,22,43,46,32,53,4,82,52,16,261.3446774681338
23,99,96,3,44,90,87,60,51,8,475.460798893442
95,29,96,13,16,45,52,35,9,43,452.2263874616368
60,51,0,63,69,64,71,32,32,32,259.2510782125937
10,24,75,54,63,66,48,45,41,28,399.0628426047505
30,47,33,84,48,54,53,24,45,67,317.334719766148
64,76,79,52,10,99,94,15,51,90,209.7291218228775
19,73,42,75,2,23,51,81,77,25,662.4808136654686
7,61,50,59,98,1,51,18,12,86,303.53094780924084
91,60,97,49,70,37,74,30,98,14,392.58412555249777
83,47,16,24,5,3,40,99,67,9,301.29251375491344
25,62,31,14,46,2,63,3,78,63,425.971043549252
82,92,83,97,21,18,12,35,98,96,314.2361871374991
96,15,73,29,88,85,8,24,12,53,376.3585762997733
38,81,14,21,63,55,41,23,19,51,562.3233631677273
75,78,52,66,64,76,1,81,37,45,259.417819456026
37,82,2,99,78,82,53,83,90,18,509.5031686087689
87,68,21,58,6,35,78,45,66,40,576.2414380970438
61,64,83,77,54,89,69,81,36,99,274.9950628809304
77,70,41,61,23,42,78,40,74,98,306.08776767880744
34,25,12,82,78,18,37,21,76,67,179.04821942094011
36,33,90,14,36,50,21,88,87,5,366.9948066030116
17,50,53,21,95,54,13,2,13,87,456.61617058288425
86,50,83,84,73,57,8,66,82,7,339.15336799729056
19,67,56,88,94,47,98,60,1,18,635.3013960136867
52,71,13,37,13,63,49,84,46,5,270.98175041875027
57,24,63,97,92,24,35,75,38,73,250.08592215323384
94,64,81,44,64,48,47,99,93,76,338.8538713234376
0,57,70,80,59,82,94,98,18,6,328.09406121598056
34,9,81,46,27,57,53,62,39,58,616.3056290186078
51,79,0,25,42,33,73,75,65,92,310.7421130411441
90,13,14,61,70,2,38,97,12,42,631.4320805090933
19,59,3,60,78,8,74,4,6,39,381.2991510269558
86,84,6,17,50,31,42,65,13,69,586.6849444207492
40,97,24,33,52,81,21,46,29,50,283.4211264064028
89,73,10,74,0,95,14,80,9,38,475.0084480690877
42,13,29,5,29,7,62,33,53,63,632.197115450893
2,72,46,36,67,69,43,58,93,94,321.22434740996437
12,18,11,35,91,97,86,13,38,36,483.95816952628786
34,26,30,70,20,81,47,66,11,63,283.042122924231
43,83,2,83,14,24,93,77,26,70,345.5143813775445
65,27,22,11,94,74,24,92,1,36,528.1429554117093
76,33,83,52,27,89,94,7,73,95,570.8712052090456
77,1,14,31,90,82,59,47,45,79,657.0721226261791
65,9,13,37,77,41,19,15,56,95,172.01877497410558
6,32,51,90,11,65,24,17,56,8,429.6742331034308
41,20,52,83,98,45,11,63,85,80,372.935945092746
37,98,82,25,63,89,2,61,44,9,242.66573365352585
43,28,58,69,15,75,10,45,79,80,317.23643348958785
13,18,68,29,23,14,58,9,46,24,579.5520858144214
93,68,10,6,38,72,74,69,55,37,533.7870468287892
99,22,97,16,19,76,55,22,13,23,326.9182849596115
29,87,15,94,27,0,99,67,59,10,661.9276675047324
1,81,34,24,80,54,49,32,46,61,169.37090728551559
84,4,22,89,76,50,56,21,3,52,306.98224752273416
37,16,39,39,68,70,40,81,58,37,220.84555254341183
69,50,79,77,36,67,67,38,84,56,417.7370066121369
95,53,69,84,59,83,63,46,40,8,364.5138452051669
93,5,8,8,29,12,5,88,82,66,194.31919040175654
15,56,89,76,84,95,33,68,65,4,461.12211507176687
75,89,60,58,25,79,14,37,41,81,448.8651218689584
13,68,4,33,55,40,25,53,59,87,479.8193116261306
79,66,29,47,45,20,33,61,98,32,585.6365449159049
80,70,91,7,49,2,43,8,90,43,498.4052103028212
20,6,81,1,28,27,75,50,8,55,515.5538404152244
65,48,73,72,18,7,43,63,41,55,435.41307418994467
4,1,26,5,94,13,59,14,99,17,726.5803399920542
18,24,68,37,90,88,27,15,33,3,501.7116764988731
67,55,32,34,33,62,94,54,16,3,494.69522840502543
77,14,59,60,82,19,88,51,61,75,519.318729015313
67,89,93,15,5,27,82,3,28,69,292.8696931806501
58,21,81,33,48,32,31,88,53,10,350.5454668786358
26,2,85,4,30,65,69,58,86,83,275.20672049135084
35,37,95,7,98,51,89,34,27,3,403.1874550335904
91,80,43,27,29,55,96,86,39,59,521.585431384825
29,27,51,31,63,26,21,22,4,35,574.9994339011315
24,30,60,91,44,74,59,65,54,15,344.1014888018559
69,92,4,28,15,48,56,97,17,61,335.85983434170595
95,98,80,92,23,92,15,71,31,66,345.70454136167785
75,82,78,80,45,82,94,21,22,49,632.4891989964563
80,39,33,99,21,11,36,34,8,70,441.1740431448246
51,11,46,37,20,29,19,0,20,53,401.08556883876867
6,42,36,66,15,77,93,57,60,0,287.47870420646973
66,73,79,19,41,44,56,20,19,41,369.7309358184861
23,65,59,19,18,19,69,19,54,46,471.91553502609503
73,94,50,12,85,62,66,66,89,48,508.7572610471601
39,40,89,33,21,63,9,80,82,50,398.0015836356334
13,97,75,22,11,11,59,71,60,45,480.3353868296542
41,47,43,72,43,44,48,35,49,36,243.6072101110726
45,1,72,74,40,98,0,80,77,13,635.1147985746469
15,85,5,73,33,71,13,2,90,51,633.8558477554027
65,94,8,90,65,78,96,42,97,40,451.72603716214735
79,16,2,55,76,16,36,65,15,7,226.60655586263476
4,87,26,46,40,46,24,10,24,68,417.4389762464706
47,23,52,3,31,45,42,39,96,1,507.75367918858524
1,43,40,96,48,8,8,94,0,32,498.9865592912589
94,43,53,74,37,61,86,56,17,88,293.8519867993641
3,74,53,12,9,95,47,57,6,63,219.66498030843297
16,59,12,73,24,81,19,90,75,79,178.42693657573554
87,95,2,87,32,22,42,16,57,59,480.73647305876267
54,71,43,48,4,84,95,26,38,5,339.6869115034973
63,97,73,49,73,45,71,40,85,74,374.86361526106305
79,17,78,89,36,87,24,90,97,12,301.2196738939503
88,13,51,22,87,70,50,52,1,35,630.4660729588815
64,32,60,7,88,65,96,92,54,60,393.9941516862712
23,71,41,63,95,56,61,55,61,5,343.9328724969409
34,38,44,43,52,68,5,89,9,84,465.0044079072887
59,32,80,56,90,42,75,34,48,82,463.8127637575209
74,64,43,34,92,56,80,93,44,78,163.94965813019712
10,80,73,45,89,94,17,59,47,57,112.78635162580173
83,80,1,73,37,40,8,37,6,18,300.6414948439571
47,84,83,71,17,34,75,61,48,47,209.82087814072025
6,36,33,36,67,56,80,60,6,23,206.42785370151628
45,38,23,69,1,69,91,89,13,6,351.3182604867068
65,16,74,94,79,41,8,80,41,69,470.97283341133806
31,60,86,67,79,58,35,13,66,18,228.03280367518937
64,82,7,60,59,89,69,44,40,15,287.7370021707008
89,16,77,73,61,99,23,57,73,49,347.29067679136637
58,70,79,81,70,52,48,89,74,52,321.2879676543544
15,40,55,44,32,86,72,72,19,39,600.430806685365
40,29,0,28,38,40,80,59,59,55,434.26598762192793
99,56,37,70,90,61,5,42,44,90,181.04036804307316
73,24,70,88,12,77,75,42,13,6,492.46197724469175
95,67,15,7,38,40,52,83,39,20,466.9795919992308
17,31,60,37,32,5,14,69,43,61,187.75073938257498
93,43,82,61,10,0,88,67,58,31,317.218086016023
15,53,72,7,89,1,18,4,98,70,507.60203056846433
59,22,59,82,45,20,60,92,69,77,435.5138900285697
82,74,62,38,72,62,25,65,49,63,572.1994067025034
71,23,34,84,68,94,98,95,81,57,282.5203641292711
19,7,20,75,97,21,54,24,66,16,334.74122188858894
98,96,51,17,79,72,64,14,60,55,476.5363574687069
16,72,26,16,86,53,90,16,29,0,280.06747263924876
54,43,85,95,83,17,67,15,59,35,239.3787959623579
85,28,79,73,5,85,1,50,60,20,210.99397735936537
11,93,2,45,87,36,75,91,27,87,418.92909837800596
15,23,71,40,60,89,81,50,2,60,589.939891359148
20,42,12,6,25,52,32,2,99,55,446.84029863448126
1,4,88,50,15,7,1,75,35,55,268.43621969549145
86,67,45,7,93,42,62,53,66,36,623.8495081934026
68,8,12,60,26,49,50,39,24,72,278.42823730806657
82,43,86,25,16,58,73,84,88,64,394.628926163775
27,86,32,88,97,58,29,50,80,43,456.76210687988373
77,75,91,19,82,18,63,96,84,55,171.62469555585946
5,89,6,97,56,71,53,19,25,66,404.9794977270164
64,18,71,96,40,54,81,50,3,77,555.7645695957154
54,78,73,21,9,6,1,49,5,64,455.1727810260533
43,81,19,85,41,56,68,9,21,65,280.653050921468
67,85,55,64,91,13,48,46,92,94,513.4385051712568
35,80,96,68,79,1,3,64,97,4,280.5603161798998
28,30,0,19,59,59,13,38,62,24,384.4588736945081
8,90,17,87,24,78,49,95,28,95,413.0115199343909
7,30,14,35,3,28,73,61,19,34,734.984878006361
9,15,94,32,57,8,82,43,56,87,257.96770827150203
5,84,29,73,29,61,33,50,72,47,590.6721937161991
27,14,55,63,79,84,31,44,71,83,261.89174341564114
44,78,71,81,93,30,45,68,91,79,276.5564800131622
19,95,25,21,21,64,61,5,43,49,530.0464262646885
26,38,47,85,74,46,64,59,94,82,489.4470277771194
55,21,79,12,60,28,10,93,64,23,287.702000927436
4,82,20,29,48,69,77,11,97,82,478.8016493913882
66,73,33,92,48,51,20,54,32,15,377.5473422292402
23,29,95,81,86,22,24,79,98,41,312.3729027546852
67,83,9,35,43,30,17,62,17,68,116.75515956779026
35,55,30,15,59,94,86,41,8,34,474.1416482427413
5,18,17,32,65,73,23,6,57,90,379.4741093029958
61,23,91,40,1,91,90,85,5,20,465.9881897973817
62,92,73,72,65,77,32,44,29,88,354.0234241666411
40,53,30,36,32,11,98,60,69,39,350.73656346183225
19,19,28,77,35,58,43,91,26,87,288.95695199744375
95,26,96,90,52,12,92,98,82,52,323.32013859511835
2,68,98,17,10,38,34,76,96,25,369.7992872086187
57,15,77,64,21,13,58,57,91,14,524.5536893083381
80,15,72,23,46,3,15,41,72,18,510.0513148170522
3,88,48,13,76,66,41,95,22,94,113.02304290203136
62,13,32,38,4,12,78,24,77,41,581.8224221485996
47,8,88,15,93,63,43,35,60,52,305.5584921171383
8,0,58,55,79,44,77,6,38,5,388.911170440263
56,30,6,19,39,12,56,35,35,51,363.0417720871098
97,34,60,64,21,15,38,3,16,29,640.2103592514403
50,26,26,78,93,96,58,62,32,95,437.11263583119353
14,62,91,36,84,74,76,11,25,63,619.2946332877822
79,37,11,34,18,28,48,35,82,94,232.43520186327274
5,12,42,23,42,68,71,20,2,94,396.8086111419942
90,56,59,98,82,38,5,73,43,36,612.0136420431525
42,2,52,64,59,60,98,11,17,91,309.5156871454527
11,55,92,30,4,34,96,47,50,24,473.1517197596621
23,89,52,44,85,4,25,62,49,15,448.7631781292682
25,34,53,97,14,56,12,51,87,33,534.822241613931
28,72,81,66,68,79,33,42,43,24,280.4141355548773
42,43,81,34,18,85,40,0,70,58,165.74122443050612
10,19,2,8,37,89,73,34,78,9,229.79871864833748
43,91,91,15,32,97,40,14,75,71,466.2870505629464
21,27,45,46,11,87,72,97,77,95,515.9728108311663
72,79,45,25,15,74,99,80,13,77,386.41520150033983
27,26,37,55,18,51,59,79,85,34,108.15301359842874
52,36,81,33,99,91,54,23,10,79,266.64941337901433
71,84,97,2,8,3,72,42,61,84,546.3126331112903
82,63,56,41,70,61,79,65,55,43,516.3958014268665
8,83,97,92,47,66,38,3,16,4,347.97082727385487
80,37,66,79,47,26,53,84,18,99,571.4200961380699
13,39,8,78,52,61,74,8,4,44,348.1728506820441
93,12,71,66,42,12,61,51,63,78,194.9776702780982
6,27,70,40,31,38,16,68,7,32,184.09702775388052
83,12,63,63,11,83,52,23,30,80,375.62809611020697
83,8,96,16,40,99,60,38,16,44,635.2743845075973
38,75,30,13,2,19,6,76,59,41,422.11223376866025
63,84,5,31,75,56,34,46,29,16,467.4152041246775
44,90,42,57,10,21,87,5,93,13,422.86187060342684
87,82,93,2,25,70,53,26,88,95,462.0910724306266
77,15,41,56,80,27,13,42,97,54,273.2433251755676
71,31,20,26,49,24,59,96,17,57,284.6834011379584
63,36,18,70,98,25,96,18,84,91,164.89726246450962
34,92,77,3,99,75,3,89,53,82,321.4120146446904
61,45,11,61,75,8,20,88,68,24,264.94154824694584
24,96,59,27,27,39,53,69,42,41,705.7039520373905
75,75,96,72,90,21,43,33,18,16,322.77432944643425
47,48,43,60,88,18,97,60,79,81,375.85217830887177
93,56,60,32,17,90,80,33,85,91,131.3616526535226
72,46,43,92,55,56,7,14,39,99,510.27450971933774
71,0,92,6,91,77,11,53,29,27,458.6205921591439
65,33,27,8,39,74,69,2,29,76,428.58804992684026
53,91,29,50,15,86,8,10,46,22,282.5347603491412
15,64,40,4,2,99,91,43,58,48,575.1801114786465
26,63,46,57,88,52,31,86,23,58,717.3931307394423
21,8,4,82,72,70,95,21,6,21,290.32350593040775
31,99,43,38,37,37,64,50,8,12,337.6629201920051
22,92,96,92,75,10,67,0,68,7,219.69283110391055
92,70,41,59,77,85,5,63,24,2,477.530258926965
80,62,24,9,21,10,91,4,97,50,485.2659607481935
44,26,23,87,32,63,92,96,23,22,269.44290430898354
34,68,81,56,50,80,86,27,36,28,480.2317983182806
51,83,45,91,93,99,82,20,19,42,306.6221434536491
3,72,15,3,32,23,24,53,3,98,227.2447926410395
27,84,96,38,58,20,49,61,20,49,489.33078385575294
58,53,26,31,70,11,98,38,25,50,606.5561620863944
72,95,71,46,0,86,98,93,50,66,389.817373383282
13,37,28,93,31,87,52,58,32,93,361.0545720341383
66,40,40,47,28,22,0,4,29,40,322.1775513496274
70,15,7,59,99,25,66,45,59,89,202.90292846616853
12,66,72,33,56,77,89,62,34,30,580.5545865102621
43,74,0,78,70,2,97,33,2,45,401.7870139043183
41,59,72,25,16,17,46,41,53,68,363.8828620467316
6,35,16,66,6,96,77,2,59,17,583.546787722503
16,40,76,60,27,47,90,47,52,87,576.442638315468
77,21,50,28,83,62,26,31,70,92,415.68667141546103
91,77,37,47,90,62,49,49,80,62,472.90003812069136
28,37,57,9,77,56,25,95,50,89,312.94698837721893
86,77,8,38,16,85,95,11,79,51,685.3553123582533
19,4,75,93,52,92,35,62,1,72,276.251151366495
29,50,92,37,35,20,64,88,16,99,312.0155232415384
38,46,17,79,75,89,23,99,64,76,554.4233861200117
80,59,3,66,84,77,35,36,38,92,275.22429355079845
6,14,23,94,82,61,58,93,97,88,515.3694998117833
20,15,19,7,22,16,30,24,62,23,327.2092148069068
80,64,73,44,76,74,59,13,86,68,237.2003223742716
22,71,89,74,20,98,96,81,57,98,328.9818457989967
1,43,54,72,14,96,97,48,4,12,436.97392893256267
52,87,76,30,87,68,32,20,27,56,500.678293666466
56,44,93,94,20,66,81,89,80,58,429.2152559290189
15,56,11,81,53,2,99,99,0,86,366.9876694150524
82,75,25,82,9,16,62,2,24,74,254.87693337423354
67,19,52,5,5,62,37,81,72,1,338.92626312469656
93,21,11,19,76,54,88,78,90,61,395.3783677443783
5,80,96,56,7,79,75,51,27,49,356.2747291269308
42,23,72,94,67,27,33,97,45,43,551.7843200659062
69,11,98,34,79,60,39,50,70,99,448.6530218127183
19,75,86,4,47,78,79,98,95,54,470.2739169020445
67,33,87,74,3,12,55,87,83,64,298.80607286046717
36,88,77,36,97,11,17,11,49,24,271.78586182299864
64,45,97,16,79,31,47,47,98,3,502.828352496313
94,98,4,76,29,51,87,56,60,20,491.2213706803884
1,83,33,26,34,63,16,52,13,70,310.022353587735
50,7,98,4,0,16,43,5,54,39,519.1561670789599
21,23,22,44,81,73,35,83,0,31,207.7879410271816
58,42,2,58,32,92,64,63,76,9,513.0357616756729
89,37,95,15,92,94,13,91,73,32,421.1917445789268
43,94,46,87,22,36,74,13,53,81,443.0569398240524
67,87,3,95,3,20,47,78,60,91,215.88380286253985
54,40,21,4,47,8,40,53,88,52,543.0656891049182
17,19,58,52,61,52,39,43,13,78,297.347290238254
86,80,97,94,31,90,41,83,24,87,415.4612216454486
82,70,34,28,58,5,96,11,30,61,585.1961085420614
13,68,73,96,60,68,43,99,9,75,633.2681372692863
8,92,3,61,56,7,70,9,21,21,393.4244421834449
38,36,37,71,61,47,33,51,99,31,421.5659541821614
74,70,18,96,67,36,94,67,44,10,261.3691791810902
60,40,6,11,85,5,48,20,56,91,95.46617128989936
20,80,28,34,45,5,2,7,83,83,244.87401299727932
38,37,5,12,29,75,15,28,24,69,643.72373819677
52,28,50,29,39,86,87,0,16,19,233.54392398890235
26,74,98,72,61,56,35,14,49,2,534.8035104925473
36,33,77,64,62,50,70,84,43,23,387.564703430377
38,45,99,34,35,26,95,63,5,81,443.53732132891247
67,78,45,88,49,95,87,72,21,47,447.8250710684151
72,16,2,89,97,81,63,60,50,1,392.60112298547364
82,42,88,1,98,81,29,61,86,36,455.00372586997264
4,22,43,69,5,96,58,46,23,59,368.84208100633873
92,7,71,50,78,63,36,43,96,75,494.7721256777628
66,90,48,59,43,4,91,25,98,18,291.9797236569138
84,75,64,49,59,9,52,90,65,55,286.799854076694
40,76,48,34,20,92,54,12,40,37,339.0997342539655
12,94,33,72,50,99,40,19,29,98,356.20147640659985
29,23,7,31,58,7,95,86,67,52,597.6619860329265
75,58,87,90,91,60,26,74,70,30,251.09518809180565
31,99,56,52,35,77,2,39,84,54,300.57372005100734
40,45,22,77,5,77,91,12,46,43,345.33783054533035
56,11,32,10,74,94,86,76,3,98,404.21922294637096
62,46,89,22,78,32,69,12,7,53,413.0406636009792
92,56,27,87,58,70,49,17,7,17,682.6960159586677
2,43,56,19,53,22,14,36,52,39,322.9553240822748
58,96,88,15,19,30,33,33,6,41,452.715706963181
86,74,64,53,2,81,85,55,65,2,648.1601934669311
92,33,62,15,1,60,85,94,93,97,196.15429421415718
43,5,60,69,67,94,1,81,23,71,117.88588792501002
43,9,16,31,74,57,26,30,16,34,483.10292643190303
43,59,13,88,88,26,92,94,74,80,366.9738666041257
69,78,3,3,28,84,86,30,71,50,514.462436774135
47,26,53,17,95,53,69,20,54,92,302.36902482741544
91,64,7,81,4,29,90,85,54,89,451.06132860926505
16,72,85,31,55,78,94,49,84,10,384.7633696067993
65,30,48,94,85,6,43,62,12,84,551.920592864528
0,20,69,50,18,66,94,57,36,42,249.93247984898497
86,84,63,63,4,46,84,50,82,19,595.4684836788567
3,14,38,6,15,10,64,33,85,78,318.224799986745
60,74,52,7,75,14,43,70,13,68,372.5710603029687
88,9,77,85,17,55,68,16,21,50,440.46397495892234
66,62,74,23,72,56,36,22,5,66,436.46883700795746
32,50,81,65,94,60,35,96,59,32,520.7575649810763
82,3,64,62,40,21,37,48,14,88,480.10297156396956
26,55,5,71,70,52,57,2,34,1,551.0015873539858
88,77,84,92,42,8,52,89,17,84,436.7512911205268
14,1,11,98,33,49,99,76,57,67,516.0999352568672
31,41,50,9,35,9,10,0,56,17,347.1980388716087
61,87,62,43,11,56,79,3,60,0,452.9373041574854
46,26,74,61,20,45,9,98,92,93,231.15862557150936
27,23,44,21,98,1,63,35,66,68,394.88601504429585
81,31,13,90,6,24,50,32,5,31,402.1894383690013
63,84,91,32,64,41,65,82,48,45,400.35333350303586
36,0,8,37,40,40,30,72,90,44,460.47631534685183
98,29,49,67,84,39,27,42,17,24,351.31366552475777
64,46,39,70,35,36,58,23,58,85,207.4333165634767
30,12,10,4,8,22,86,90,57,93,373.40613336717104
55,10,51,43,64,71,2,5,59,27,518.8831337497022
37,51,98,3,64,7,56,45,13,83,499.7633807248945
11,93,40,97,33,44,57,35,51,61,445.45743521897015
99,22,61,54,73,81,2,13,35,58,363.35534124377443
77,71,22,2,51,65,49,2,0,9,578.6995100878186
77,91,64,56,74,95,43,9,2,85,308.0633916030888
68,47,14,97,5,4,79,92,33,35,476.9461010616865
55,64,35,52,31,55,38,15,61,38,194.43556112488892
80,53,24,36,5,96,14,33,68,56,294.63364260073286
31,67,76,1,38,60,96,56,75,45,310.5747197518932
96,27,24,72,65,99,58,97,90,67,479.0088578169746
91,18,95,21,96,86,20,10,84,88,453.4838832551839
61,68,94,92,59,8,52,67,39,10,456.81062796761137
39,75,10,78,40,53,74,31,72,67,472.5441411646516
54,53,72,82,82,43,1,78,7,52,461.0926650204799
47,64,87,41,51,25,89,4,51,95,330.54201808506656
11,25,78,7,91,94,20,31,62,11,536.567087717415
85,78,33,90,40,49,51,10,63,92,493.4521655309928
54,20,10,25,7,13,97,49,37,18,397.165315547082
3,82,70,58,93,12,25,62,5,3,416.38863881838495
35,45,37,36,13,73,88,45,81,1,397.58846796916436
5,29,42,53,4,25,66,72,20,73,647.4062741354294
39,14,59,17,50,87,54,57,94,65,233.3042284511148
27,18,72,65,90,60,28,92,64,65,391.9065446575541
10,60,2,42,31,50,77,53,40,6,201.37840052982304
1,33,13,80,25,46,21,37,56,50,373.68109296160264
81,2,50,93,76,34,51,93,86,70,275.79843552948233
10,25,87,66,78,84,1,29,74,24,153.32785698132653
14,50,1,72,42,77,34,86,28,60,546.1139321340075
88,46,79,96,91,11,67,81,2,28,270.4729880527888
50,74,61,53,61,62,35,34,33,26,536.9409923568062
53,93,48,39,61,84,59,29,79,71,474.4985750563782
30,32,91,30,95,22,49,33,58,21,507.99486461257095
33,53,31,2,88,12,74,7,69,69,607.0765114293092
7,28,30,54,67,25,13,57,78,80,523.7601585773768
42,23,66,43,46,28,95,33,13,82,473.3709139669422
66,80,8,93,38,87,8,11,95,72,282.4723110819209
2,59,62,23,42,62,2,46,20,15,378.4036150872561
34,77,31,75,70,15,85,21,61,23,255.3724494157083
63,66,35,71,42,65,38,8,15,35,560.8873390549209
92,24,56,66,37,58,64,78,11,62,494.9802468208858
64,15,1,98,22,0,5,75,24,28,583.8992065338723
26,45,48,42,87,36,15,59,10,97,451.0205579798105
31,56,1,65,42,16,48,2,90,73,459.5399360732095
99,91,91,83,76,60,50,6,91,14,412.1366958742369
52,75,43,28,69,79,2,25,80,69,220.88843895133618
85,31,61,26,91,0,62,23,53,74,317.5292609699497
67,99,60,3,24,61,19,79,41,19,115.74942919529781
87,6,60,71,43,28,66,68,59,57,365.12617053102673
17,86,94,95,34,59,61,54,39,36,314.9441419011473
50,95,15,40,77,60,67,44,36,39,180.24515215163544
77,16,96,30,50,47,11,3,38,67,547.6067962484836
60,56,41,31,68,40,29,88,45,97,271.8409512999872
66,4,30,44,66,17,21,37,77,92,437.56865238881755
39,76,2,4,80,82,17,34,38,79,189.03058143568987
11,9,10,74,74,92,3,39,49,63,522.4491633993152
23,81,30,56,57,91,77,87,26,62,546.5363160252065
30,55,53,71,18,82,46,7,8,90,254.32162386429377
41,38,47,65,3,44,84,35,50,41,453.83244649484544
98,27,11,10,41,89,49,37,33,84,461.18585891929706
56,63,40,69,37,85,67,31,10,40,360.84428392891704
80,74,90,92,89,36,53,51,52,4,249.49559468549734
63,35,99,79,67,46,90,39,67,79,380.9575953699443
15,89,81,23,39,16,3,75,98,45,445.528878939366
71,45,89,44,41,85,19,74,3,59,295.76358026462134
38,10,76,58,71,46,34,62,69,44,466.1009838630348
17,53,0,13,46,92,33,91,5,59,284.8804065671262
18,47,9,9,69,84,12,81,17,66,162.21841572972323
88,40,96,51,57,58,26,85,93,74,167.44476820419536
19,54,59,55,40,53,92,55,70,44,376.3130081200251
6,31,78,0,75,45,80,76,45,51,196.85078026050425
89,80,79,10,20,10,17,3,45,78,187.4138813413515
56,63,25,14,62,36,42,47,94,60,367.45284411882216
45,71,89,73,62,46,88,82,58,29,435.55015434879255
39,10,87,14,18,76,78,72,37,67,477.06275265552773
22,88,25,86,16,12,57,78,10,19,356.71907382795104
6,44,39,47,86,79,64,48,33,36,545.6641227647277
65,87,53,54,77,10,83,57,4,2,398.2396815139512
3,12,74,43,11,28,55,73,7,98,278.33240413310045
50,50,77,0,13,1,37,55,24,3,369.19132138116146
41,70,41,0,50,72,13,96,91,66,362.34406711143475
20,54,46,21,33,98,36,30,25,44,551.2906159457461
10,29,66,42,70,88,89,37,75,74,436.63940886443345
10,63,10,88,67,49,42,93,78,35,514.5897525092332
21,2,68,27,14,66,78,91,54,82,506.85527460284726
57,21,63,99,12,94,97,5,78,42,369.88358176326
83,80,56,19,59,53,27,48,61,24,397.5777535868189
74,96,69,68,17,89,11,12,83,79,433.14559098143985
64,73,10,64,67,27,37,15,78,67,521.7146292378934
57,16,69,59,93,47,85,60,91,78,277.9669736288067
74,14,94,11,35,96,97,31,42,99,467.04867778138646
66,84,33,95,17,74,86,81,36,45,240.52453758452214
1,15,3,6,11,84,32,68,22,84,558.26637266134
72,71,74,9,20,15,41,76,21,5,270.39926871405
74,42,12,8,18,24,64,90,21,96,187.7393173620323
75,54,36,88,38,99,31,70,35,20,425.9631596856919
31,72,49,47,37,14,71,96,79,34,638.0749909790677
50,80,39,65,18,34,92,11,45,47,247.8853999772826
59,93,52,58,36,96,55,37,10,55,414.46188454242787
82,39,5,70,10,80,75,23,59,36,355.06910645033736
88,30,71,7,66,46,18,5,13,98,248.11650351849852
68,16,7,97,17,86,58,10,58,82,197.15815907476394
4,8,6,52,62,34,89,4,88,17,438.3337123885451
32,93,23,64,30,73,2,18,40,89,416.3063364759429
63,38,78,15,45,88,86,16,37,55,538.6483889300744
60,81,68,96,62,24,14,65,57,46,315.12290069633605
23,0,29,45,55,5,66,59,65,55,435.43261168181556
47,33,9,9,55,98,66,84,9,26,387.50370723956837
64,84,5,72,74,48,48,70,48,28,504.5939254030018
11,56,4,87,59,99,89,33,70,32,510.2876065051298
42,49,44,12,63,25,20,99,4,77,428.6644252028376
38,18,80,23,67,83,89,18,10,44,442.10628392847406
18,67,97,59,95,50,9,73,31,92,400.42927058364296
94,52,75,54,48,96,92,22,36,57,484.45933669914183
63,98,45,12,99,96,25,44,34,21,518.6904743427899
66,71,66,38,88,64,5,91,53,7,556.1650741625505
79,42,72,55,88,91,92,1,96,10,651.9808995692194
31,6,63,54,15,0,99,82,26,51,367.64360866728987
39,17,77,52,80,80,20,80,15,1,237.75537527514243
47,77,45,2,78,17,75,77,96,91,379.1563908582609
35,33,24,13,92,31,5,8,42,71,310.7450430007229
59,6,44,87,40,94,45,19,55,8,555.0168779664982
95,37,58,95,86,76,5,43,2,1,376.0044700453036
50,44,21,29,40,48,43,72,12,6,642.2276536900501
45,62,84,27,50,50,89,69,81,11,506.4719077237001
87,76,64,9,54,45,48,34,52,51,380.71866673520213
13,33,14,17,60,24,71,0,78,48,703.6001912913422
95,91,73,86,96,43,12,35,5,31,435.94769626294715
33,34,92,48,97,54,29,83,25,6,472.8955674710219
3,72,0,44,66,70,34,10,14,31,320.7834436458568
9,92,62,20,2,4,81,20,20,30,538.5441919764293
19,55,4,55,77,17,11,51,93,91,256.88792510091616
11,6,50,43,87,54,98,35,38,9,577.5301746105363
76,77,18,57,0,86,89,81,52,54,343.3774711417574
87,86,44,12,76,28,15,14,74,1,460.7841310455641
47,83,81,5,22,98,66,15,43,41,434.1788005595361
24,44,12,32,80,98,5,32,12,8,269.8296692029953
86,20,77,90,90,87,27,6,24,84,654.2873666139412
0,44,63,33,62,72,43,57,62,70,504.74255483562104
66,80,54,32,33,59,51,3,74,99,273.05632608825334
21,88,15,24,16,91,7,55,74,47,210.77027102422244
26,41,64,89,91,88,83,3,24,17,495.7264340261288
99,16,45,82,1,5,4,69,34,86,237.42662395091753
75,30,87,90,25,31,74,97,65,99,423.98860123790945
24,17,25,96,59,62,50,33,80,61,490.45321823279187
31,21,22,8,79,17,46,41,70,0,160.83397883139972
43,9,3,32,58,56,4,79,80,25,442.3471000188241
66,20,69,98,71,2,35,62,88,43,407.14004705218366
55,11,28,76,26,50,80,48,95,22,308.1754773732698
46,91,7,91,33,25,28,74,63,71,175.6433590208206
6,33,6,8,17,42,30,40,50,81,171.6048379022549
59,11,47,65,74,98,26,26,55,97,362.28844459723115
52,21,74,82,61,5,47,6,9,78,226.5882630139795
29,50,81,10,44,59,52,75,59,21,368.3858011491243
52,63,58,93,53,6,62,91,2,97,296.75787946786596
70,24,45,26,49,63,60,3,76,62,515.6420413649172
1,90,67,85,38,14,1,5,7,44,504.20652091329845
76,9,4,91,88,33,95,21,19,91,336.64315300335795
85,38,53,87,9,97,39,88,67,9,282.01539076537733
67,27,8,2,41,77,48,95,62,49,272.7787183899817
10,30,39,39,75,49,2,98,61,8,162.07276358136087
35,9,3,90,77,48,35,26,22,84,355.868708294714
84,79,54,84,17,68,61,66,51,18,81.60396486305552
74,50,2,75,32,3,23,3,99,52,372.6530751885248
50,56,60,26,20,39,39,62,94,18,270.1311925123928
99,14,40,68,57,97,86,45,27,95,329.5800307701112
68,84,57,5,67,16,57,39,52,39,340.5080334874045
75,48,75,97,27,45,90,70,38,27,516.464426717838
14,90,99,0,87,45,95,72,86,47,523.3403716848276
94,9,76,90,54,98,98,43,76,52,561.8324025596178
58,28,38,57,69,5,36,78,63,15,288.6334111265098
17,49,60,95,84,49,30,30,6,81,219.82666142904034
16,6,67,31,97,59,71,89,8,10,483.9623392465959
5,27,10,30,2,1,90,56,19,9,589.249498691245
61,30,71,34,74,5,28,75,75,59,263.0133193487293
7,64,17,0,2,53,32,95,11,85,527.7214409405593
4,65,55,16,39,53,1,69,25,81,573.3188361908298
38,85,77,27,85,52,89,54,37,99,511.40363386344086
60,8,89,69,49,45,35,83,96,21,420.48491847973105
39,79,88,4,50,15,60,75,43,29,332.06086981262723
85,77,85,83,82,14,58,79,46,27,376.8786607541
32,26,47,56,77,56,0,90,69,13,279.6979768034364
94,12,63,66,8,39,98,18,17,61,231.58927971424998
17,23,58,65,77,30,75,33,52,27,308.754365923788
5,48,21,35,58,54,7,65,7,4,541.3348288171742
33,63,42,3,57,31,10,84,83,23,234.39677545145193
16,19,74,84,66,10,46,97,28,85,261.9933737402913
1,95,4,75,49,91,18,25,86,28,368.0633890045592
7,33,36,14,87,11,77,67,91,90,497.5430548324286
86,66,76,48,31,40,17,34,64,27,492.1459610971005
86,44,82,64,19,36,8,24,66,84,692.7595759446456
36,16,34,67,15,95,12,2,19,51,265.81848501487826
91,21,98,9,64,95,44,82,40,60,401.0766951591854
23,90,96,21,35,73,43,28,67,52,491.6783020451985
77,88,7,63,67,77,66,13,96,84,292.22145599765906
33,5,16,92,84,30,42,29,37,74,236.1013343786698
39,66,85,82,83,89,92,53,66,62,410.0289437856124
39,94,79,97,70,89,80,76,7,42,241.90275770281738
85,73,42,89,14,18,72,10,85,14,293.46929303341176
48,52,79,73,34,97,5,30,0,49,305.34737833662655
95,85,20,59,95,51,83,86,2,78,526.9035806574244
43,52,37,63,32,9,47,81,78,86,160.1574870549574
26,28,90,92,78,94,34,64,5,88,492.5028600269319
43,99,60,72,29,24,74,37,64,36,426.0288056495866
75,49,43,92,45,86,24,68,15,54,424.0232774411097
12,83,71,60,89,32,6,12,13,7,208.42312680593002
54,14,66,2,93,89,25,21,7,16,440.0809720862129
25,64,66,15,63,80,24,32,27,65,294.9348799003708
63,25,30,41,72,93,97,87,0,14,605.9518518933912
93,82,36,45,75,78,99,66,20,5,343.0529599902072
34,39,14,58,6,98,6,2,27,98,610.4721009974971
86,66,73,60,60,96,23,91,99,42,724.5772446647156
96,42,73,40,37,49,94,24,49,76,411.4801311143066
17,81,30,56,70,78,46,90,54,37,460.6999239606215
52,84,38,36,13,6,31,3,81,25,466.1016508159312
67,90,93,99,10,45,72,76,76,58,78.53134825811537
17,15,41,44,52,58,7,94,3,53,297.324532568428
66,14,62,12,92,47,77,34,20,26,493.36569809369865
95,51,61,3,90,81,53,56,38,31,545.5147025508845
68,10,42,65,65,58,96,9,61,46,210.20419025108941
10,65,68,25,22,1,42,69,98,90,338.28743253335404
12,82,9,66,71,89,84,89,4,59,344.82255390612823
84,26,15,95,24,57,56,36,71,10,129.08695346408047
61,8,98,82,69,98,24,19,42,95,281.58830688512313
77,45,86,95,12,3,74,3,55,65,347.6492810332113
34,31,62,96,82,52,30,18,63,87,204.8931326313697
80,32,65,55,12,99,22,49,59,79,503.2621622028349
59,15,80,96,93,2,22,21,62,92,309.3719725192865
91,10,95,63,28,27,50,4,49,8,311.24613689197497
6,0,34,42,64,18,25,10,97,33,350.35107634606186
10,67,77,21,48,13,25,25,29,83,400.0229804037599
17,30,87,45,42,74,15,59,94,39,290.99480874640165
19,52,23,36,63,35,90,52,75,1,547.3170757481157
79,34,30,34,60,48,12,61,60,6,515.4139871439961
72,24,55,24,79,64,11,70,56,14,573.147945284247
76,25,21,66,6,89,93,7,24,45,537.2079927303505
62,42,73,46,32,35,88,11,99,37,655.7689469685333
10,47,77,66,78,75,46,80,58,36,352.4137002334659
22,83,63,97,36,92,63,67,7,48,339.3027626450514
25,48,23,17,58,30,27,53,67,16,389.6061967306005
28,73,91,15,54,53,11,36,39,99,589.9873371390742
68,0,7,80,94,2,58,28,0,44,502.58257474912824
45,48,86,78,2,73,39,18,17,47,358.29136662658067
69,73,63,96,56,98,71,82,73,84,511.792242920581
58,2,96,45,2,86,27,19,36,8,484.2926444679009
77,81,38,27,73,30,14,0,47,94,217.13157333597312
64,46,83,10,62,89,45,64,46,4,456.1085500011587
47,56,22,9,45,84,5,94,6,15,435.16849651289806
53,29,7,92,83,17,84,30,70,43,387.53478256339656
10,93,63,85,77,20,64,88,78,72,440.0703740835758
61,43,67,33,86,87,97,45,89,83,254.19444233120902
31,52,40,25,9,21,61,31,84,86,163.92350466993332
65,60,9,79,94,16,48,34,35,70,558.4455917297053
24,38,91,35,85,22,42,64,71,26,555.6952127984716
16,13,82,86,12,84,35,11,91,26,364.9000985960165
36,35,22,91,45,66,43,67,9,29,284.9993469818723
31,39,44,63,3,4,28,11,24,42,588.0787184368036
77,6,73,5,75,41,58,95,96,98,534.9258500124793
51,73,50,53,51,79,16,52,82,68,480.16256354847314
81,57,44,4,28,46,6,61,30,14,421.13391343718325
99,41,73,56,87,72,22,97,18,50,611.7217193690992
27,71,49,33,43,7,71,99,81,45,324.9776626309542
50,10,66,9,60,70,48,68,32,75,632.0724797599303
21,97,66,34,85,83,25,0,37,43,231.83230845200399
49,29,41,56,14,99,68,9,1,98,571.7542773130142
6,46,84,99,18,65,95,61,29,15,223.0563040410279
0,63,6,95,42,2,83,3,38,61,220.33865728709927
23,12,62,13,83,75,41,44,34,55,370.22547279464834
4,54,96,26,10,16,2,7,15,12,120.06047419604914
68,42,18,28,1,0,25,97,48,44,347.8362449861851
28,97,99,11,60,36,86,14,54,64,356.3031435904238
67,71,64,40,57,13,71,34,11,81,310.53133310256646
51,85,37,62,46,77,8,18,73,24,311.52617489083224
92,63,79,14,84,30,21,22,24,7,367.6647914473699
58,43,38,37,36,98,17,57,93,31,176.81967596712772
27,93,13,90,50,20,94,16,44,72,398.3689507381869
79,38,89,24,89,56,42,12,50,21,315.71055059207777
18,5,74,44,4,30,93,45,85,66,155.46962622102356
90,22,58,29,5,43,90,83,86,99,348.7491293393303
45,61,35,20,2,15,27,92,73,99,604.1692592154129
21,98,92,33,39,96,80,28,68,4,411.3818942231392
34,58,64,75,63,94,25,16,15,62,372.1962430756398
38,45,57,47,41,17,24,78,70,97,360.0520687554773
10,54,99,90,45,51,6,26,67,91,261.73556938494994
10,8,80,14,46,99,63,90,54,38,335.1438148293652
26,4,59,49,6,22,98,49,19,19,505.0959008118837
34,66,3,29,30,21,37,91,18,40,269.40834126410374
75,19,96,70,13,93,1,94,35,19,266.96721836505344
59,83,11,40,97,93,74,80,87,55,240.16498227996973
39,48,98,88,58,33,50,33,30,5,501.5228865277535
1,15,50,79,97,63,60,51,6,51,352.11852278987493
48,27,9,13,65,10,47,41,39,0,276.0134727073345
32,74,87,44,10,54,29,28,59,12,329.01261472695097
96,59,31,85,50,43,91,92,71,31,413.78880036146535
32,8,4,93,22,7,84,20,66,9,405.24541242671415
63,77,17,77,36,74,74,58,73,47,408.15839345166626
57,90,48,89,4,26,13,52,33,34,509.4679150753067
55,10,67,19,94,96,17,61,25,75,609.1474420096476
99,10,52,98,82,8,95,54,66,39,415.744590644807
69,4,12,61,56,73,50,40,76,86,178.68328990690242
43,71,90,88,64,20,21,3,96,95,597.1019489642392
39,28,62,54,87,53,63,15,22,84,481.7383154739417
68,9,6,10,91,30,31,45,50,26,292.72548403267444
95,26,32,37,56,47,15,55,41,58,334.3650284425505
52,90,87,78,45,51,50,28,43,47,370.9785405995228
29,21,88,30,38,35,79,98,10,14,299.3358319802279
79,61,21,48,98,62,10,16,30,25,435.7542917129904
38,88,39,31,61,89,85,15,86,4,480.57373901755693
76,58,31,31,88,97,85,36,68,90,364.42862637600933
58,58,34,50,6,73,32,99,86,53,230.03842682576726
60,64,0,18,22,55,26,72,72,13,422.3739379306288
57,63,5,35,61,28,54,6,59,42,644.5773877861461
6,49,40,98,56,77,45,82,58,53,329.4662086947585
85,51,47,96,25,40,53,84,43,73,419.5054863137716
49,36,4,34,38,51,97,97,24,7,294.843017185269
65,51,62,24,61,76,6,63,95,38,403.1534588587023
82,9,97,37,57,17,83,97,90,86,218.4619609150578
57,98,84,91,35,9,64,1,73,38,269.5386725847369
7,68,38,63,43,33,28,33,30,53,363.91578874593586
13,83,87,46,7,15,43,85,28,30,486.64004948556584
41,10,41,34,31,78,80,18,4,94,226.0301051636916
39,98,65,87,47,17,19,19,17,79,399.51400067948117
19,7,51,82,3,31,15,30,0,3,598.1864392401508
12,40,61,57,0,42,79,59,35,93,573.4244800566585
61,43,8,77,11,96,99,1,42,38,413.0055030577795
9,32,15,89,12,23,67,45,27,18,173.90663674361102
86,95,81,31,53,1,70,62,20,37,661.5217944990677
15,57,22,1,36,35,1,95,35,78,318.11095612339585
69,35,86,20,60,53,67,29,63,98,470.16738627724135
4,72,48,72,1,47,85,66,84,67,447.3318044197608
33,63,89,79,95,20,5,18,47,86,257.5475488587226
56,30,99,71,51,77,62,57,75,15,465.90682946947925
80,52,27,85,41,15,66,57,35,32,499.53332313042125
79,93,55,46,18,1,43,38,42,32,576.247439212211
89,0,80,86,51,44,33,37,63,17,520.9134549792021
52,71,45,53,60,44,80,40,79,59,512.0910410915358
91,82,0,96,67,17,69,48,60,71,271.3834039639403
68,73,21,60,79,3,93,59,37,64,454.66553751445304
57,52,63,74,50,10,33,18,9,91,303.93403476721977
72,18,25,3,23,74,63,11,35,5,493.2171436755086
95,39,7,39,31,33,75,71,72,31,324.6737378094403
11,1,19,45,6,35,32,89,46,84,586.3733417902878
17,42,92,11,88,8,40,45,23,79,437.15402730886717
5,60,59,28,83,73,58,88,55,3,527.2072735923375
19,17,69,82,49,36,25,59,36,93,371.1375658527841
76,4,13,0,3,87,77,13,91,21,351.0897655572936
71,16,85,90,95,19,52,66,18,62,407.08565777238215
59,51,74,37,82,4,46,90,94,57,284.67311403858287
62,70,55,58,64,11,49,7,97,89,601.8412542130789
12,66,36,63,97,55,17,15,21,84,361.9220610392513
25,82,36,86,3,71,65,5,87,60,467.6113413552768
42,35,72,98,77,64,64,23,86,19,363.0600592360323
57,65,6,26,54,83,38,38,79,65,436.960264066989
93,4,61,34,73,95,57,9,88,76,326.50087054009583
46,35,14,3,31,48,53,81,40,86,401.14873985986316
17,26,53,50,47,23,17,26,46,83,227.18683151140672
38,68,30,27,44,12,22,23,95,83,430.5674384101211
76,75,36,52,65,54,35,60,42,76,364.8634003805537
2,88,83,85,1,41,52,58,59,71,311.7917620305592
68,93,68,18,25,64,2,93,63,90,110.52039499470294
19,94,93,28,56,96,20,38,76,56,505.6445373390243
42,82,93,90,7,57,5,44,28,59,451.0051103899119
72,54,54,44,4,70,77,43,95,21,403.42782171352155
71,24,72,80,67,81,56,9,2,54,511.171681114214
18,15,91,20,86,41,23,21,45,16,235.19675710705175
24,9,33,9,21,6,97,35,60,3,633.5763099239737
40,16,8,39,0,65,61,86,62,22,345.90467541978245
57,15,82,1,48,3,63,97,25,40,357.7861051176984
80,12,15,87,42,2,22,67,60,50,341.7327401784708
84,20,36,6,74,60,34,49,14,28,480.0394522393932
40,75,83,32,17,31,92,23,11,24,187.94143607678134
98,13,54,84,60,69,48,91,49,26,297.4266405190697
65,62,0,2,6,14,1,23,18,29,502.81980974354235
1,91,9,24,20,24,75,57,52,50,288.67879978513486
41,60,9,84,62,5,12,32,58,42,267.3888291608656
24,4,63,43,53,33,11,4,90,29,570.2830903767629
48,18,86,52,96,49,7,96,23,33,564.9639904235332
95,43,78,77,4,59,41,90,74,27,434.3913033852415
43,40,49,56,92,98,77,28,6,19,331.35734145153475
44,51,1,72,79,91,73,82,98,96,393.57314519706114
19,2,96,91,80,33,64,41,87,63,381.1237666372143
59,24,31,79,49,75,99,3,34,79,622.9204238172938
16,53,63,44,21,81,48,0,70,42,479.6631145437291
59,70,48,26,85,4,19,1,57,93,442.35024591440384
44,80,27,38,2,70,78,41,84,54,551.2604663153334
1,60,88,40,53,46,60,1,40,19,227.68845098668984
59,97,58,38,48,90,94,95,1,51,489.00671584679446
17,96,91,21,62,21,70,60,34,29,577.3374143754878
83,65,79,65,77,44,2,9,31,94,136.36569417238886
56,46,57,79,91,98,59,77,55,91,524.944045543166
83,45,64,87,36,62,6,1,69,89,376.51693733702245
49,72,65,16,43,47,26,58,92,57,501.6928795900325
82,68,14,9,84,82,61,52,80,40,614.7708418610274
75,52,74,56,16,0,52,60,23,17,500.706961734982
95,34,33,2,28,18,95,11,56,16,388.6816235042474
93,51,7,45,71,57,99,18,42,13,264.35421628866777
5,60,31,90,48,39,6,31,93,10,478.97262714285057
42,32,83,89,29,99,19,13,71,56,348.83593189038334
99,76,88,31,58,58,60,47,12,75,590.7134920319415
95,57,22,78,85,89,85,88,52,72,227.91969615596068
32,68,62,62,91,62,73,78,93,26,460.40303924563733
36,6,7,0,40,67,94,50,11,0,345.0041518195785
91,89,53,50,84,85,47,30,10,80,337.86616601355837
81,94,47,85,14,70,13,25,48,63,632.1347992554786
24,44,71,99,56,45,23,0,13,62,370.2028064554528
45,64,19,53,53,45,27,11,33,85,575.5949065147586
8,95,29,31,43,31,96,58,19,43,470.93081903505947
41,47,2,23,56,89,74,64,58,69,373.0704126056449
35,41,41,31,60,50,20,7,74,75,550.6617223729811
32,61,58,3,2,54,12,45,54,88,558.2862241369744
58,37,50,77,36,32,41,37,52,9,294.418020770358
61,39,26,24,20,55,73,21,81,68,255.41991299025597
43,54,39,36,70,29,7,67,16,67,444.4689708184558
82,51,56,75,34,54,44,25,12,17,543.9031527607682
86,15,51,2,72,27,68,11,45,95,803.0829093332868
5,59,67,39,35,87,60,81,37,59,286.6230225011214
52,64,70,70,8,58,53,52,46,56,208.31155875930412
50,12,83,93,50,67,12,11,89,58,313.92381676897145
98,8,37,67,84,90,3,0,67,87,47.118040599531525
36,79,47,5,33,62,93,32,35,46,479.4239934166753
89,51,92,75,60,31,10,82,53,85,449.5029347614703
31,35,97,49,83,27,91,46,68,92,321.6802314194219
37,46,23,55,49,89,54,40,0,67,540.9314485979523
61,26,79,36,76,18,87,94,51,52,123.50586670831711
81,89,76,61,37,75,70,99,42,90,302.3809604231626
29,66,50,84,78,76,27,61,58,76,368.0800782095696
83,35,35,52,24,85,82,51,29,36,178.19782370123895
29,91,11,5,3,88,31,14,94,27,503.67119544509063
41,55,94,96,70,63,23,1,67,7,341.51376610834376
56,80,36,81,17,66,81,84,1,95,339.9659623188881
81,35,74,63,40,74,10,42,92,91,219.47685312375427
90,36,62,82,8,57,66,49,18,5,355.3516368910814
51,65,41,81,69,67,64,21,8,6,401.17989292241845
64,89,76,3,67,25,92,74,67,1,380.0077275004955
79,89,84,56,16,68,28,53,19,18,387.80203346275766
79,72,71,55,41,54,58,56,85,89,311.5824744585593
9,69,73,70,54,23,10,61,71,74,320.1510479368649
43,22,56,2,23,56,17,55,9,97,268.49717591585795
71,29,47,19,70,88,69,53,92,80,506.15537904776835
64,72,48,18,71,16,98,80,24,57,240.44013968662145
9,29,13,43,7,21,53,64,64,65,447.0191357683545
21,17,84,25,17,99,83,20,67,56,156.29596275229812
18,97,92,11,38,43,0,22,3,38,274.2910872947284
85,1,86,19,43,43,41,20,28,98,389.1276279014965
67,58,80,40,3,22,87,84,4,43,231.21484475245202
38,29,27,68,49,75,41,35,80,79,577.9871619027585
89,10,32,72,77,71,63,15,60,92,357.264583028174
81,63,27,21,24,28,86,82,55,24,461.2485799133564
99,84,74,77,24,90,38,92,91,20,243.32182596174982
46,0,53,23,92,54,94,63,72,42,575.5020739567259
87,49,55,20,48,38,41,36,6,11,525.6262198437108
91,40,5,58,48,90,91,90,91,9,416.7523057699603
21,95,36,75,86,2,66,20,41,5,170.04830116384008
42,0,98,97,27,42,90,22,1,56,557.6546526922676
31,31,31,10,53,87,62,88,86,95,401.61863041738656
35,96,89,52,20,87,71,85,11,20,460.5565252612191
84,81,79,87,60,56,27,86,8,56,481.4313026841187
84,65,91,83,55,28,31,27,3,37,476.3876966559112
25,20,71,72,68,12,4,96,36,29,267.0903949175918
78,73,36,42,74,63,88,12,5,26,563.6381569331768
82,12,31,88,78,43,63,50,96,32,516.9608821904403
36,69,33,27,40,69,87,54,2,72,504.0987731921054
38,70,22,35,50,66,47,61,47,73,301.60533854101425
95,0,26,21,39,73,45,62,1,27,579.468343593367
16,36,98,95,3,4,15,81,50,32,375.3546603404202
86,85,68,31,59,89,80,90,36,91,558.5247130656915
16,8,47,67,42,28,15,21,15,10,444.0752114506876
2,89,90,8,58,45,10,57,6,59,362.06019039486625
5,98,32,5,61,2,39,99,78,58,547.8885892851852
68,34,17,70,72,30,2,65,71,74,247.55154324783808
64,86,70,77,19,39,27,58,93,77,384.0662290175704
30,1,75,69,2,98,76,96,85,5,269.1004072660273
14,68,0,91,83,46,30,90,18,48,531.2040909936584
18,46,16,79,6,59,28,59,56,22,499.2836970027399
91,58,17,97,91,92,43,32,25,56,231.00187872722364
37,99,14,58,2,0,86,84,54,0,626.7763619072106
36,69,53,51,25,56,29,37,65,0,199.45692702435883
28,87,97,29,32,67,23,96,81,83,315.81358106608604
99,13,11,1,7,23,56,31,81,31,466.52063709781083
56,43,30,65,34,92,42,39,81,62,483.81087345945866
27,66,47,95,70,16,69,80,30,99,264.83839573380743
50,75,71,68,92,18,77,36,79,38,178.4929973379171
30,5,90,84,15,66,58,51,2,82,192.7997131543399
65,8,30,32,33,84,61,12,80,30,465.49269376402515
8,26,94,0,34,92,11,50,11,27,402.33877035341726
42,61,73,23,63,20,99,42,89,45,438.35657835574233
5,26,60,6,66,9,86,43,62,69,414.55766277162314
25,26,63,63,49,71,75,96,36,35,317.1512483330706
27,88,32,84,53,49,52,28,88,13,420.7038448001924
33,67,70,95,22,6,30,83,9,73,354.7715662180208
57,97,23,40,90,21,69,43,14,5,330.86767335742377
24,61,46,48,95,64,94,62,72,41,582.4106124068699
34,4,62,9,81,44,63,47,93,59,305.6744311247419
17,47,69,86,8,92,15,4,91,9,312.24207109502026
58,36,90,40,73,28,68,37,59,3,534.3847718688288
33,79,20,14,53,40,49,98,88,52,563.1133025807806
14,42,87,92,22,22,40,47,29,47,424.32214415325313
26,17,57,35,5,78,12,80,88,3,568.4344952203144
48,92,12,89,21,5,62,98,94,84,480.00263980769193
1,54,75,85,0,37,8,54,76,64,336.36316474359927
87,5,40,55,87,43,74,94,32,13,468.8208462169995
6,14,60,72,50,60,67,64,43,42,320.135484542546
57,55,73,70,76,67,99,78,54,80,373.51507042021524
5,39,89,35,55,28,19,27,82,84,384.0731641874758
14,83,36,7,40,29,97,52,47,28,390.81180013949626
95,85,15,26,77,82,81,13,22,32,416.41838092429435
99,61,91,13,39,37,72,21,92,49,361.669642144737
55,54,17,17,20,63,20,51,31,12,172.0487808302083
18,51,46,24,78,19,20,46,96,84,552.565925998508
86,23,27,19,67,61,16,96,45,40,562.1006942981815
20,90,37,24,8,17,77,42,38,39,288.92882561484015
11,94,44,33,86,23,97,67,56,36,537.315931915723
15,69,75,41,14,55,27,25,18,5,436.5849003936557
69,99,55,77,32,84,40,27,27,74,518.0856764293128
47,74,75,0,80,5,37,38,98,17,310.4629992595746
94,19,56,89,17,35,10,1,25,99,318.9208800363612
16,53,29,83,1,33,76,81,47,12,228.82020440770975
52,80,70,7,30,9,16,62,33,82,171.69368581278698
64,97,76,44,78,87,93,37,87,45,349.2030551579006
74,45,86,97,26,95,5,94,72,20,450.67924580391434
84,9,70,56,77,54,16,40,13,46,182.9385881684449
57,40,93,17,80,12,90,50,64,80,148.28887927832147
35,7,62,25,40,28,13,14,11,98,442.7925792842111
1,56,11,89,80,58,7,40,4,36,307.4551543405997
88,40,54,1,15,98,83,24,53,48,344.84912928139215
98,74,75,88,20,93,33,44,99,49,230.85602132281278
84,96,96,38,3,80,80,44,61,48,523.2903792137685
6,30,7,72,60,32,58,65,1,12,427.30101198045986
13,55,2,36,97,16,12,86,98,45,412.4539106668148
46,83,8,46,85,41,73,15,74,98,195.76724811371176
7,74,6,90,79,35,69,63,99,61,476.15293597221853
7,66,68,73,80,36,5,48,40,25,414.2868304748733
85,62,17,27,76,61,78,77,36,85,407.54462205175093
96,81,42,23,82,81,68,46,99,43,468.26370757834775
68,9,66,6,12,10,0,36,73,52,385.10447684882377
38,80,30,64,9,17,88,4,84,73,380.2861201601194
15,12,71,24,2,13,59,19,33,31,439.7986751976332
72,11,0,15,74,51,19,32,57,42,444.59531248644305
37,28,78,63,77,69,1,51,40,71,208.79430317055866
39,44,40,19,56,1,10,32,78,37,300.76863955377996
80,51,23,29,8,43,44,86,27,5,563.8652564575544
51,97,73,26,98,21,3,53,56,20,339.16296701612714
15,99,54,56,93,73,60,28,54,76,486.45842749094237
22,27,75,12,72,8,4,25,25,31,568.5193977684892
93,92,58,95,56,25,18,30,57,36,289.2121930913038
38,34,9,10,38,26,7,60,36,1,548.1384940000893
52,54,52,23,50,14,99,15,44,68,266.22523240605443
20,15,4,49,12,47,63,57,78,13,371.17379535033143
83,58,65,61,14,53,34,16,94,5,497.64214031674294
84,59,55,43,33,12,74,27,91,24,484.38025258790424
32,20,33,88,14,46,51,34,12,50,609.8327697085905
43,5,82,15,7,12,11,66,43,27,265.77547955712095
92,76,94,79,9,7,17,46,68,94,364.29972943014513
84,36,15,51,16,93,69,83,22,1,296.9198739525521
12,71,11,36,50,88,42,99,54,64,427.98120852081684
31,1,43,24,8,67,71,51,30,17,473.60755088727524
82,88,35,42,50,40,26,60,50,97,350.626232969413
72,9,38,57,5,69,26,92,82,18,222.96704463455077
74,20,31,42,2,20,39,95,67,23,330.69135655528356
40,88,7,57,24,13,1,11,31,6,322.4718823479671
25,2,51,85,24,18,35,53,47,38,209.23673299229537
99,39,48,43,93,13,76,49,63,67,444.592505989709
49,6,39,65,95,19,4,29,11,18,433.60867646910947
77,78,13,82,22,77,20,16,73,27,450.19559101915445
45,41,99,93,57,99,55,20,42,90,253.32211275874369
52,68,6,80,65,4,72,96,24,66,150.18753978151287
75,90,34,95,10,61,35,17,98,50,340.91627372391787
55,14,48,29,33,0,75,15,96,76,431.97963981937716
81,60,52,44,38,52,94,45,85,43,176.55436190187515
5,95,10,56,37,40,27,26,17,92,473.5108901889405
3,88,29,24,42,93,51,65,63,39,281.865816444236
25,35,5,46,70,40,42,7,92,92,478.7442939798316
45,12,17,16,38,17,43,0,50,6,211.23407226577814
69,49,69,11,3,43,12,63,57,74,382.33070453205215
46,25,55,79,41,82,8,86,47,10,513.320595620508
51,14,41,67,64,0,49,46,69,5,388.3413189239226
72,16,47,75,7,29,45,39,76,40,432.27119514666
34,23,33,46,94,82,63,31,11,76,742.6019522628653
6,28,27,84,8,49,3,62,87,28,508.8489258571978
3,91,5,45,27,97,44,36,32,77,381.86228119817486
3,92,46,96,75,96,42,68,52,27,334.7318480085216
36,4,45,67,67,63,63,72,30,34,455.84466886413617
49,64,23,79,46,73,84,77,40,5,397.65007276472727
57,7,22,91,70,65,96,79,60,23,139.40577679208636
71,59,0,7,87,27,96,75,44,94,227.3252304839854
91,1,2,24,21,68,52,43,93,20,335.9970506382278
90,55,58,42,11,0,74,80,92,87,562.0334098624047
46,2,83,56,28,99,32,36,54,84,542.5413514183156
80,12,0,75,31,27,64,43,77,49,276.0402509072164
25,22,36,54,15,84,5,56,50,55,266.6870720820302
51,78,36,22,83,41,91,99,32,29,415.90024747526525
71,89,22,32,81,81,32,66,17,4,261.6773204098675
99,60,39,13,53,25,46,34,55,4,245.16886859055458
59,88,85,76,58,36,56,97,57,50,466.3411564288795
44,24,60,89,38,56,0,28,52,62,413.68755145299724
58,78,69,24,80,96,52,59,6,63,210.7051018556375
83,89,37,44,7,19,42,99,37,43,373.9882039709442
97,80,13,32,62,84,67,1,8,92,236.36496406005764
60,32,44,16,89,59,67,8,9,8,344.2814631105212
46,71,60,29,99,65,14,56,18,55,266.30904383310315
60,47,64,73,27,90,34,73,5,90,383.54077989387736
41,76,58,35,58,73,96,47,14,98,556.3800011776383
71,32,41,33,53,89,39,64,84,10,331.15920434727735
10,68,62,16,63,75,61,28,67,12,350.3710412241562
50,4,41,1,47,98,2,84,10,25,552.2767838023707
51,43,83,10,70,9,72,12,39,7,397.15140251363107
90,51,1,61,43,35,31,11,67,5,468.16671549038404
32,77,37,35,0,87,53,48,30,79,483.7913837404578
38,22,78,18,52,83,60,39,7,79,431.2178577740659
56,37,46,89,77,49,58,13,42,38,451.30033949602904
62,63,39,65,79,98,15,30,40,47,374.6691201144927
85,16,40,19,43,85,96,94,11,40,355.55719904170604
40,18,20,75,74,63,49,12,39,95,567.5828181866709
41,56,11,42,63,63,35,75,16,39,451.19960743021517
93,79,14,58,7,3,61,9,24,4,524.6807868395726
38,75,79,53,57,4,48,2,29,23,247.23339658239146
29,89,1,52,23,3,36,92,75,98,461.75615007169864
77,47,4,67,81,55,60,86,84,14,343.9227207671147
81,4,43,56,80,81,14,30,63,44,214.60267152663425
9,62,43,18,59,58,51,6,94,12,189.89218664727682
63,87,44,88,30,58,98,40,90,48,579.6733193125963
2,68,39,69,98,18,24,91,3,22,170.29978700029878
52,40,69,35,41,67,90,62,28,80,355.8528731738752
88,59,68,86,97,74,50,10,29,14,265.3493482714698
99,7,53,67,92,19,54,95,48,80,332.8845240786471
92,78,60,78,24,90,86,98,59,52,209.82481875798314
94,16,15,97,56,0,23,34,24,45,310.08497797134635
99,46,52,60,99,18,58,31,8,40,254.14244090088673
50,46,53,5,93,82,62,22,52,51,502.9832244034978
42,12,42,83,66,4,34,42,26,65,312.1309671040671
38,40,44,24,18,27,32,17,99,96,416.80298446123487
74,17,92,89,59,72,58,29,72,67,599.9206894201195
91,72,67,77,1,21,25,87,40,91,360.58764449100903
91,12,76,50,13,80,63,97,69,15,218.26372779425074
84,1,97,61,33,61,31,60,88,53,423.1789215675021
45,57,3,15,2,41,30,98,98,80,422.2100741034384
82,85,19,65,87,88,16,49,8,39,553.0508295828986
52,14,18,44,45,26,7,85,44,29,350.71121874402104
21,45,65,40,72,94,22,63,99,98,501.3176813667619
78,25,70,11,22,29,11,80,18,4,566.0658255575363
87,26,60,62,68,44,51,86,28,74,318.66893951877694
94,9,83,66,34,34,91,3,82,23,145.81426928205795
1,19,53,57,29,48,43,74,33,42,470.30539697959773
89,78,88,69,60,20,27,22,41,16,473.5130644306876
18,11,50,34,95,39,15,92,26,95,440.77740893064293
30,30,76,50,96,55,27,58,28,24,349.16718825353513
73,17,43,71,37,28,2,98,64,87,329.8903995792429
58,84,14,92,97,57,82,78,54,90,453.3399434541268
21,61,12,90,57,55,12,92,4,19,201.61926069253653
55,23,37,91,96,38,72,88,41,80,225.88128938040566
9,81,78,32,66,78,28,88,63,7,110.29715821129923
69,36,17,78,70,39,69,60,16,67,472.66171726981105
79,89,87,95,43,46,41,92,32,1,254.44962897269664
51,87,68,98,93,63,42,22,43,41,630.0300373962652
1,28,28,9,47,41,84,48,36,73,526.8511853363119
49,71,16,78,50,7,75,12,85,57,498.5307812404834
90,20,66,94,64,91,34,83,45,2,626.9622378639781
80,95,85,33,54,5,12,26,33,12,289.3284284378753
75,79,14,88,29,94,66,69,88,97,638.9194775754315
47,90,11,18,41,0,77,39,84,20,197.16300762893994
18,32,86,0,80,66,92,53,20,23,112.34832135830243
38,74,61,7,32,9,80,13,14,63,462.045348855001
78,93,48,55,88,10,12,81,87,31,568.2469168384528
67,41,32,47,86,82,74,90,26,57,456.2360211789544
4,65,90,2,79,43,84,72,24,45,551.3158439151118
79,72,71,75,7,31,83,15,29,98,226.82133445321935
55,45,96,97,29,45,51,8,81,28,446.240545343215
29,59,69,45,12,52,68,2,72,89,234.95731631280725
74,72,75,88,87,14,51,62,91,72,647.6598817925235
58,93,13,65,28,57,46,73,58,65,416.3028859008623
11,30,57,1,65,78,50,61,83,34,338.3694218162283
54,23,72,31,57,30,2,46,10,48,567.9367375949502
14,34,84,61,49,72,21,89,31,99,575.1317739346887
75,20,6,16,68,20,20,91,88,91,224.23042217696252
2,53,87,88,42,48,98,21,50,6,451.79411383452157
53,77,46,0,15,0,95,65,64,77,327.6966127441143
54,62,60,97,8,24,51,62,76,58,399.0310615524746
47,41,0,86,20,1,0,48,86,37,285.8828275429188
19,25,93,15,32,82,76,84,99,63,544.1077573323373
88,29,2,57,84,32,98,21,64,16,280.6598320593816
47,38,79,79,99,64,69,23,97,16,152.82858162860012
79,12,79,11,80,34,86,13,69,32,-135.64527101324143
72,8,26,54,47,7,56,60,77,66,611.3328837424431
52,14,76,3,80,63,37,85,65,8,190.53556649012432
61,36,50,27,82,36,81,39,61,18,304.50008406747645
40,83,23,80,32,7,90,38,37,75,527.1915126451353
72,56,76,24,27,74,77,94,25,56,541.943177889047
16,91,4,83,43,35,40,32,18,97,185.92254202094023
22,20,77,19,37,39,84,13,15,18,391.8934885617282
74,55,6,34,61,94,29,20,30,76,277.7016043907145
58,39,39,68,16,64,79,24,99,80,404.0316386526575
69,97,22,61,60,9,25,24,77,76,492.2691994557582
13,68,7,39,90,45,78,84,55,24,515.6437060796281
78,20,32,52,4,95,60,68,35,96,513.3231566305491
80,74,43,93,72,26,51,0,41,44,259.07533538567003
14,79,62,3,21,48,10,37,37,28,557.086375224506
34,76,40,67,51,12,99,26,79,53,389.72694898141947
52,32,86,0,19,29,64,35,25,72,440.0754893141506
40,36,41,92,40,35,31,79,67,44,302.2008700400306
49,12,34,41,70,72,33,81,55,16,278.31022899814457
98,21,29,27,49,63,33,65,80,89,344.3224870384491
39,63,51,66,45,76,96,30,13,87,418.76638459221624
82,54,79,14,66,95,77,40,56,15,232.5170752053053
59,33,54,73,78,66,69,47,39,85,303.0009457457355
14,26,42,42,41,72,11,79,0,82,465.50258568302263
4,92,68,91,27,56,84,56,62,6,531.2519440610128
58,95,25,60,20,9,12,50,46,57,324.8123228850707
42,21,74,96,15,42,85,19,4,31,188.27430932077363
85,0,28,82,67,86,4,46,94,65,211.23502891790122
26,88,94,36,64,9,56,48,89,56,546.9119231211841
21,83,55,59,4,62,89,79,85,51,276.5693893986951
51,36,45,68,81,1,90,39,40,42,441.9945797456719
73,47,84,82,49,74,29,53,15,72,311.4505976377343
51,4,48,21,58,64,24,96,52,13,416.3826894301913
83,90,41,97,77,44,30,5,33,29,372.17243006225186
20,60,65,8,94,68,97,54,72,41,577.3189529870972
27,11,90,18,86,96,6,68,49,40,175.48395073507814
28,93,51,56,96,73,82,29,55,62,498.669113627458
91,40,67,19,65,34,84,12,4,34,381.9518282703948
66,91,43,10,88,70,69,38,78,68,571.98679307666
55,73,21,45,26,64,46,63,84,29,277.51548524146057
78,20,58,76,9,3,15,14,57,38,479.8566676667554
94,24,12,64,5,93,82,96,1,74,355.28943466653385
29,46,19,88,83,66,70,24,48,78,463.8306060142718
37,92,18,80,88,67,87,13,64,14,478.32479246072984
50,20,16,61,85,5,34,3,9,74,411.0442344505544
85,90,80,22,4,46,27,38,32,87,461.5977476207684
78,26,85,7,76,95,56,29,93,0,85.21667057553907
56,96,65,63,1,62,77,6,54,21,589.4033497804874
61,13,55,45,92,93,26,83,3,78,281.6849778275
7,63,68,96,55,49,99,88,95,65,499.0124292173951
45,60,11,76,54,76,76,24,63,74,291.87853048051295
79,1,50,20,40,28,91,49,10,58,331.518122866963
79,13,6,15,57,33,26,14,69,26,255.1196531056592
11,9,94,70,55,38,42,58,48,59,378.2446290822525
91,16,63,42,6,46,91,3,77,40,465.9199761489432
63,77,12,80,10,34,61,29,74,78,112.76542480402884
76,8,79,6,44,41,80,30,4,10,282.2683673437889
44,47,39,17,37,26,30,94,28,12,201.41954493224455
4,33,34,80,65,43,38,19,53,18,246.4554105382073
88,29,99,99,31,33,13,18,2,71,303.5924060769113
9,70,57,68,29,19,69,55,30,62,547.0054599319703
58,56,39,40,12,34,63,57,77,35,221.94497434762246
21,46,50,16,18,61,20,47,55,40,395.17716858295216
62,48,52,98,63,20,39,25,58,5,414.0865057876627
43,93,25,69,52,60,42,3,35,94,346.41286378204137
99,35,45,97,67,50,74,27,30,46,249.884290477647
17,58,56,37,92,63,74,72,62,44,177.20443844562084
81,7,84,93,87,80,84,89,19,11,516.7302724962854
65,22,21,7,81,38,57,13,12,38,190.53561765096705
71,42,71,7,64,54,64,17,90,69,586.500357569453
54,55,89,86,26,13,28,6,32,60,180.05233047223655
36,48,68,63,8,63,18,47,59,40,416.1918137946419
18,74,74,73,87,88,89,8,53,54,451.2334020580182
85,70,5,40,84,13,7,3,65,15,483.0326913686439
76,47,73,55,81,92,6,16,32,89,308.8565571707517
24,80,31,85,11,65,51,31,62,56,484.21702683209895
63,82,71,91,18,94,82,56,64,71,262.09723565416385
96,58,21,52,78,62,46,26,67,22,229.71229878977482
50,95,8,29,23,67,52,60,98,60,343.5023844845196
53,95,5,58,1,46,53,7,69,44,434.3317468866797
13,11,74,65,69,20,94,62,38,95,478.1556375459579
87,16,13,31,54,41,17,69,20,3,553.9743893453649
67,33,76,28,63,43,52,86,80,86,402.881512344354
11,48,0,20,28,81,9,79,3,92,485.1012006031331
29,11,58,77,21,1,72,50,16,75,598.0163975978701
2,0,21,46,85,15,90,43,11,67,468.6587816065413
50,63,92,88,39,17,43,15,13,86,539.6010647757216
78,95,52,96,92,23,32,16,30,47,448.4824696633899
66,89,42,35,40,67,62,55,99,42,658.1930004320627
94,13,21,30,35,62,92,41,68,51,343.33151023092483
16,14,26,26,8,52,32,6,78,38,431.1918695297018
4,76,83,1,34,0,61,16,20,34,423.0587287556975
77,96,29,85,42,29,23,3,98,50,680.4389578665772
35,90,81,44,22,15,20,89,80,99,515.651481776644
80,87,18,10,75,38,89,76,95,15,379.72971995313884
43,49,53,73,27,85,58,12,94,6,551.45873873607
29,47,42,0,81,6,77,80,61,31,280.0623477559673
2,98,79,4,72,73,10,24,47,27,257.7687234896617
51,36,27,38,56,76,6,79,32,10,383.43967022265235
66,89,3,59,18,60,37,45,4,29,234.6417114360664
0,29,56,14,10,41,65,82,35,56,288.4017610019141
63,89,94,65,7,14,86,50,52,13,559.1732937635687
79,64,19,76,14,60,53,77,31,78,513.8539697638492
62,87,17,29,99,62,91,59,68,51,331.100948831757
89,43,94,66,93,58,31,97,14,19,499.3166883794202
26,20,18,5,27,35,9,32,47,65,454.1927971872101
34,8,33,38,7,15,60,26,73,27,491.15932853396885
85,57,45,24,53,88,48,98,87,45,312.58592035607205
34,34,74,42,98,17,14,71,32,80,390.2682768508374
3,77,44,51,99,22,12,10,29,92,74.11284887560333
68,55,76,37,89,92,91,17,10,57,148.37185636033448
12,62,20,40,28,91,67,33,32,18,356.54570731615615
70,78,43,39,80,42,18,19,59,74,146.90333425454875
54,97,63,80,40,70,11,36,55,22,455.3062411280026
82,86,79,84,85,56,91,4,69,60,217.299728207376
45,39,78,49,3,26,13,98,20,67,572.3075846582267
39,91,71,81,40,46,19,63,93,89,248.67359962647922
73,12,58,84,27,37,19,50,82,36,379.6685849331396
72,25,41,75,5,9,39,14,77,93,485.54700870368606
47,47,3,11,31,81,96,52,96,45,172.41846535069885
18,37,76,56,91,3,71,45,38,18,454.5690272572695
11,26,28,48,3,7,3,30,73,55,433.78724882558754
42,55,37,83,16,3,40,16,66,70,370.77894993146685
0,76,87,79,16,98,67,75,23,42,334.5472603455771
40,11,34,38,26,46,39,76,4,94,255.55471944609465
24,79,12,52,85,92,84,14,34,77,408.0602051656173
75,21,4,4,35,63,30,8,56,28,364.17565610746414
12,20,96,64,16,74,89,88,2,88,510.01178191507336
15,20,1,14,35,15,52,61,33,48,554.6631079606278
72,78,38,64,24,51,21,98,48,56,394.88088997009754
2,75,27,88,49,41,80,14,85,78,296.00686723388463
38,90,83,97,43,97,96,78,69,77,245.0838326323547
40,67,69,41,31,23,17,47,88,8,345.6204868261975
82,33,24,80,72,6,15,10,78,30,527.864137299347
46,45,65,32,38,38,80,51,89,18,386.1601128514931
23,63,10,38,79,33,89,98,46,96,549.429986948233
72,29,32,87,87,95,35,42,87,77,559.4613147734606
56,21,82,92,36,92,95,18,21,55,240.01394910120166
84,57,81,65,42,23,98,80,88,73,420.5815564690698
53,41,98,75,94,76,17,89,58,72,467.46323302630225
15,49,13,96,89,27,86,52,21,77,295.7193828749356
63,90,79,86,79,10,97,5,9,36,434.9194093427947
94,28,2,13,4,80,15,2,47,80,342.34301118394575
52,65,63,31,83,2,32,15,57,44,599.2512687547985
65,60,41,87,87,97,90,53,88,5,347.5756020151088
17,68,3,24,41,16,29,75,41,61,137.99381807170067
95,64,18,22,61,25,63,60,66,46,323.2386845712089
47,3,74,68,20,60,65,68,85,21,88.99110037834419
63,33,29,3,48,40,58,54,77,98,625.7154534977543
31,50,34,5,55,42,80,95,11,1,373.15105573682786
7,31,51,91,47,19,11,40,99,73,501.9253932883297
36,51,46,69,36,97,84,34,9,45,429.94940716289625
76,36,70,23,92,48,40,66,7,15,268.1816407439007
82,19,29,50,96,43,61,26,86,76,364.8265600514543
96,42,1,56,30,94,88,71,5,59,603.0999955820125
91,89,5,20,8,4,97,7,9,60,400.5236503929477
87,12,19,48,25,66,18,75,29,80,98.8143084557152
63,31,32,88,68,85,38,7,67,50,408.64397167525556
83,13,40,54,93,24,74,69,26,58,425.92625297520607
21,27,33,58,82,73,36,56,24,28,411.23933551103624
9,75,8,14,88,99,29,83,63,71,385.6804057909879
68,88,83,13,48,97,56,53,88,71,233.56111992700986
74,78,97,5,59,27,37,18,59,73,377.02144646902156
55,55,4,39,5,95,93,72,40,30,348.1482238221553
8,36,21,82,92,31,42,12,94,96,302.89342134993495
93,22,54,16,70,48,63,34,90,77,308.68989657688326
37,78,69,98,56,58,26,31,25,25,450.1510689908214
75,52,36,28,3,30,0,20,67,9,475.72248684299257
67,37,48,80,10,54,93,36,52,91,187.38869481433312
96,48,31,75,60,22,94,76,2,75,468.9997042932523
30,64,94,28,86,52,4,26,94,47,257.9043669101505
17,28,44,32,24,78,94,25,72,73,334.5041329484304
55,93,73,35,83,9,83,81,46,10,458.77672322935143
25,7,39,62,18,19,23,95,99,77,300.86183377348993
71,90,82,72,11,45,52,12,81,60,359.2903584063888
20,42,4,45,67,7,43,54,10,66,346.27599714460894
17,39,97,1,16,15,96,74,10,17,337.8585646786697
85,8,96,73,47,53,59,12,98,26,569.5524163494872
56,28,30,83,36,7,63,58,19,66,431.95707144738685
92,1,33,1,45,61,81,43,59,21,634.8059582263389
52,44,75,3,29,8,2,9,15,31,304.99011377201873
55,94,40,31,33,82,92,65,9,78,461.9240170179456
30,30,7,88,63,58,22,10,23,97,298.00832682848363
58,91,10,91,92,20,47,54,11,36,372.28353047755604
39,72,0,53,46,79,98,98,32,24,207.40343025439216
91,83,51,32,69,79,88,61,22,20,236.19208968026524
51,83,81,9,8,81,4,49,78,47,409.21834348911113
75,94,19,27,11,15,50,64,87,66,526.1507825688188
63,18,70,44,17,36,76,83,22,37,259.3520441429234
18,99,78,87,44,92,59,80,38,85,422.2297562905752
29,42,1,58,31,93,83,75,46,41,400.8296023585001
36,76,68,56,6,87,17,42,40,45,488.5878938256931
34,87,64,21,45,44,87,60,19,5,509.7293557808827
56,31,51,86,95,24,36,19,96,61,339.29329161457304
45,88,51,61,59,0,50,69,28,77,417.082601442951
99,6,38,64,53,30,9,63,43,32,490.3460068939166
10,54,77,27,54,12,40,58,60,34,337.8852497147935
70,6,10,57,94,64,3,85,67,79,634.9863052750252
47,75,7,8,70,64,81,36,13,90,116.4226030181037
51,66,44,24,2,98,4,50,77,57,622.4717930418774
52,68,58,66,11,5,44,68,4,92,366.6148482722746
83,17,83,1,48,25,44,91,69,90,409.61542841617035
77,8,50,40,94,50,1,45,42,90,334.8287680010121
42,72,9,40,13,15,4,41,74,6,346.293854088525
49,26,2,71,87,23,4,47,43,87,500.5576102291506
9,42,17,3,96,73,23,92,32,68,429.98370487286763
74,48,87,69,33,75,26,14,76,55,328.76504410633856
8,0,79,78,38,45,99,8,79,84,335.61863078591466
65,25,1,21,36,78,64,17,34,27,567.4925290309167
92,59,33,99,26,22,78,76,91,31,124.62411259995622
51,25,12,28,15,76,27,47,31,2,417.2638663876244
25,40,33,46,60,63,53,58,44,56,541.8849102618102
97,81,60,28,42,31,95,70,96,81,407.4825053339538
73,48,54,52,81,0,84,50,75,41,350.1263364033629
65,76,49,85,71,77,89,30,30,58,450.9903296297288
6,62,71,89,84,95,96,42,1,78,391.36016978887835
99,92,13,75,39,57,1,43,44,0,190.0234212065063
63,51,86,18,52,22,56,61,58,32,286.5145325843728
84,7,96,14,35,3,94,17,2,26,507.7843755689913
19,14,89,77,73,87,18,72,38,93,501.90022291674336
78,99,62,43,84,84,99,22,45,71,529.2441684331861
70,2,70,21,65,61,39,11,69,19,418.17561169905315
21,47,38,97,35,6,34,39,54,0,317.2048250775502
73,21,86,95,76,99,93,18,24,86,237.4182122459683
92,98,27,5,14,22,28,35,23,68,454.38805411706335
27,49,14,28,87,33,1,19,79,36,504.54601486046977
63,80,22,5,4,61,18,27,88,23,354.4775143910415
1,88,78,22,39,70,78,43,75,4,690.1279871788233
40,47,29,1,0,92,23,37,83,24,322.9156318865665
46,54,98,79,53,76,21,41,4,73,309.65622559860117
58,16,10,7,50,63,55,44,10,38,253.15146022118103
6,24,55,27,15,76,20,77,18,59,548.4041563248018
33,93,10,8,13,84,72,98,29,79,237.1390089146356
97,35,47,92,79,70,53,60,76,79,363.7580150583986
72,78,18,88,4,38,15,12,3,72,494.5329748096112
6,28,8,96,70,10,38,29,13,53,430.0863217733481
73,66,60,18,53,15,95,50,16,81,449.09885498389406
60,4,32,57,82,69,85,98,30,94,236.8800773814881
39,95,54,40,27,21,17,23,53,30,388.96962001107875
73,95,0,69,57,80,83,92,45,23,291.55822388438946
94,47,59,30,91,29,17,25,45,50,474.75563907116134
97,43,24,86,38,20,17,45,3,77,262.03602237854665
65,7,37,24,45,8,32,72,65,73,445.3014292938641
6,67,51,74,44,31,58,68,66,17,481.537602562628
65,76,72,17,55,59,77,35,41,26,472.4073838885049
46,74,59,74,72,40,10,48,22,94,474.79243356625045
21,70,64,27,98,1,80,13,70,2,364.5260489915282
98,22,16,47,14,45,44,16,0,97,509.26309315551487
23,25,5,77,6,10,25,49,14,14,658.6793371668682
47,73,60,19,36,95,1,16,62,27,296.57254342311364
84,79,21,44,8,4,51,54,26,62,526.9197284938635
69,48,26,14,92,73,31,47,47,4,443.83327761532104
69,32,67,18,70,2,11,49,99,28,465.1751519179711
97,78,5,61,47,93,91,4,49,1,546.8988562572903
25,34,79,7,22,83,36,42,75,20,532.0329035789887
15,10,75,52,88,32,75,2,31,41,570.3383564663117
38,49,55,78,45,7,86,96,32,12,545.4865798588238
89,57,55,76,97,32,91,94,69,33,539.5918668634678
78,97,67,5,45,78,95,48,4,82,548.7862667720849
39,62,50,20,27,91,90,76,71,2,322.66966653117913
37,4,75,11,91,36,78,41,75,20,297.31674049014816
47,50,93,19,60,22,21,20,3,48,538.7678379634211
13,66,14,87,11,59,71,77,83,16,583.4140237585289
61,97,3,13,92,21,53,44,48,25,411.39967271749015
90,33,48,96,64,58,52,63,35,58,587.1289487476896
52,64,43,11,5,14,77,82,4,80,149.23061910328835
50,93,23,22,42,70,20,98,88,59,572.1794651015226
91,45,44,95,39,65,89,29,52,30,364.4361571487189
28,53,86,87,72,53,21,46,76,51,454.37038927277297
59,62,70,87,42,94,92,90,5,37,363.95930675139755
13,90,51,89,64,42,75,99,2,74,569.4039584873235
80,26,30,19,65,77,11,34,64,85,319.25957677085285
62,37,99,25,59,87,99,84,78,95,391.10874034312076
59,21,58,76,76,69,40,65,74,69,322.22527311528177
5,71,72,46,98,23,13,70,86,89,640.0374771392476
41,86,13,0,66,57,82,78,99,16,186.8278368637024
84,63,19,62,28,47,65,62,4,18,472.1015917659653
10,97,17,83,89,8,11,84,36,71,324.5209509884973
41,54,29,56,44,35,96,83,27,57,284.0556175559684
80,89,98,57,52,62,76,58,8,97,372.7587489493181
88,55,55,21,1,10,33,47,73,79,547.6167190123622
97,83,86,68,92,39,33,13,92,43,335.9801805109193
5,84,3,14,77,17,95,8,75,32,460.1278500185189
75,74,5,12,58,51,8,4,98,63,595.223191291449
22,59,18,74,30,30,87,97,54,67,377.7885405476695
85,40,40,82,68,54,2,13,0,30,261.6876384670728
84,13,24,73,53,9,46,79,62,68,311.79127502765976
86,70,47,16,21,73,44,30,55,63,785.1088572399628
64,88,66,15,4,78,62,16,95,1,582.9291212973031
70,85,86,19,77,20,50,88,68,31,353.7471836296014
24,34,52,88,90,72,19,54,55,60,521.3639104437406
73,27,15,96,85,62,21,98,76,81,375.6446888878531
28,39,37,70,15,46,27,30,82,76,95.33855593642727
31,80,96,52,84,70,44,12,40,18,352.1861007514924
95,74,50,82,39,12,24,47,31,45,316.2611061506186
24,6,98,16,59,97,78,85,70,50,645.5054119062456
72,90,77,97,40,38,5,67,68,99,376.205527777304
33,39,88,95,61,75,39,75,38,73,164.4083591848313
23,73,19,44,92,96,99,37,20,70,615.3611234553624
96,36,62,48,43,15,68,81,49,44,266.7957282275356
46,67,3,63,96,15,56,68,37,46,330.9103156919202
26,34,35,5,33,72,49,64,53,56,661.1094537829912
91,41,86,60,21,25,28,85,90,40,521.571896502362
84,56,32,68,22,48,74,90,94,72,547.464906062831
82,72,74,16,25,93,38,47,43,77,451.11985994904774
58,30,62,79,21,82,57,73,84,75,605.0578574944924
45,0,7,2,86,0,30,48,52,66,311.922625721577
39,8,19,51,60,51,84,74,14,30,401.2936390781426
34,38,51,35,11,37,13,56,9,6,515.7433722201681
54,58,40,44,36,40,75,60,16,73,304.5708901671668
11,94,89,96,86,78,42,41,23,31,468.9776385407448
58,4,75,83,96,73,85,88,25,38,256.40547230007815
39,9,98,22,90,10,46,8,31,95,423.0649884468892
4,60,82,49,71,29,51,54,33,19,323.9342126753581
27,22,21,86,33,49,71,72,81,49,463.9274311798245
50,37,81,21,53,13,76,7,77,58,645.1777118291878
62,1,81,77,8,55,70,12,76,37,331.51936898710164
71,41,62,7,9,22,72,62,30,66,300.7437532997584
35,32,99,24,21,89,90,66,99,28,478.66550507082934
64,72,30,50,68,66,0,87,73,40,365.46122750772645
42,35,30,90,14,92,23,44,73,80,463.78298889292114
73,99,75,40,12,6,9,94,82,11,349.6796641468155
0,75,36,87,71,99,1,43,17,39,94.48599551079093
48,5,88,20,24,69,70,65,18,49,18.86831168275154
79,94,79,42,97,81,26,83,52,6,262.4753999515895
42,43,24,78,88,60,85,19,74,22,200.29395540281146
48,50,48,58,31,26,44,60,86,82,377.408213853094
12,81,93,94,83,66,27,70,44,74,378.9084483794441
55,63,82,6,53,10,18,96,83,1,354.47834167838397
32,66,11,74,62,86,86,63,20,98,509.0097699479163
66,25,97,43,90,54,62,35,67,2,500.0787647710891
54,19,62,44,40,43,32,13,74,69,427.45772096023876
77,49,88,66,58,79,33,16,45,97,347.16688559486494
58,79,0,66,37,10,1,8,22,66,214.64785141909996
90,98,78,52,55,48,26,1,45,58,251.1132577910282
39,86,36,15,3,84,19,34,90,73,361.5559748201546
36,83,99,3,14,44,98,67,2,39,288.53928235198606
91,86,39,66,89,46,5,81,90,56,278.87009286805215
64,78,18,47,27,66,20,95,91,52,524.4396628104321
66,16,29,95,99,3,72,24,34,79,259.35535143175537
49,66,88,93,78,20,53,14,85,28,366.60238987387214
14,24,79,7,61,55,16,97,90,20,453.147294727921
50,2,66,38,8,95,40,11,94,91,537.8355102024618
6,33,30,19,17,73,94,32,83,93,402.2595405345951
92,42,62,58,6,95,41,39,41,36,601.3950893707145
76,93,34,44,23,53,88,81,10,73,358.92211063859855
56,81,0,28,76,19,58,70,9,5,352.54809701785615
36,58,77,61,90,48,33,20,62,58,202.11142245200404
45,57,54,36,92,51,66,81,18,21,237.6725314690946
40,33,47,52,51,82,97,56,85,3,478.02218981770056
80,51,64,86,94,17,99,83,20,46,584.5305856892651
89,50,11,85,62,46,56,4,7,46,410.0829176133226
52,78,61,38,14,55,49,37,72,5,538.388783093049
23,88,18,17,66,52,41,24,40,13,437.5317710489609
77,88,75,69,44,46,58,25,29,34,302.28544012489965
28,12,28,7,9,23,71,79,23,72,147.8298022465786
53,65,39,77,50,48,49,64,58,84,405.04115344528503
90,83,49,59,97,59,58,1,43,88,409.35003410701506
44,75,2,75,36,45,69,11,53,60,218.88833846784382
37,79,27,35,0,2,53,51,70,95,633.6608072376715
63,16,8,50,27,57,9,81,42,52,611.8146839833275
58,92,37,33,56,89,82,20,57,55,170.06674414320278
85,27,93,83,65,83,52,92,43,57,337.91543022659596
66,2,90,66,63,4,60,50,64,71,565.4227556120061
78,67,11,85,71,53,62,67,20,2,596.7009522268881
7,55,44,57,59,99,72,18,47,49,316.58801941360343
61,60,25,27,73,55,84,57,91,34,353.6388780968839
43,43,96,75,32,59,63,7,20,51,282.99545619011013
32,38,80,98,20,64,83,97,57,63,441.9504463926239
50,47,73,68,59,10,19,25,80,41,469.85103872334184
61,21,29,28,45,42,82,73,94,45,507.6349824311691
52,56,54,50,57,91,81,33,40,95,328.2941931102472
11,53,40,58,68,26,8,71,88,33,558.4346162187164
86,12,72,90,72,94,55,14,90,71,665.9077978470027
64,16,63,33,86,20,72,94,54,2,409.8618068370574
97,75,49,81,62,87,48,26,43,80,387.89452798238545
73,15,65,13,71,32,23,28,50,90,317.33543668387176
98,73,82,1,36,95,47,33,57,9,436.3025609197702
88,44,82,58,47,54,52,44,92,76,541.7450223477836
83,11,88,49,86,3,65,66,9,12,352.82423352530026
14,93,75,63,31,94,40,64,74,82,248.28545556240132
44,39,12,52,5,23,74,76,3,26,205.53385565739237
13,17,55,28,38,39,5,46,66,52,644.8986521070564
89,33,97,66,1,75,61,98,41,1,296.9852679614445
78,57,84,66,89,60,75,98,65,2,435.2176373118393
12,14,7,17,99,56,30,21,9,92,305.50874543479847
8,10,93,92,41,54,43,92,62,7,277.5253070825224
74,4,50,89,68,37,46,96,5,53,245.37719833266715
5,99,69,33,34,74,82,18,95,18,244.95742771474363
74,34,97,83,90,45,56,7,98,49,379.54106833633415
40,4,61,17,31,93,70,16,82,82,349.0412327016484
10,12,88,24,73,6,95,93,49,31,175.17606368005127
62,55,20,90,89,96,68,29,7,20,493.1138578441602
12,26,82,25,37,41,83,0,89,10,14.042362744506136
28,97,4,92,24,17,8,56,20,82,152.4946729541246
13,79,70,92,72,99,19,70,80,43,527.849750330903
30,83,36,28,28,64,97,9,85,38,148.82474427566538
82,3,75,22,31,10,5,86,54,75,569.0001567605393
35,50,88,91,98,19,64,75,34,30,381.6102512401459
20,66,80,74,30,43,55,8,19,17,497.75290049327543
32,33,80,93,99,79,62,21,22,68,252.2509996287992
81,46,92,5,54,1,45,58,15,43,550.9069315411228
58,64,90,70,9,27,79,55,19,30,293.2152994395125
77,55,39,13,90,18,2,59,3,91,143.60610404429826
90,43,8,33,68,72,75,81,40,46,363.2156343263797
26,98,14,93,42,5,61,97,25,75,559.8743218882558
92,19,4,95,94,73,70,26,58,67,364.87667044125857
34,9,77,28,3,5,13,11,58,37,507.910990384517
70,21,96,94,45,59,59,23,97,62,615.0856875217683
52,28,1,53,17,10,63,26,54,57,304.72175690376093
20,50,44,41,66,3,31,74,39,58,403.9472429879779
19,73,95,15,89,97,63,24,88,46,223.96767024055168
59,70,53,83,53,43,51,65,7,55,452.2787289550766
58,1,12,80,83,22,95,62,11,60,289.1040359637252
41,2,95,19,66,98,64,90,71,24,420.2788190525624
20,9,41,65,38,92,26,92,3,6,309.8654564874234
0,41,65,51,66,56,45,44,50,81,305.9147176540197
15,63,6,14,68,91,18,98,27,44,419.5612933922866
32,43,39,19,67,43,6,65,83,49,279.0216875899265
16,46,29,68,20,84,27,22,52,83,397.5439306193554
49,30,93,5,63,97,6,65,27,40,396.23358767861714
51,40,89,40,55,39,70,10,28,24,207.89753618935157
70,9,54,1,64,96,59,71,57,1,585.8651658047845
18,33,16,20,12,67,9,25,23,59,408.53331363810463
79,36,85,62,2,77,77,11,43,80,500.6139890881408
95,93,16,66,89,10,73,41,12,88,517.6771114164746
31,97,57,76,94,55,9,20,97,24,477.6190408262658
43,2,85,21,47,10,77,23,41,45,450.80997345006165
71,19,96,52,57,43,10,46,41,72,280.83878638578597
19,43,8,35,41,91,19,64,48,50,475.09311363067985
29,24,64,76,55,17,37,39,95,88,461.6248455480106
38,82,37,70,64,83,81,17,59,38,418.5619214551774
65,27,43,86,26,28,38,26,3,37,326.1280264795429
3,60,87,80,70,5,41,15,93,12,122.07204173679168
68,90,47,62,21,70,65,16,55,63,551.2004696751562
54,77,76,69,90,45,40,46,68,50,430.3126366698149
87,33,36,72,9,12,32,0,27,8,328.98904527682623
71,25,87,68,84,80,95,90,10,13,406.0260527286682
73,13,16,38,30,89,78,97,8,46,489.0492729538008
88,84,14,15,69,54,64,81,36,45,478.42320137450486
30,36,25,73,74,33,21,68,14,18,275.97777090712754
48,99,88,12,39,61,86,14,55,70,593.6015173882845
59,29,31,2,66,35,50,23,42,56,542.1433181486659
93,14,22,38,83,34,31,62,72,56,492.72969399551624
57,95,85,78,70,88,85,58,2,47,249.63139746187443
50,53,20,24,46,30,22,35,94,26,339.6695671814975
75,29,95,80,51,51,73,49,90,55,523.3744004368393
77,44,94,59,36,57,42,56,39,88,539.4676676135296
14,11,75,32,58,39,66,73,64,94,525.6205956826905
45,97,2,22,52,92,75,52,10,83,241.76393878765535
33,25,74,35,31,76,49,5,32,97,289.934558517718
4,89,73,93,12,53,13,87,37,58,388.10185817361355
37,29,23,55,28,84,78,87,72,68,559.4054773744452
88,83,95,26,15,19,3,54,53,29,174.4305042056611
72,65,13,90,78,1,49,17,88,26,590.9049011457155
97,63,93,23,36,71,6,80,16,57,524.6010088303213
32,24,67,65,90,13,86,27,20,28,537.4184940823143
25,89,93,24,20,71,22,73,84,78,279.9917277058353
65,5,74,26,66,4,11,49,13,50,344.64148808126157
92,18,32,87,41,89,56,43,95,45,378.2365808329826
53,18,32,5,39,39,41,63,0,79,644.454050134692
39,17,44,24,54,68,86,81,43,4,344.2164716704872
18,64,29,74,50,10,73,54,11,57,416.7434695820365
79,79,93,0,39,41,79,78,23,7,286.92415713437106
83,70,23,45,11,41,43,55,7,16,355.4603391548144
0,46,97,14,33,6,82,39,3,39,526.4946053966329
3,23,50,57,36,52,57,76,26,53,150.18788901727456
17,68,16,46,15,37,87,28,45,35,382.1114239788254
38,34,82,29,21,81,1,53,67,31,435.0166836114007
34,47,75,58,26,52,90,39,21,34,291.98523474013706
96,27,48,68,27,72,11,28,97,34,683.3429126017309
21,57,4,2,6,62,84,97,7,55,469.88540755103065
11,42,3,61,15,26,14,11,74,11,540.4758658293908
6,24,80,57,36,43,86,81,67,75,367.19816676597736
1,29,63,86,15,10,57,83,76,55,432.3255524227002
38,27,78,44,61,32,82,13,61,95,389.6049755653806
92,26,74,25,35,6,27,13,49,21,147.47876848796892
43,6,8,15,1,80,16,16,60,84,467.752127589464
85,50,24,86,62,39,97,96,46,71,347.8049082256747
70,68,65,97,64,62,59,41,37,34,671.7317838485203
90,94,95,34,11,40,27,58,83,39,468.6040303553887
11,49,26,87,70,96,11,47,32,34,615.5829690681613
52,52,4,8,22,99,96,64,45,34,224.96677341103694
68,33,36,26,37,41,74,45,9,8,272.171821250719
89,27,6,24,69,75,76,66,17,2,318.9597508033087
70,85,73,36,58,81,62,37,66,92,541.2056080232119
74,17,63,16,36,87,57,20,47,51,296.9716909513129
78,42,97,27,90,17,28,58,41,98,462.7645853206028
4,84,86,24,41,18,30,40,93,74,139.1029686955192
50,68,28,13,93,68,81,75,47,80,289.2804077105425
26,68,60,16,26,47,61,87,85,93,413.99623235130053
8,52,13,78,50,66,26,0,19,71,209.11872079377812
81,86,68,32,20,77,20,45,29,93,311.62833631506385
61,56,16,59,72,22,74,81,89,85,462.4007761355447
15,53,43,73,86,13,92,73,88,44,450.3250852212203
76,60,59,11,25,33,59,81,53,43,239.3722941200345
83,25,39,54,96,48,94,34,33,21,559.3095628703958
92,89,80,69,85,88,50,34,49,30,319.92634387657455
49,3,3,35,46,26,96,22,29,80,314.9757233331972
90,32,42,17,15,43,65,64,55,66,456.6640918612037
14,8,24,65,71,68,11,35,42,72,326.75212795477256
93,16,39,74,96,12,72,77,41,65,360.17619673211635
5,10,70,37,71,37,77,83,28,67,176.80447910316028
95,90,20,19,77,79,50,87,73,68,505.86447853642125
30,8,38,57,30,48,0,67,68,7,166.68097328055524
16,7,61,39,72,33,30,12,51,54,502.88839050228216
59,58,93,0,25,96,86,93,76,78,118.34975664231189
53,9,37,53,95,42,55,54,74,18,233.6272364160842
44,74,33,11,13,37,99,17,8,45,264.0224373059933
57,23,9,39,74,26,8,31,43,47,380.63129880122165
56,68,61,99,28,6,14,55,38,13,483.1785755842187
33,75,68,16,28,52,63,5,47,91,143.98615036156394
26,25,16,69,90,87,49,30,71,76,555.2992079444278
1,64,48,14,50,71,88,98,86,20,495.08726023738836
99,32,99,51,70,20,40,10,37,5,224.96132276194632
60,54,79,23,80,34,68,76,14,60,-28.68456175933585
23,53,11,73,26,44,57,82,2,30,356.0518021782674
11,47,89,17,91,65,69,0,29,14,155.54904425629542
40,21,48,86,89,88,17,64,48,66,225.6991016327405
58,57,87,1,60,22,46,76,23,34,487.0319837617885
27,2,64,77,49,67,77,64,73,15,259.2059841183095
0,80,30,30,81,35,76,61,65,74,250.63616330247427
77,93,30,9,45,44,25,2,6,36,616.5444752443212
66,14,6,9,68,11,56,60,8,67,315.1654182367658
23,58,61,38,34,83,86,14,7,4,404.00166936408755
84,39,45,62,16,87,45,38,67,87,467.84057945251186
63,10,96,18,78,48,67,93,81,44,313.6910168545095
88,79,13,25,87,92,32,63,88,66,402.50208539106774
52,86,73,17,52,11,56,79,69,93,319.03864857228706
45,31,39,25,80,15,66,49,7,53,53.96706056181023
78,48,82,28,16,75,16,60,52,5,374.0617753964639
63,7,96,69,88,23,55,23,39,93,614.6049003316958
86,10,17,52,95,55,71,33,45,71,579.9917836087943
15,76,2,45,42,91,2,34,57,21,358.01114424889437
64,63,60,37,64,42,6,49,42,83,395.35132224084924
45,3,93,9,2,45,1,88,86,55,246.9110046823021
5,87,76,85,23,86,0,28,35,29,541.10351893861
81,42,78,45,52,34,18,96,41,39,302.3301705704231
86,80,82,4,66,21,4,15,47,98,334.35620762429784
39,2,68,12,31,59,69,36,87,87,330.77552920560953
99,38,25,96,67,39,75,82,76,3,324.8101487127878
47,62,74,69,5,24,57,80,49,7,120.14881191114858
89,7,36,73,13,1,83,99,21,4,296.9141781465593
71,26,80,60,0,63,61,13,70,21,294.1218902313442
14,10,69,38,48,44,48,79,54,70,578.4490383856132
40,75,85,28,39,29,55,97,38,78,406.325429261292
71,35,49,43,63,25,73,14,84,15,419.55965339463097
25,66,20,67,6,92,59,66,15,20,630.9871769571915
45,34,48,51,32,40,9,74,92,25,510.69098295319816
97,57,79,93,17,5,41,82,18,61,131.047495625272
48,67,60,20,85,80,98,34,11,14,324.7657067389591
94,69,54,36,96,78,39,31,27,10,462.1926489218612
59,42,0,35,55,83,88,54,40,36,578.6020821183166
33,51,10,62,81,85,40,49,54,62,469.5013894650213
74,56,39,39,36,22,50,16,56,57,290.17088990628497
24,47,28,42,66,46,39,91,53,92,297.76220563743277
21,36,40,7,22,28,67,29,78,61,266.46859830731427
41,11,46,16,61,68,58,99,7,27,544.3566898086245
0,72,50,88,71,49,1,89,55,48,412.160025530936
17,76,16,59,40,92,67,26,81,17,448.5117716121319
52,70,43,20,59,21,99,45,75,59,447.0432536768167
98,3,76,98,4,59,15,90,25,82,421.35367101087536
53,25,95,24,70,66,95,3,78,50,349.6552030114807
16,23,84,59,19,92,13,61,5,99,557.9886901098574
68,57,94,25,92,31,24,83,76,0,134.48725448481238
90,29,57,40,17,54,28,45,5,63,354.44739712052285
13,41,63,12,96,34,27,64,1,45,620.3706648097049
49,18,48,3,40,31,23,0,29,33,386.7402106280298
7,93,14,90,55,73,63,70,34,54,669.0641284502967
36,14,53,0,78,77,54,21,57,54,418.48807963470534
2,72,30,73,51,64,13,21,59,10,640.3052666621752
77,39,11,22,23,67,11,3,91,63,434.3709700760058
21,40,14,64,42,4,74,67,56,28,575.0863133233704
26,98,13,67,23,1,50,83,30,43,365.0868744891685
4,24,79,23,75,89,23,73,89,12,426.14213752831296
3,92,12,13,98,81,24,49,73,9,250.31152626240413
79,13,72,5,83,20,81,68,79,34,630.8566146764872
3,7,28,88,86,74,2,67,11,70,319.54926192392253
46,50,37,85,70,51,36,83,44,74,339.1742449088622
73,5,72,30,53,2,54,84,34,50,583.9728084303744
80,97,63,18,36,93,54,71,41,40,279.8170392776151
74,92,23,59,84,90,76,9,52,19,277.9800941720163
66,34,99,3,85,35,59,99,2,27,473.940269303707
0,8,62,13,33,86,68,66,31,82,342.17853038083706
93,44,17,29,44,15,76,24,90,88,446.4908173900058
58,1,8,83,94,6,75,22,14,23,601.8303743647921
89,88,80,56,52,68,20,62,88,66,356.8275920247314
19,97,34,81,15,12,5,37,27,31,284.244415528271
47,90,26,1,15,61,76,75,98,35,383.93403006554075
77,2,68,40,17,15,12,77,62,42,376.8892539814364
61,63,7,71,95,97,25,78,30,99,350.1639584001449
96,32,54,78,81,14,30,99,76,12,196.82081081054983
33,44,11,43,41,46,74,11,53,51,451.64294177107683
20,36,35,70,12,97,78,20,99,22,250.98492517103696
2,20,5,44,60,28,28,0,83,52,300.99005255164684
41,22,11,1,16,37,18,45,92,22,330.78949294796416
72,80,7,62,70,64,65,38,81,25,501.24856796380044
6,29,86,39,66,90,14,67,25,99,386.4016765215675
93,10,90,15,15,55,39,70,46,68,348.702287499716
23,83,5,1,82,52,11,28,8,74,481.82449708258616
56,67,98,72,34,34,25,22,64,49,353.3414528151707
27,55,75,75,95,64,74,89,86,82,205.2779349635481
20,16,68,69,8,62,21,20,60,16,441.34295398538916
46,92,26,25,32,83,99,38,48,4,532.8035678949761
59,77,25,66,91,46,18,21,39,46,327.9915898526264
85,25,68,75,87,68,78,9,1,57,449.76992329022346
72,1,82,26,44,34,43,67,1,5,301.02397209693225
99,30,68,53,45,15,63,84,5,94,465.3082260247062
34,51,8,39,72,10,64,34,84,11,535.8634542074881
14,97,21,94,21,78,39,47,32,93,613.1957006447797
61,53,74,91,97,20,69,28,57,45,239.36252075517956
55,96,73,28,80,95,43,36,79,17,312.0376316507436
21,95,36,13,34,16,4,42,58,0,137.67870087059094
78,79,19,76,47,93,91,99,58,27,593.9209658232598
4,15,31,40,0,22,65,59,93,22,270.32996907217347
20,32,56,50,3,10,40,75,92,36,435.7560461540554
74,98,77,80,7,24,79,81,12,83,251.25040867016443
31,89,46,61,43,33,54,16,9,9,434.14972513334817
12,37,94,67,25,68,8,89,72,23,382.26138908405466
31,8,33,73,88,99,55,9,31,22,435.37309733160333
3,85,7,7,12,30,20,71,35,68,167.14422668755083
34,77,64,15,11,33,11,87,57,95,484.2525702224722
47,6,32,22,74,75,64,36,87,46,463.50394256884186
6,22,0,27,16,94,4,76,39,59,418.56728746061395
0,29,39,69,39,42,21,42,14,84,534.4806964841641
50,10,26,78,44,76,10,1,43,93,348.0020227536555
54,72,54,38,68,1,63,62,20,91,331.2280839006057
99,51,40,26,64,42,89,7,66,13,481.18276987424565
80,95,42,19,87,27,12,79,14,44,568.7403312944746
25,74,44,26,42,97,52,71,22,90,396.5276790144606
2,94,98,20,62,70,50,83,55,52,637.6623254740558
22,58,85,95,45,86,30,57,32,60,142.28328029123588
53,18,81,15,96,25,28,47,66,58,508.2402805658998
2,8,95,73,18,36,46,3,61,98,189.8471035614969
55,12,3,48,22,30,59,44,99,91,143.309065427476
70,22,82,55,99,81,97,11,93,67,461.3298805093701
66,44,46,91,82,51,7,37,43,40,419.8875020383392
33,52,87,38,35,71,22,70,96,81,458.9121556368857
73,17,44,28,94,69,35,44,79,33,677.1818183411228
81,76,32,90,15,46,6,35,25,51,357.9854743282835
69,2,41,41,49,47,93,11,24,68,578.498180899214
66,46,23,45,45,80,75,69,57,63,593.0024237855474
18,99,27,77,76,97,61,69,39,31,348.69625415905534
25,13,92,22,29,7,98,90,64,18,458.47309045378506
97,65,59,33,65,80,50,64,58,36,352.52408032286917
95,56,48,51,61,29,43,35,24,79,550.7020206995617
91,22,6,41,15,32,25,89,97,51,149.59625492791093
83,16,36,29,59,8,34,34,25,10,368.28290260694246
29,43,25,73,39,64,60,20,32,21,504.07057289639533
52,98,74,8,46,2,7,67,56,5,138.39644857731165
57,59,59,73,40,93,65,14,57,95,323.02225097149017
60,61,18,91,83,70,83,86,87,63,486.5271870084156
47,51,54,13,63,38,14,38,13,48,460.4665275811387
90,86,94,89,75,85,74,28,70,59,663.576982356494
76,76,5,29,23,81,55,48,56,36,457.63518406459724
95,45,57,49,50,4,64,34,80,80,569.9140151945682
42,52,93,58,12,25,67,8,86,21,234.4225711442887
87,71,24,87,82,35,24,99,84,83,262.86742238506105
85,96,18,58,63,5,43,63,61,44,457.1616919545031
98,53,39,44,63,12,6,86,64,78,378.9680726772913
83,16,11,76,31,14,29,59,44,98,435.127299504639
24,83,92,88,75,2,90,11,54,17,673.9976084338668
64,75,29,96,67,18,23,31,24,64,231.63612134093708
0,21,62,79,79,18,43,20,59,98,230.4497367823921
33,49,58,27,15,5,47,17,90,70,489.5097175399845
95,16,28,45,14,81,10,37,85,73,314.61229013710386
71,92,86,21,76,41,77,50,83,29,340.68058808897723
74,63,47,8,24,57,8,26,82,16,165.76534321480122
50,70,89,41,50,88,74,35,63,11,381.4847051735217
49,12,42,40,68,40,63,86,5,12,383.7081772536171
0,91,7,62,93,49,23,14,56,18,264.2197379817155
61,67,40,64,61,64,70,89,1,28,564.2307142757733
81,47,62,53,95,44,37,59,60,35,371.0667262831647
12,94,73,46,66,65,14,98,83,0,258.10322168229646
94,89,27,92,26,58,45,10,25,22,324.1687375300473
98,41,8,7,69,48,28,69,75,17,355.018449529617
90,94,40,50,39,29,59,32,18,6,643.2549553752244
93,71,35,65,34,72,48,1,13,85,380.5321834781228
35,34,10,85,84,47,85,19,69,11,602.571708669189
40,44,92,8,62,74,11,89,54,69,616.0030547819354
79,21,80,48,6,47,98,6,98,51,444.4894537792448
52,4,62,69,32,60,83,96,4,74,182.79775090263504
42,35,99,5,80,82,22,36,59,70,301.133775780081
43,34,86,61,34,32,56,12,91,26,390.7172284299811
19,53,18,48,53,85,26,24,27,26,301.5456698727166
44,37,6,1,4,95,35,25,93,13,418.17706002632394
98,16,21,13,65,11,49,12,31,8,313.52050513586346
11,91,50,19,87,36,84,57,10,39,452.6874726856543
18,33,14,23,16,6,27,61,3,58,637.1804313108205
51,31,90,6,41,63,24,50,3,68,289.03295657366124
48,95,51,75,12,3,2,40,6,82,162.42706813177878
79,74,19,12,42,19,93,87,5,99,600.8571545321341
49,14,9,86,26,63,22,8,89,11,374.21710202021063
98,81,77,44,65,79,7,42,58,31,239.70840213569934
81,5,8,62,77,61,2,19,41,28,211.39807448635577
29,9,80,3,84,20,74,89,59,29,383.4362233836961
51,88,70,36,81,30,38,69,11,74,237.84472038465037
51,91,27,2,48,74,28,2,72,16,552.7634141061218
66,67,27,88,53,25,46,58,58,65,530.3912904225382
67,54,38,71,96,74,45,13,38,65,220.93702063786975
47,84,48,2,70,4,12,58,89,54,492.0694862506476
7,38,86,6,86,98,42,53,66,36,575.0529281310719
42,77,43,8,74,22,76,78,33,22,248.37069472403954
75,1,30,51,32,93,50,14,96,28,432.08977774739816
73,29,69,74,58,89,26,88,91,70,440.8385794479197
21,70,12,1,7,69,53,85,74,23,260.97460894684934
84,2,59,51,46,33,67,40,58,75,260.60567161491974
84,80,12,24,2,80,62,0,24,34,270.1051668204078
21,11,3,94,48,94,92,22,63,62,509.5039099552208
27,67,59,90,81,30,86,81,65,91,169.99340885325825
20,32,71,18,76,94,13,25,63,22,259.6549478307851
7,72,0,24,22,47,95,52,79,97,589.2410096906094
69,73,65,71,49,69,29,97,53,26,579.5769515050044
18,1,65,59,61,4,90,85,86,17,553.9250545258798
52,37,34,70,2,23,66,89,84,52,368.37172611120167
89,27,21,6,19,45,95,32,77,41,583.0612093964859
80,79,96,31,73,7,23,54,22,94,523.4976104455654
48,24,66,89,81,61,84,79,32,90,290.26810416386286
79,61,44,20,50,81,76,4,23,64,434.63587972262366
11,24,37,50,33,94,68,13,67,74,408.1894736640206
38,48,58,50,22,12,57,16,87,74,484.8961500154686
34,45,62,69,86,66,40,20,99,49,245.90638878788707
59,88,29,36,69,66,47,75,37,59,285.07405002556675
68,3,45,67,11,48,70,8,7,83,216.83255132494378
34,66,36,46,32,89,59,58,49,85,481.2981853202705
96,64,70,20,5,5,11,57,98,35,272.9168744597527
36,3,41,18,8,84,13,82,81,41,252.61537852417388
70,65,82,98,77,85,95,88,56,58,324.7487750067206
15,70,39,74,88,91,45,37,16,71,537.9244444308958
89,1,29,8,42,1,29,98,97,67,306.60420764802745
29,38,16,8,7,33,85,14,18,11,412.77525078737017
23,37,85,99,60,92,40,72,31,30,603.0330491072876
84,39,4,9,28,19,73,97,96,28,474.5707585367923
33,22,43,59,7,59,91,49,59,38,320.46238891396985
38,12,8,4,20,5,30,13,2,37,313.7898735719439
26,20,86,56,62,65,15,34,61,23,397.5841143294643
53,3,56,70,69,30,48,56,22,17,165.07172739380488
13,85,38,93,45,75,93,84,69,6,679.5369276874984
2,9,54,62,45,67,7,31,99,76,483.98959713492525
77,58,82,33,30,20,39,53,78,0,111.10219824599176
46,44,34,19,89,71,91,2,63,69,510.10151396449845
32,64,90,37,61,16,24,55,74,84,203.8728664460817
44,53,21,45,52,82,47,22,16,43,415.90409256205663
6,44,94,80,17,2,77,57,95,87,401.39285014807416
30,12,63,91,65,25,12,39,31,92,204.10957739975112
67,98,6,76,13,52,26,75,51,53,139.87033610975126
25,58,93,44,90,67,19,91,57,82,208.63337169312803
57,92,38,25,23,11,0,24,32,95,221.8463780364447
73,91,59,27,13,75,12,36,32,12,376.6489339708544
83,15,59,8,1,34,86,10,61,75,201.3404539141634
70,22,75,10,31,58,63,8,17,46,174.77077162617962
71,56,55,14,26,62,42,82,64,19,453.3262318858395
19,34,71,68,46,13,80,58,39,36,510.8735128747915
30,51,71,22,32,90,6,14,38,90,336.7187671373812
63,54,4,57,82,72,73,24,47,67,261.2570015322591
73,77,97,11,19,84,3,97,86,50,437.8407846901594
29,15,73,91,74,88,71,8,98,52,361.3382535467282
52,37,12,42,63,32,91,25,22,38,293.80823513277664
91,34,33,87,10,57,17,68,70,87,301.89237838406837
68,67,88,85,88,60,56,2,4,37,393.6979855410244
31,34,85,10,75,71,79,50,86,59,510.1471018626467
71,17,47,4,46,81,22,31,92,67,495.9938717215998
10,49,70,17,28,39,3,88,78,80,269.77606572845156
27,61,23,46,5,58,59,31,5,22,349.68092731951833
21,1,82,97,64,41,19,2,51,0,242.33406253255842
48,89,79,37,65,11,40,0,80,62,125.42806670424193
78,25,10,18,3,33,1,95,84,43,358.56372762650756
48,69,9,26,94,71,38,5,37,56,610.8808514115559
98,4,57,34,68,81,32,38,40,20,462.68154480178555
89,70,39,83,52,85,30,21,82,17,455.26311921824333
95,27,47,57,5,92,11,4,53,54,485.6708127799737
71,35,99,99,43,97,23,55,64,34,253.68228147385364
15,56,77,60,3,92,40,37,88,25,581.7701152882705
37,48,3,98,8,0,20,62,74,9,468.4803497228008
42,62,12,89,31,13,94,46,28,47,279.123672340044
55,99,10,6,85,6,15,31,91,20,475.65954550206834
65,97,90,76,29,24,28,10,24,85,359.7501700800091
82,21,60,92,83,34,74,47,57,85,437.954820908104
4,86,88,43,0,13,13,91,61,95,415.963738482871
54,79,31,55,5,70,28,26,45,62,371.0011507351796
82,3,59,21,51,81,0,54,24,24,493.52555500256324
18,15,92,14,60,44,70,43,73,78,521.6030808586504
33,98,22,45,49,15,78,14,82,55,276.6050085058083
25,6,21,7,44,65,91,20,18,14,302.07279883762294
57,44,79,74,42,12,43,98,14,33,374.4220540759165
67,26,92,62,27,97,50,40,38,72,297.0868464840144
43,97,35,70,34,9,52,55,8,66,171.75129160481686
28,19,44,78,19,96,28,31,70,87,407.9567815872858
6,72,15,6,27,20,79,56,48,20,578.8408038401789
42,26,61,66,49,39,4,74,72,85,240.92999969826803
6,62,6,42,76,38,81,90,93,89,215.38357344875126
56,82,29,38,60,0,46,29,91,7,531.6069874127403
64,69,3,17,86,60,22,14,42,77,388.8122616986993
55,70,28,85,11,46,28,18,35,35,366.9860179974582
86,10,61,55,19,66,48,58,74,55,516.1871573954135
85,26,36,44,38,36,76,54,88,12,138.51928637721275
50,19,33,5,91,10,75,97,13,29,572.7435228973641
9,78,53,37,86,91,70,33,12,74,205.2110061176584
26,3,85,80,54,58,98,84,26,82,292.68778617180766
24,34,36,55,28,39,28,73,98,47,484.7330501353733
86,70,8,1,36,34,76,23,61,6,620.0741858231281
4,7,17,96,68,62,63,33,20,5,392.75335760007266
71,30,26,62,97,41,20,71,95,7,314.1966506043759
5,10,91,72,13,30,23,2,36,47,484.4110409186056
95,94,73,74,32,54,22,91,25,57,500.06773216658604
9,25,98,11,79,69,2,9,97,19,98.85520923658885
7,1,26,29,47,79,86,25,9,72,507.3058761593715
53,86,7,92,46,18,8,17,76,22,125.48811610997427
29,67,88,38,65,86,1,49,64,55,307.59555706009485
65,34,97,11,78,77,93,88,63,65,365.0308736296855
51,9,54,11,18,87,78,41,26,14,252.20586580643
69,39,42,52,8,34,2,94,95,21,434.25049218263655
36,60,83,30,90,21,81,80,37,60,323.1809715644168
51,66,98,88,90,79,93,27,22,51,588.6157827843966
82,20,45,21,54,86,77,59,91,27,544.9920653772394
57,8,58,54,97,96,1,27,3,6,348.2771283234469
10,58,26,83,15,76,42,33,60,8,263.4896854549099
59,54,44,98,75,92,76,65,43,1,507.2647961131977
15,53,87,59,84,37,49,25,16,90,384.2444410696734
47,97,63,52,27,24,14,69,60,27,391.39631744122016
48,52,70,33,56,4,99,20,32,41,308.83391949431797
5,27,72,60,48,18,22,79,2,87,478.7043009024431
84,58,17,62,80,57,63,76,45,26,54.97931464585429
11,94,89,49,72,95,59,1,84,77,561.7345070782786
73,15,90,94,55,0,35,52,27,88,403.9229935832186
65,81,72,47,13,47,42,1,19,71,573.3601606950981
86,99,92,53,72,38,20,27,46,18,639.105933081042
72,62,4,88,36,46,22,61,16,32,449.80431806942926
0,16,72,40,84,37,61,67,44,76,330.1610923462073
41,53,68,44,29,13,83,91,24,41,477.73071619091434
7,56,39,83,59,82,68,91,92,24,566.4684796021769
9,12,31,68,81,18,58,41,31,79,255.7876332336381
99,36,2,27,66,13,6,71,26,9,449.3064909845249
38,12,9,72,96,27,39,13,87,86,251.85301635390204
49,55,99,74,52,90,88,83,0,16,356.1357793019039
3,29,26,3,90,2,8,99,37,14,391.7059392858944
14,65,78,83,49,59,77,78,93,59,504.86965589023123
41,42,24,26,82,4,13,2,92,59,552.3111412724193
48,66,27,46,88,63,6,44,91,50,600.8832359864384
8,90,14,2,5,38,75,4,44,17,607.0864299001621
73,73,30,30,47,76,52,18,0,18,507.0852198640601
37,82,19,26,18,4,98,75,90,50,380.19392093942474
77,38,38,78,51,76,97,53,90,74,478.67638810960005
32,22,99,20,50,56,21,82,32,20,331.5093589165546
86,8,22,78,67,15,72,44,56,5,265.59174904106357
98,86,13,93,96,50,99,15,69,13,280.29696405491035
62,78,15,34,80,21,19,51,32,30,172.53892644808073
50,93,80,55,28,19,56,2,55,65,498.4998059356557
36,50,19,38,92,1,61,12,91,22,307.7516211864847
26,47,92,54,10,16,30,23,47,28,298.31328058203405
36,19,36,15,31,75,98,68,38,80,302.0505916716452
25,70,78,62,9,72,89,88,16,40,491.32179952389913
24,4,9,30,97,90,46,59,22,1,458.5021889807871
55,56,4,82,0,64,11,29,68,40,228.70118965224722
81,39,27,44,82,45,31,8,95,8,429.8052609373394
37,14,69,47,63,19,6,61,28,57,477.5837682553357
69,66,53,91,46,23,51,41,36,53,482.7180574131117
16,22,42,2,87,15,34,33,79,83,569.2521547563275
33,51,61,44,25,12,71,96,29,8,257.36923634518246
18,61,17,80,35,71,49,53,24,5,356.5562159691767
37,95,29,28,81,97,85,54,61,76,319.651316740566
63,39,98,88,79,35,13,13,17,86,374.71319690795707
77,24,90,39,31,44,72,27,96,92,379.08928088854464
12,85,63,32,48,97,11,34,23,7,402.1400063764426
51,65,87,66,48,43,25,87,79,38,464.91745128069306
78,97,73,49,5,73,80,64,17,57,297.3371852306703
92,6,44,1,10,61,83,54,81,28,475.26225421714594
93,40,58,92,42,45,32,18,14,10,472.53442258576763
87,58,49,69,25,78,53,70,46,6,361.01522430545435
19,32,93,39,49,91,0,80,8,52,431.6738474893293
86,89,89,21,82,21,84,41,1,19,644.3016338757388
46,92,20,20,13,92,36,27,25,43,554.7450460802658
62,57,55,26,67,22,12,68,37,31,328.5280318930723
63,14,69,68,79,6,36,60,20,2,578.3186887282656
62,76,14,28,56,88,90,93,13,6,501.16491312395186
39,10,19,40,67,56,25,48,95,69,438.2622444951668
33,90,99,91,6,2,45,6,37,23,324.21006912336776
86,11,77,32,84,75,53,89,48,85,594.7103993658925
53,95,76,53,35,46,92,11,2,77,528.7855694431967
1,42,91,53,29,35,43,50,45,63,632.7905345227829
24,82,18,26,18,0,94,46,35,9,408.21403416155687
62,87,91,53,43,55,58,62,91,28,565.8514774931009
21,83,91,20,49,75,7,54,51,88,315.01688839477595
15,69,93,28,95,83,67,39,27,41,480.8085652141998
78,37,70,77,56,91,66,81,58,75,340.2569644116888
28,63,25,1,50,36,20,41,90,95,392.8019980769162
3,49,21,3,23,15,10,4,37,69,310.89610341066293
50,59,6,11,69,84,6,7,25,40,98.28894776180579
30,62,5,10,5,22,12,68,26,21,277.82644708127464
31,50,83,13,31,18,4,85,32,0,76.42318023933962
24,58,61,39,0,19,57,5,47,39,294.5279481517919
68,75,7,70,28,84,41,95,10,97,29.887527203359014
70,0,31,22,57,0,78,66,45,58,446.83075392465537
80,34,15,99,89,11,11,62,24,32,349.312259337376
34,3,18,91,67,83,84,61,64,11,297.80706760781646
2,2,31,53,28,12,59,87,53,16,481.4421154990408
53,52,1,13,61,2,58,58,4,1,514.4480920967793
15,91,92,96,59,1,62,88,12,92,451.7102259594782
91,54,53,41,91,96,87,19,45,18,169.68502953463837
41,63,43,0,20,35,33,84,38,90,286.32922659494255
23,46,18,88,80,17,72,89,80,47,331.3644277283653
41,67,81,6,1,61,13,1,53,86,362.6960524313568
49,23,89,33,63,48,40,54,85,61,320.9567085653916
68,37,42,35,97,55,22,40,26,58,448.0555645213475
46,66,55,38,42,46,6,75,22,68,534.8522460523002
42,82,57,17,81,26,80,24,57,37,225.50464625765048
94,44,96,45,80,93,5,39,43,46,280.3550314284184
29,46,59,16,59,75,95,80,11,9,546.8809309313169
49,79,66,46,44,28,81,97,51,62,584.9307707429547
77,26,20,96,71,95,17,30,85,17,265.6333715784625
38,81,55,38,50,61,58,23,27,0,493.24982053311714
88,4,36,57,0,92,84,60,93,16,269.3943528968797
22,51,34,61,45,13,35,76,9,96,465.5243613400395
81,3,78,98,99,4,5,18,11,28,469.2189289125666
38,95,61,79,88,14,33,36,75,6,696.0663743289165
30,32,97,4,86,10,82,97,30,38,299.82317392930554
84,62,3,8,82,92,28,51,52,64,169.71186937611844
33,38,25,70,0,74,72,30,52,54,210.9000946549691
78,22,56,22,48,45,78,63,63,4,488.0587103866075
11,40,96,35,31,29,56,23,85,65,480.83090669591024
24,78,51,71,91,3,7,43,9,64,555.8777522644876
25,87,12,11,44,45,36,97,55,28,389.5596481390148
66,38,17,41,25,81,63,6,69,0,219.46925431929222
52,47,17,84,25,16,11,64,17,1,183.3343208006297
47,90,13,78,53,39,40,30,88,7,203.44299629261795
59,91,69,1,85,37,78,67,22,41,429.10554602639013
56,2,68,29,82,34,22,60,5,91,316.71805404437015
91,41,98,95,70,25,72,66,40,48,360.0875863774514
13,45,28,40,31,39,41,30,24,74,446.99954591116034
88,61,34,97,76,9,90,87,57,38,264.9769514547278
65,1,11,54,2,98,96,29,27,26,459.2179153461506
7,24,24,27,38,83,22,58,68,71,460.95733129970495
76,61,68,30,87,53,77,81,65,95,589.1478345241424
26,21,10,84,30,33,80,56,56,37,254.08818273977653
54,67,6,73,53,72,18,29,85,83,255.2428750660324
2,56,20,76,82,77,77,27,51,97,447.6477731635647
97,22,87,32,12,48,60,89,69,38,194.94200228692247
68,17,5,97,40,21,19,20,92,59,496.8163297541795
38,34,88,88,20,75,37,31,61,37,420.79236584123583
82,83,63,88,47,21,45,67,90,74,513.9587353975418
20,84,85,15,73,61,51,97,21,54,491.77756451975534
28,10,16,40,32,10,19,29,51,79,356.72887534816806
72,96,6,14,13,15,59,77,48,30,587.0227661748218
89,79,1,37,19,71,86,66,27,14,425.8123149936137
98,94,47,52,0,62,0,86,36,12,415.155859591735
29,98,64,68,33,76,41,16,37,37,449.6637017161173
47,62,3,46,36,90,51,62,99,98,347.8072491897492
0,80,26,78,36,54,69,12,92,35,313.0405303087906
67,89,62,57,46,43,90,35,8,44,189.9802158375679
82,55,57,3,59,59,76,55,98,44,423.94268753966594
20,60,31,89,7,3,61,27,54,33,556.6489616596637
86,18,24,20,81,27,30,19,30,20,481.7729292155958
76,56,97,10,31,38,35,31,11,90,415.72468321498803
88,21,73,64,65,55,61,66,56,28,318.6492153958381
96,92,62,67,95,15,49,23,29,86,301.22504599846724
57,11,24,46,79,79,59,82,68,0,272.729923108862
76,27,73,27,32,10,93,37,55,50,695.1428023857702
1,72,35,79,60,52,84,81,42,45,627.0832324840436
34,71,86,32,89,44,3,21,53,8,361.1828261858708
13,48,42,87,4,95,13,47,7,71,575.4015934150988
97,30,98,70,12,80,61,74,7,62,175.1954268433295
12,93,86,96,56,67,58,7,70,5,514.6940257622141
50,43,31,20,18,90,5,52,83,54,324.7418494674992
36,1,12,54,70,25,29,49,23,64,345.21192376160167
32,8,75,16,9,12,39,91,72,79,434.6924925522974
99,40,43,43,92,89,29,39,42,58,449.65939189822313
12,8,81,98,56,70,90,79,7,26,412.8430953427485
85,84,92,45,35,99,77,53,47,22,248.85462632257
79,2,20,32,66,2,71,85,18,92,476.73292105804245
3,16,99,49,21,84,50,58,24,14,535.6971470534246
82,36,48,65,36,45,13,55,98,20,525.1254107133467
98,59,48,60,39,6,61,23,79,48,413.553813184249
29,39,42,7,42,28,35,34,40,24,369.17305572591437
8,47,44,96,2,52,15,45,0,51,490.93219082132435
64,31,36,94,33,5,31,71,53,50,565.8411414996341
22,64,58,57,93,86,46,73,5,45,461.95286392835703
25,5,62,42,40,52,55,84,6,76,314.3675713019152
36,58,21,94,50,11,35,59,93,64,279.17904655500274
95,42,59,10,13,39,86,16,61,58,511.67659695370037
48,76,30,31,36,45,60,31,69,89,517.3685465445913
9,58,64,23,54,30,33,62,36,14,315.56535098131656
2,1,89,22,37,19,87,75,94,0,214.1343680191868
52,85,68,84,58,1,88,55,57,69,558.5431525093189
37,43,40,91,77,93,70,50,78,82,262.3641169376344
61,55,30,15,6,68,18,67,2,68,469.3852570113484
51,83,99,65,71,13,44,67,27,87,237.16016783605988
88,25,50,68,44,16,13,33,73,53,365.4590346057403
53,75,18,50,73,17,55,89,95,59,277.2669640138446
92,24,53,79,5,16,16,76,40,76,247.42249912732825
9,29,88,13,88,40,80,97,13,51,387.03438168082766
89,65,42,72,68,89,89,79,14,28,492.97984213753654
80,49,1,78,84,22,32,5,2,27,476.4586798861777
65,99,47,87,44,99,60,2,53,96,441.029641550086
80,26,26,81,66,80,61,17,13,15,249.15964917181967
87,96,71,70,21,60,54,89,90,63,509.5360851825145
50,43,22,8,79,75,89,19,85,83,155.23189207444472
91,91,55,33,4,86,19,15,64,61,414.9261388601909
66,40,84,12,64,19,22,3,28,82,513.3631599115371
4,49,4,84,13,43,18,84,44,93,315.8873678405543
26,97,20,83,91,66,8,89,16,69,562.643041490236
61,22,25,6,27,6,6,26,43,54,501.8788047815189
57,29,50,53,82,67,73,22,96,87,432.0044782085603
36,86,13,38,89,94,54,21,45,86,292.12009358865
44,15,0,56,12,8,57,48,3,93,330.16025994167006
96,77,52,64,71,45,41,10,36,68,316.44210354690523
27,15,53,39,81,44,28,77,47,91,3.506091120955091
21,72,17,31,29,92,94,85,30,85,499.41046132456984
55,15,94,25,3,74,62,37,83,70,403.635939457435
88,60,95,15,24,26,65,34,55,27,177.88987061820558
41,6,9,70,74,32,2,19,19,15,276.47469199506577
60,61,71,95,37,44,22,21,42,34,227.9224326887734
98,37,97,46,20,52,76,87,18,91,277.82383227964436
16,1,48,55,35,52,78,53,61,0,277.2530851732533
98,30,88,57,25,45,62,32,66,65,203.6404338275841
62,13,92,49,87,47,56,94,2,90,581.5706835289136
77,55,32,98,42,72,9,30,73,93,604.8257265128514
97,58,10,32,88,5,22,29,24,81,380.2216595907489
3,45,26,13,13,42,51,86,92,27,506.61428237079286
43,66,73,36,0,91,76,67,83,64,374.59686440288874
43,13,3,73,85,69,36,77,80,38,336.6022759982672
5,99,66,90,81,28,6,73,30,78,491.7523186089809
5,51,3,95,26,68,8,90,10,41,265.1789068729363
8,6,95,36,10,97,17,84,87,96,332.9619536135097
26,91,6,39,71,22,36,61,99,47,248.19486986956343
85,64,21,52,47,67,82,8,41,72,310.8571216794011
72,96,52,21,6,91,5,21,15,46,602.5143506019019
45,7,74,82,0,17,58,61,55,13,349.6334718278205
86,23,91,68,7,78,68,86,78,36,774.0398371073609
84,73,14,21,43,43,17,8,87,68,448.24317397589897
93,56,74,71,84,92,2,72,69,57,360.5090411924312
17,23,24,35,43,0,88,25,47,99,453.9261918286881
28,55,46,8,57,38,22,73,46,10,268.1538251766561
14,71,38,70,76,21,51,39,45,91,362.19020826533665
59,47,56,56,47,93,61,52,72,86,366.2195894886121
80,23,88,62,78,93,69,51,60,66,337.3901853251152
46,9,29,40,58,61,80,88,40,41,436.6765435010017
9,9,39,95,59,49,61,47,6,58,169.23024416091738
50,34,35,24,60,34,57,30,54,12,564.7887932567467
21,0,73,55,96,7,79,90,65,8,516.4094298945437
98,24,91,56,12,6,13,40,55,19,475.42562389559527
62,27,20,77,88,90,67,60,44,15,387.98129343125925
1,25,1,3,72,50,68,39,95,96,599.1324142678834
23,4,32,53,31,63,73,81,1,46,528.3786275547482
15,32,16,76,27,94,91,27,3,91,559.7742932901805
55,98,81,32,75,51,79,0,98,20,265.52635779917955
42,81,11,22,84,86,86,89,15,19,285.0812947110609
96,32,73,98,50,40,43,98,9,88,486.876639810402
10,35,39,57,69,88,80,95,95,6,211.99793592187393
22,58,45,57,26,99,60,41,1,98,396.2554284093568
68,93,0,89,68,20,85,92,15,49,343.3637019729503
81,47,92,55,5,91,28,15,77,56,380.82753268497703
73,69,66,25,65,96,32,80,87,99,513.1629870609262
20,87,22,87,18,48,92,79,96,64,365.58392536135386
89,20,29,48,22,26,68,50,30,6,580.9282965118944
67,34,73,75,29,29,73,83,84,46,427.5535989918206
38,64,0,29,31,49,14,52,14,92,371.0117269339877
55,33,54,75,18,56,38,31,11,5,199.74541500066886
94,60,46,21,0,36,65,60,67,99,351.85759748982207
84,2,68,46,81,55,91,57,41,7,314.928810540737
65,68,92,98,18,74,8,91,66,0,458.4283923669744
3,1,0,89,66,19,36,66,98,7,199.60055589618543
93,50,11,19,88,18,65,65,66,81,341.262499812173
99,59,46,5,7,70,75,58,4,28,373.54804877961857
38,16,68,25,92,57,92,0,95,6,312.5837409255614
76,6,90,31,70,74,60,99,54,20,689.2568946095766
87,16,11,87,65,57,29,58,36,67,339.7567115264401
72,62,89,37,84,60,79,4,19,79,328.21250660234233
77,0,57,35,77,49,79,14,62,16,370.37761831057554
5,28,77,72,56,31,98,6,70,55,305.2294802355102
94,75,45,75,32,12,41,13,80,34,342.5263029054605
58,10,65,52,95,1,0,66,74,30,380.3375974255065
52,46,4,13,55,62,37,53,88,73,216.16720049613903
92,16,97,60,8,60,85,27,80,86,342.12801132456946
97,97,76,69,58,35,61,69,41,88,478.80879316495134
26,83,50,82,69,75,78,23,52,17,280.7259811615908
52,63,9,48,73,44,94,89,95,37,371.1712530622385
35,76,40,7,64,57,52,47,63,10,454.862789871495
83,88,75,84,4,26,72,31,7,71,335.0220810472726
12,91,37,45,59,76,83,9,48,63,198.51963371238773
68,51,90,40,81,33,57,21,11,75,348.79110217205005
12,42,38,4,57,6,86,32,77,23,460.2077342273404
15,78,23,28,98,74,33,79,97,46,444.9340154107424
67,25,43,86,2,90,48,13,21,18,256.31207591108966
57,98,41,71,49,94,61,35,35,55,275.4880383893096
78,84,66,95,41,43,76,8,79,98,370.41107162163166
0,71,10,49,42,36,78,62,89,75,563.5797469548405
86,41,28,31,84,95,78,2,47,32,574.0042983067781
12,48,66,39,3,96,18,71,27,64,580.1952668609053
44,91,62,85,59,55,34,27,33,26,541.6596613383583
9,29,71,9,35,75,26,86,90,19,428.4446976406333
17,77,10,22,31,52,76,51,52,48,419.11139019478054
36,26,49,5,26,94,62,56,71,63,350.954333768755
20,36,54,62,77,38,96,89,2,93,310.09320861566124
21,90,23,60,64,5,15,87,54,18,524.0586201229103
8,98,6,89,11,59,70,42,54,24,463.8297939331044
80,17,80,51,8,27,0,72,25,98,424.9985203920184
34,54,49,43,56,53,63,25,77,15,400.06711611904024
58,68,78,17,79,33,18,86,78,0,383.7891040511385
58,28,64,78,51,81,49,96,20,8,504.8339807889937
25,36,35,35,64,69,62,81,30,34,542.586738843917
12,7,72,70,96,6,8,39,67,17,600.7721350044778
10,98,72,29,71,44,29,75,0,3,349.7516962741251
42,73,71,9,16,77,64,21,24,8,531.9280319124947
92,27,34,41,38,78,66,10,93,97,169.05840456585324
2,25,81,32,41,15,74,53,10,41,313.0833012469206
94,55,13,89,59,45,46,51,96,26,520.6618298948837
25,30,95,49,17,87,88,45,77,97,339.61285428918717
64,58,80,6,53,74,66,54,42,93,443.30329648822817
75,44,62,53,89,61,1,2,68,21,404.5378782926402
32,20,40,95,89,33,9,80,65,1,273.64567747824617
88,45,58,95,26,50,22,16,1,58,336.11563109975305
26,49,24,78,13,41,51,30,74,51,270.1547902581271
21,77,50,98,55,94,54,92,39,81,347.2008245019757
42,41,6,0,87,19,13,76,61,20,400.61045641811967
62,74,4,30,3,32,0,69,68,5,367.1240718385381
28,79,79,47,85,97,18,77,29,67,294.1308017513419
8,49,42,88,49,4,56,64,28,56,502.57485056647323
57,8,48,34,58,12,77,82,30,48,379.52650131875055
81,23,33,74,94,50,50,46,24,8,664.3083517473121
48,82,12,66,61,27,1,79,92,55,264.24955137677915
25,77,63,29,80,53,55,20,31,66,184.8871601086143
30,80,48,45,19,62,77,26,33,5,265.1207763095679
94,17,58,60,15,61,86,14,35,67,528.2703810282792
43,93,90,57,21,88,51,72,96,77,626.6292537417264
41,74,28,87,44,22,48,52,68,38,204.6705277883325
52,73,44,25,4,9,88,51,9,15,371.5285953090157
33,48,14,88,2,43,46,54,22,74,632.6922409283121
23,38,36,9,29,28,75,84,40,94,630.7255470878421
2,91,39,65,83,72,13,93,34,98,518.1973493173294
17,66,2,50,45,1,65,80,93,66,369.48682562629483
37,8,42,79,13,77,83,34,93,4,312.2218489574499
58,57,2,9,19,61,94,33,33,66,562.6066969806268
45,57,78,63,72,20,24,92,28,60,357.6812778233707
90,66,6,65,23,39,68,32,70,75,434.0767317514389
17,53,62,84,59,93,88,35,5,20,401.75316347936905
81,8,40,76,83,22,72,24,57,25,496.19467833202435
3,34,69,47,39,15,48,94,66,82,447.8284999179075
0,32,49,13,1,47,50,60,33,63,463.83950806515617
56,59,35,39,98,4,80,87,94,31,339.92171464922234
81,96,72,94,96,16,8,30,35,4,645.8668634700564
27,78,3,73,20,98,66,91,88,34,284.3205383146752
89,75,5,53,79,81,35,15,38,86,301.258095440391
5,69,13,21,53,54,9,29,20,47,493.58431270743085
91,26,39,65,47,86,23,11,96,24,398.51349543021865
69,79,57,99,69,13,99,16,18,77,395.1823700662062
50,91,73,27,9,16,49,9,97,83,327.923443022521
44,55,94,12,53,57,21,94,90,69,589.043160886084
45,78,67,44,84,34,26,47,5,38,312.37234832415976
83,70,17,14,53,7,76,91,36,35,590.7810019068592
12,3,41,8,56,73,37,80,88,88,240.3708431716681
86,23,97,13,71,93,25,92,77,94,536.6175519922826
22,8,80,37,52,16,91,4,26,81,211.5008721445271
76,15,73,73,13,59,46,99,35,17,515.9401652329702
91,97,72,48,3,78,1,27,35,14,499.30938599453935
61,15,82,33,64,98,43,96,77,70,465.514587575155
88,88,51,4,67,93,87,18,40,13,445.65602696569874
11,3,47,69,41,18,29,67,21,39,150.23087565783882
74,86,99,1,49,84,94,14,87,36,557.4739957353959
45,27,37,69,53,16,62,74,9,68,277.11402001565915
85,25,27,64,20,10,42,89,31,51,473.44967592698333
27,77,94,92,69,79,59,37,47,28,278.70122522804644
9,84,70,91,23,66,98,38,79,2,358.22084389730446
37,38,73,97,48,77,41,74,43,46,356.91573889197144
24,76,43,53,56,79,6,38,86,97,451.45061562095805
5,55,76,86,49,77,48,46,70,16,352.7996111299242
15,55,76,24,67,88,62,99,91,7,275.8788100512428
26,12,57,9,82,50,68,25,3,54,429.7177394069269
13,55,43,16,82,15,2,25,89,50,506.3268940522168
27,83,65,35,15,17,92,65,10,16,174.1990693403252
46,68,88,13,29,74,61,68,77,70,462.77632922896834
92,30,59,37,12,98,33,41,2,96,200.81527617465164
86,85,90,19,1,76,11,78,48,51,577.4734940440723
86,11,29,24,55,73,2,57,74,72,285.0180735373524
73,13,22,99,66,3,34,92,3,85,317.9454232887143
79,14,54,95,97,28,65,35,30,53,147.404958866063
30,34,49,63,41,12,22,46,51,74,273.68889998841917
30,46,29,46,97,19,92,18,32,53,390.4772341299365
3,75,13,8,2,89,57,69,65,93,237.06349526231648
87,1,99,36,6,83,22,46,74,3,447.42884916656016
59,27,8,19,76,39,83,34,33,10,390.14586004736253
23,41,53,16,29,96,10,20,47,89,493.3920103268124
87,5,57,22,56,82,64,50,46,77,416.1900878537024
54,2,52,82,5,18,11,43,64,0,174.39167749735265
91,6,70,80,89,66,27,49,9,90,221.22016934736453
45,36,41,36,30,33,95,51,56,84,338.49861928731116
50,69,80,8,42,17,9,52,49,85,290.1117597317136
77,55,85,11,9,61,97,72,28,63,416.736693611001
65,67,33,18,39,16,30,12,34,38,451.4459208935332
82,35,47,96,79,64,29,12,48,55,329.4316133525648
60,27,52,17,87,51,9,99,40,22,357.0031952729581
23,70,48,85,63,62,53,77,3,2,768.9592046828707
95,84,1,62,91,25,31,54,32,80,507.11154395084776
36,3,37,20,44,72,36,2,58,97,220.17686212915262
22,26,58,39,78,19,87,78,23,96,384.41444821635446
97,14,62,53,78,2,13,11,56,63,632.6479536088234
12,85,51,35,72,16,16,84,26,45,534.8666250498084
68,39,83,15,76,17,82,36,48,50,181.5278054161388
97,60,63,19,64,65,87,79,98,89,417.591161845241
52,82,78,26,49,33,69,8,5,6,299.49744153662107
39,20,84,32,90,5,66,87,65,39,355.7113689989486
52,68,14,73,84,34,83,58,89,17,484.39743910170154
13,92,78,87,25,58,0,39,51,71,463.61811459366584
8,85,24,87,98,27,86,32,12,4,410.72365862516875
34,24,85,11,29,82,48,15,8,52,453.5560371919149
91,51,1,13,61,85,1,58,22,80,350.4688728340172
52,77,60,62,10,44,1,26,23,91,80.22235392423875
68,61,96,33,37,95,18,82,52,76,151.4828867612396
61,74,77,15,59,57,93,69,53,9,434.37753176457903
15,75,99,76,63,66,30,45,99,89,411.3499161114919
65,78,94,65,14,89,81,93,32,82,538.5234061305739
62,27,6,87,77,12,49,25,97,15,300.4462904491588
84,37,3,89,84,33,97,58,15,0,402.03116423662993
27,10,33,92,40,75,21,18,89,79,459.24493077877645
48,4,49,29,53,69,46,22,42,42,489.6191443484888
31,52,60,79,31,10,85,88,39,93,381.7659330782317
98,99,80,12,36,71,8,18,32,10,377.9858234993276
60,54,35,10,75,89,22,63,49,48,449.4780778477077
21,10,5,68,29,6,34,87,88,60,457.1304816220527
1,48,22,1,91,93,33,99,1,4,489.81740460639185
13,1,93,50,98,56,55,98,58,80,328.17972834264526
88,23,45,77,39,99,87,24,93,91,366.4938554544501
39,21,37,56,74,14,4,80,41,36,331.92742125998444
32,99,80,24,63,17,21,56,68,50,356.0920214904493
59,82,36,42,62,61,31,45,13,22,471.9092571667539
83,16,55,9,62,52,5,90,53,58,658.8395415969104
47,81,67,75,94,68,39,77,61,14,385.7692437325882
59,8,96,77,94,11,81,6,84,81,593.1086628745988
6,80,70,25,43,90,43,81,28,86,-16.510388227138037
68,87,79,4,57,67,1,52,9,3,341.82209093284285
24,9,29,58,51,58,21,75,0,44,564.4004276625091
0,45,29,32,86,18,27,99,44,41,243.84686588407465
97,63,88,3,38,36,56,76,50,52,217.22084930430353
3,54,81,63,99,71,50,91,2,0,85.26307812482031
13,44,71,6,86,84,59,33,90,26,669.3586700327904
19,42,11,19,45,87,48,53,35,67,629.4439543692839
65,42,53,10,41,61,92,25,84,7,430.36406952583474
22,42,12,98,10,69,8,26,31,28,422.0467886005571
65,83,90,6,20,74,96,78,35,73,295.95706976525554
31,53,36,98,47,14,72,93,19,61,512.2768546758466
49,68,45,12,37,97,19,28,86,34,508.80556383344606
6,19,67,45,41,50,77,29,7,42,266.1601434896071
32,98,19,30,88,21,70,79,11,6,578.0785931926932
57,73,39,71,96,13,94,67,99,35,418.71034144121785
43,61,15,61,12,12,66,79,30,69,222.1755486754255
50,78,27,25,73,99,85,64,51,95,423.83165151375334
23,8,49,44,48,84,82,41,97,23,403.5905263663528
7,14,92,67,57,95,0,46,36,11,465.9006407946659
70,46,8,47,84,55,71,89,26,35,574.6091169513206
4,64,97,29,81,98,49,54,97,38,239.74280226872744
43,17,82,23,65,87,77,24,94,8,304.9163539492953
30,60,53,96,13,66,5,84,31,54,286.4851437977561
35,27,91,11,67,96,65,9,43,68,366.30277599344527
63,51,82,8,87,5,26,27,7,31,416.20172271490543
20,63,5,66,64,98,17,11,68,23,508.2185299861399
80,67,17,49,55,21,3,16,61,72,354.7560096453322
7,0,34,67,17,5,42,31,99,91,321.52958614091096
23,84,59,60,60,93,75,88,91,18,644.167743257761
12,77,67,5,48,48,25,67,88,26,546.2362833604219
85,12,19,48,59,31,32,50,95,45,301.81854900896104
51,91,26,35,84,22,27,96,68,55,438.3381863853417
57,1,47,43,0,83,71,4,7,11,459.44065960973114
87,80,7,37,47,69,39,76,93,47,36.95931711646381
27,51,75,20,42,73,79,52,6,16,263.8245202715189
35,66,73,53,40,57,45,70,21,46,469.8525192372209
34,42,77,20,52,37,78,57,83,52,294.638023304853
62,73,70,51,78,95,68,82,69,98,277.56494052177374
62,27,55,29,24,36,87,45,78,37,305.9655544128882
89,49,16,30,73,36,72,75,58,93,379.101398230543
66,99,67,49,8,35,12,47,26,69,566.3973532809335
87,58,59,65,2,28,71,11,58,69,498.94765095732566
7,14,81,95,50,93,27,59,13,1,493.3713477880477
86,19,27,10,23,27,87,60,85,32,550.8773822081574
72,45,44,38,64,6,25,7,13,37,611.9606251940851
64,89,57,34,19,92,67,11,3,72,504.2439517591556
61,63,52,81,83,98,68,87,60,58,538.8955852261175
36,21,31,92,32,99,18,50,99,27,403.51904957708336
97,92,56,18,5,40,9,87,48,23,251.4148923277358
98,46,47,50,43,11,99,46,94,98,246.1487804892643
95,73,58,37,50,96,32,64,77,30,537.9315521879018
31,77,70,88,69,34,15,81,59,37,271.31132081005734
36,92,84,31,56,15,95,75,36,46,354.9960521049157
11,30,87,8,96,80,37,92,54,31,388.49529503717537
14,17,18,11,43,52,49,17,18,64,353.90354722470784
52,56,83,53,70,70,34,20,9,85,410.7949453570151
67,51,79,70,14,85,31,26,43,11,279.94197250705275
5,85,90,37,55,93,79,35,10,66,269.42632776348944
34,47,13,30,94,97,69,18,27,91,369.8567693574006
18,17,15,49,28,61,9,12,3,71,493.98895018404704
15,62,68,85,12,20,20,24,44,80,332.4996195255125
70,12,88,19,36,92,67,51,3,33,375.09772989219096
48,76,72,99,38,32,87,83,23,69,509.7131179296842
11,90,21,51,30,98,12,79,91,20,292.96744619553124
54,47,64,44,54,90,67,3,25,6,285.3617575017914
29,57,96,56,59,10,18,65,69,83,308.52708527234006
44,6,18,30,58,16,43,63,24,7,398.3013677949195
3,5,20,43,9,68,0,38,41,57,288.18743355753185
89,92,98,60,39,35,75,82,52,77,551.3173667609495
7,3,8,89,22,19,35,67,25,23,448.3622858575664
77,95,15,1,1,34,76,43,7,76,362.9216498739343
52,8,27,15,99,5,34,38,92,12,444.50636859847407
15,38,86,33,15,63,6,22,81,69,459.1196166118318
31,81,62,67,6,79,55,38,79,59,503.62584413834475
69,66,98,57,47,12,44,26,69,19,529.7958415582532
57,79,50,22,12,77,62,37,90,15,336.910020346596
27,16,46,24,4,6,58,23,40,23,410.4478307945929
29,17,88,32,98,78,32,48,49,67,449.67253560969243
73,25,99,4,60,89,61,91,98,42,561.1544314491408
48,58,84,12,40,83,69,78,11,18,333.69390664809526
79,42,58,33,86,47,22,13,22,7,297.1286884290125
90,13,73,13,29,24,17,98,58,90,249.80366408194868
74,8,52,92,54,31,91,14,13,13,371.23862395033024
46,93,77,83,14,40,59,70,66,55,529.5299988371814
61,57,83,98,76,26,36,12,62,6,413.2376947207593
98,44,73,12,12,44,11,81,72,92,398.54127079834643
43,48,33,80,81,5,78,31,59,31,403.4627849834757
70,86,73,59,10,94,46,45,76,18,294.5513777041476
30,94,11,99,10,45,76,35,92,78,295.27931816888815
39,20,70,31,18,59,80,36,23,65,227.54376878049064
18,32,93,79,24,52,74,17,10,51,227.94342736925324
52,25,42,77,23,80,81,19,99,4,315.9674956128358
22,12,52,33,73,6,47,41,66,12,335.6560562333029
75,24,19,5,76,52,19,2,99,49,417.84854120239766
66,8,60,80,77,12,28,42,45,44,169.54907525100208
10,32,10,48,69,3,17,58,84,85,214.37097756892362
56,97,78,19,41,4,36,84,90,94,482.3366746617962
11,84,27,72,69,97,33,48,81,68,500.88505335964095
7,50,89,4,68,31,55,22,59,46,398.9757424931419
62,27,30,33,30,48,84,80,15,36,481.85668493848596
35,72,98,83,52,78,27,98,6,98,376.40206425831366
67,83,77,65,29,61,91,17,52,61,116.19415704543303
60,20,6,6,14,69,19,56,7,79,342.45078421683706
37,99,3,34,2,24,28,26,1,5,352.33073238106965
92,26,81,87,56,92,55,19,44,15,158.39009781835395
93,36,57,52,9,66,9,39,42,40,289.9012794397491
97,4,78,67,55,27,92,95,79,12,307.25842302169553
36,46,67,10,17,45,29,29,16,58,479.55082751759085
98,64,61,2,91,28,92,75,33,81,380.47559404025986
30,11,22,69,30,35,63,79,21,36,226.72107387171906
40,12,42,55,33,92,24,42,38,64,389.7143698639379
39,15,82,10,15,90,50,43,79,49,230.6936423297638
14,86,25,70,46,92,12,88,93,18,175.12423588772168
9,89,6,51,23,42,55,92,66,97,230.49357741028038
16,1,95,26,40,6,76,88,60,78,276.7561464930057
68,8,22,69,59,50,74,92,26,54,311.7012141239877
55,66,8,31,46,88,87,82,20,23,323.65069328226826
68,51,58,17,47,82,99,97,0,33,661.7878241812416
41,72,37,98,51,89,91,79,92,9,520.0044414643394
76,84,7,86,11,56,33,46,90,41,467.2680252426912
33,62,52,66,62,34,48,57,89,61,222.09278010059688
40,12,9,87,35,65,23,43,37,33,286.1651597736402
68,59,7,89,86,97,16,90,62,78,61.04590031872169
40,63,61,60,20,18,94,8,51,42,352.99118611173174
48,18,61,61,13,66,58,11,9,31,506.643202183287
52,96,53,7,50,95,80,35,48,92,241.85990085048894
95,94,96,15,36,41,98,25,76,94,394.18834919941315
7,7,78,85,5,50,75,62,1,88,624.0775110635184
95,22,68,89,39,62,89,34,14,99,587.4041961771915
77,5,88,77,61,67,92,47,65,64,301.2685227544433
23,32,69,44,32,0,89,21,84,15,402.7914256274239
11,97,50,47,72,82,97,87,70,93,645.7997448599046
89,40,71,98,84,7,38,33,77,47,566.7266384680969
0,98,98,33,95,68,29,73,68,18,271.90873349577214
42,71,81,99,58,88,62,54,33,62,556.8948720664039
95,28,17,16,91,87,66,19,26,45,379.89232239706905
52,42,82,61,47,78,35,90,35,30,413.25958635393044
32,4,0,38,83,53,77,1,32,40,474.17101840457036
20,91,32,51,3,79,10,17,55,25,604.6119393145749
79,27,16,5,59,89,88,15,76,91,473.81222912594876
28,56,50,67,63,7,5,30,33,55,492.4034590399069
58,36,10,12,55,79,48,6,89,74,359.6558791360865
64,28,13,61,69,48,7,62,57,76,322.89662238753624
58,97,23,70,98,68,12,96,99,82,168.56703940556392
9,3,69,89,64,17,17,39,48,93,353.1134633806911
61,69,62,54,84,87,4,62,40,3,558.0412719894259
92,1,83,23,27,92,48,77,63,21,478.7994795862307
11,62,56,97,84,28,38,90,51,2,450.63924716752535
27,66,62,13,18,41,22,81,88,75,215.11749263860295
14,73,50,53,57,58,67,65,56,70,405.88417735578247
60,85,21,82,3,84,95,88,35,34,399.0978608834134
20,66,47,71,75,86,77,93,20,34,499.67543994196814
6,46,75,54,69,84,33,50,20,4,407.23528403395005
82,42,21,85,19,75,83,30,58,39,573.5367272550116
95,37,35,79,0,83,12,79,92,87,470.29441823639166
53,94,8,70,49,55,75,53,90,82,447.3507400806436
42,54,20,6,44,17,79,40,50,39,326.53707849100346
68,71,33,78,41,23,61,22,76,21,344.7627647260592
38,59,33,64,89,11,43,11,89,65,443.31322391713877
29,28,86,9,48,95,33,25,17,60,347.44855534220943
61,93,82,20,98,66,14,90,51,25,445.6853727074292
66,56,69,54,34,64,47,92,19,99,435.43095059681775
63,78,50,67,59,62,71,86,79,34,556.608195398229
4,75,43,16,69,31,81,60,91,13,256.371519838285
87,91,74,25,38,66,49,93,30,11,273.1062640469648
11,96,79,9,77,92,49,22,60,24,435.2935294185357
27,23,54,14,19,51,62,23,0,10,483.00174767728697
87,1,81,54,25,17,48,78,29,91,165.66213989495864
78,46,61,1,40,11,84,52,35,77,587.3421148712004
4,70,24,43,68,60,90,91,46,81,297.826980277323
3,52,98,62,71,6,63,41,63,79,287.20652390242446
9,41,44,14,89,29,34,2,28,24,535.2577898713977
11,76,37,17,50,60,99,15,47,99,297.29549598056474
14,16,56,56,84,95,95,50,94,75,497.74903647879455
61,40,6,75,8,92,19,61,13,42,325.427915002091
67,46,29,22,50,81,56,68,13,36,409.32134942542626
35,4,9,91,78,25,81,12,87,57,417.97497570038007
35,39,36,5,11,11,30,48,93,11,467.84614526484387
8,93,95,49,73,32,72,54,54,58,537.5561462223778
3,90,93,36,21,92,56,13,33,87,270.4931680010551
8,58,79,50,59,80,13,49,28,81,256.1417283003615
16,80,48,91,17,47,2,12,17,34,259.76225648760334
52,42,75,27,1,26,50,71,63,5,318.26883213940795
28,33,67,1,48,79,32,41,60,3,557.973066836909
99,4,57,37,41,33,10,78,84,78,88.76718308199389
34,18,44,18,1,65,36,56,88,75,350.7040477274551
50,80,28,28,37,28,89,37,63,0,223.036611204491
19,24,34,72,8,96,84,28,72,23,530.164938253664
38,75,50,51,31,32,87,10,37,58,214.32126967752814
87,37,92,9,88,94,17,45,57,56,554.9461173998062
12,18,58,11,4,74,85,41,73,42,516.3826938593131
57,97,24,64,54,60,91,90,91,51,303.4224132659478
54,4,36,54,87,18,74,33,41,11,511.8024789794494
56,49,97,15,82,29,72,27,33,51,434.8927366303082
33,45,23,64,16,22,9,94,7,34,513.9568275886477
91,64,35,87,86,41,90,80,8,0,201.07864844641747
37,6,31,7,73,0,9,27,44,45,409.44338167040735
19,91,93,31,62,94,52,54,10,69,502.74958058067847
32,81,41,78,70,23,35,12,58,67,414.5517051475025
65,42,56,76,97,11,93,47,30,36,502.16240803901877
63,65,10,91,86,42,21,81,98,46,412.1576080951991
87,85,15,96,87,90,24,99,80,29,400.0918796196826
67,11,17,39,24,81,8,91,95,31,307.6214068129975
51,28,35,13,77,46,97,70,89,89,346.2789731826104
87,89,75,43,37,20,19,69,24,45,344.0372032163036
57,16,85,91,86,90,41,98,18,98,117.6980794302188
79,3,54,24,56,88,11,63,87,63,278.8145083096189
42,87,10,8,50,96,51,52,64,6,463.41079319391633
16,49,96,55,92,57,50,44,77,15,384.5686029308872
79,50,39,17,80,25,98,16,33,86,93.29896553066425
58,32,32,43,43,4,71,72,3,37,486.50169998914185
18,16,24,92,57,78,63,47,66,15,332.04644547810125
40,82,45,98,36,70,21,85,86,14,543.922765470783
55,59,4,19,76,12,50,3,53,85,146.49133042871827
14,1,69,62,49,86,20,79,45,6,310.4729288510658
57,63,37,60,66,63,36,9,61,13,296.95702943348977
79,66,63,48,54,3,45,28,21,39,477.3555552127956
8,34,86,47,27,66,34,83,62,24,583.7810694893105
35,96,17,28,51,45,22,80,68,3,613.0168161799513
26,51,14,91,70,1,7,1,99,7,497.7853070898443
75,20,7,38,8,50,14,30,74,2,428.7200154612668
45,80,94,61,5,42,91,82,61,46,207.346204265737
73,34,53,66,47,91,77,71,27,92,573.3845614137446
98,62,83,19,29,86,8,56,47,1,339.774164859059
93,86,27,11,1,68,68,30,15,47,360.26649344295254
44,83,51,77,98,78,86,81,50,42,234.4690105940449
72,40,42,93,61,53,11,11,41,40,540.8982211479913
79,37,87,35,7,27,53,47,98,61,543.714744151866
57,13,27,33,20,14,68,82,90,71,434.3236800647333
18,34,40,50,69,93,10,97,35,89,373.2216947791358
99,70,59,91,62,54,47,72,6,90,372.89102090563506
20,29,52,85,76,91,78,56,74,1,422.9236254398644
47,66,16,80,15,9,87,23,10,17,420.0964139425918
31,10,78,17,17,42,5,50,1,49,455.8796780429987
89,36,77,68,54,91,3,11,82,89,550.4479319441626
68,82,51,51,99,51,68,55,88,79,343.2078482583681
98,72,24,54,47,11,25,81,12,1,464.35176328415093
2,18,14,36,10,72,52,46,62,76,477.855585396312
22,13,60,87,16,74,82,64,92,51,342.2599391611489
59,88,74,80,49,97,14,52,40,85,305.3020364285895
16,34,18,47,54,72,32,5,57,98,596.5628853877785
87,84,11,44,18,94,21,7,93,34,369.67386842505096
99,44,97,82,92,10,24,1,64,51,197.09580229576483
88,6,40,33,66,10,58,70,35,98,457.1297928849806
82,98,85,81,42,99,60,83,50,38,402.5462356500753
23,22,32,37,4,48,84,83,11,0,392.8927091961244
75,22,77,75,3,32,9,34,38,89,334.758459207027
50,81,68,98,22,97,94,47,72,90,562.9179276347231
58,90,49,68,56,38,50,89,88,59,413.2586087557851
46,99,51,92,51,42,54,93,68,32,481.8462879458562
43,34,2,69,99,14,36,41,4,49,419.82263612103844
52,75,50,44,27,52,55,5,75,24,260.86932490563146
14,81,29,87,28,43,97,66,91,12,353.6124851326929
11,79,71,70,32,56,97,73,43,69,555.5942539281899
36,71,17,18,5,58,93,92,41,62,444.3950504740556
86,97,7,46,84,21,10,5,97,51,428.72429469234436
81,49,25,48,77,64,85,11,35,10,433.85006215035474
69,51,15,73,94,92,23,3,28,11,662.425162363851
68,36,26,20,96,48,72,35,80,99,376.16378332172957
9,53,48,78,34,95,7,97,7,34,325.6080186687112
53,20,23,52,7,66,83,10,18,44,256.26497307241664
43,64,50,38,62,6,41,34,83,50,355.0341733284811
1,83,21,89,83,17,62,24,12,92,366.28409333865903
47,99,43,0,4,47,8,73,21,64,503.32361470163426
47,18,70,96,66,15,53,37,63,2,399.01519961007386
44,29,82,50,25,33,8,39,22,52,352.35217171976876
53,95,99,70,83,41,61,85,60,73,307.22787076300756
80,5,37,39,66,41,95,7,98,99,133.92295158850595
31,2,72,26,30,97,57,84,62,94,406.28648917036924
76,81,78,96,65,95,28,0,82,31,197.73459595357917
13,83,86,6,33,37,69,74,73,41,436.7019352243209
77,80,29,30,80,30,87,20,65,68,95.27023442101824
38,24,27,29,33,55,82,44,34,78,448.68441569552687
10,9,84,77,45,77,52,47,65,73,430.4071002184433
69,80,36,50,57,21,96,48,13,51,295.3700909009689
18,30,53,70,22,49,62,32,85,80,290.22683356964035
13,4,62,27,8,52,67,47,32,88,501.4857705647296
76,69,40,16,47,87,85,57,22,36,535.2087172772883
0,27,34,80,82,89,76,80,57,72,374.87621559669344
29,9,46,43,19,13,10,13,54,22,523.5882209455917
15,91,74,43,62,80,81,35,33,11,566.0572136893059
9,25,67,63,99,51,6,47,67,47,222.1371706870853
4,81,83,11,77,53,66,49,29,12,115.1577494854584
42,56,33,67,98,73,97,23,99,11,489.6262635692291
62,84,18,3,26,7,68,22,40,4,429.9720110338953
19,18,46,32,43,12,80,80,44,18,342.9015776092512
37,66,51,17,52,42,29,8,62,85,351.58815469654314
22,81,7,50,42,77,11,26,47,39,243.44674529600212
26,64,45,98,27,65,46,77,65,51,597.1448462371337
32,64,53,31,63,10,97,42,63,69,573.1418392263621
88,72,62,49,87,54,4,75,9,36,521.9360476726763
87,28,13,26,43,79,85,32,28,60,153.86113164325997
15,83,80,99,90,81,29,27,78,22,310.45406508888885
0,57,97,9,95,2,48,87,84,63,442.7025331135852
69,44,62,18,19,85,59,68,58,78,394.8271807059414
2,58,72,78,7,14,68,13,57,70,468.14892037408634
1,24,46,16,25,61,38,33,66,86,499.7310912696319
79,7,39,56,21,1,47,94,62,2,465.7647284660519
90,72,41,39,0,53,64,82,96,36,536.5522113777812
38,42,35,71,1,71,7,93,64,12,483.9034858206783
68,62,25,36,71,83,31,77,61,75,292.54803979545227
78,18,68,56,96,72,88,1,25,6,701.3767873428234
54,33,22,59,78,67,79,88,46,51,310.621608654582
74,14,25,1,48,30,41,35,87,24,346.20185853787245
83,66,23,12,68,15,30,97,86,14,465.95084418038823
78,7,37,46,85,12,17,19,32,52,329.19141784867065
46,5,76,32,13,33,68,12,93,67,310.28458263809534
69,79,68,78,65,28,72,54,9,84,463.4229497251207
31,10,7,9,43,62,32,62,36,40,366.1602579380681
15,22,34,84,26,61,85,75,55,6,314.2164140386144
15,50,7,29,88,96,97,8,10,98,365.53820181843537
61,41,81,25,48,36,36,78,47,2,287.94433708362965
23,25,21,48,32,83,3,56,81,56,489.3028511230703
65,57,82,38,23,77,52,65,55,5,391.38908284539167
21,31,33,62,59,54,43,69,70,74,276.2874999885372
64,34,66,81,2,18,70,13,59,61,379.1318799778649
86,71,17,97,87,4,6,88,18,22,621.1881865305915
36,92,2,19,3,36,72,49,19,35,429.31039754833347
86,69,82,97,83,54,93,62,57,96,691.1304353603055
18,76,21,90,21,41,60,82,95,65,523.193270525968
88,27,52,48,84,41,83,41,93,10,265.6797502747319
59,78,68,43,71,77,52,81,50,76,389.6648483994331
21,41,73,36,6,99,77,12,39,57,479.7772990642597
20,38,81,28,57,60,74,90,8,51,339.7196022816804
94,53,2,33,2,90,89,70,89,65,431.7153054188535
30,18,53,8,50,99,42,44,72,98,327.7167249330388
74,35,94,72,59,82,11,23,0,92,513.2630747616414
29,72,1,56,48,65,9,5,7,45,483.6345484261282
47,47,33,53,73,60,52,1,86,81,297.0422020569342
26,12,68,82,20,9,90,98,43,20,225.59153844935875
62,10,94,8,2,86,9,81,79,82,444.38048947271307
8,79,15,59,34,67,32,93,33,18,354.4843462171027
72,44,68,42,20,41,24,0,66,87,247.3374999576915
15,62,26,50,94,64,68,79,2,14,634.8204846121823
60,30,53,32,5,48,92,60,83,59,212.16603862937092
8,0,88,12,66,86,30,31,1,48,536.0953194965566
78,6,38,32,20,17,23,25,20,33,555.1216853320248
82,77,70,73,10,37,67,5,12,80,308.4562489389639
98,0,54,99,48,76,14,63,71,97,239.31797090140248
26,26,63,90,28,4,56,74,29,13,360.1189332558841
83,26,39,82,89,36,78,45,21,85,79.47103362462343
84,81,15,53,89,38,98,54,65,81,248.9869861948106
11,52,97,16,17,32,46,85,43,80,503.62635407039164
42,55,78,73,55,60,48,11,60,50,459.64475685896775
79,24,66,80,6,13,38,32,26,72,497.2209999735345
27,95,37,30,29,71,66,62,33,97,412.7561880643763
98,86,94,13,20,51,91,81,46,47,206.0807373836705
11,83,79,78,1,30,86,83,15,94,166.40819485680717
98,58,76,67,73,65,37,68,60,93,262.0301785473693
33,53,10,31,96,80,94,40,29,48,548.0224230381201
6,87,25,60,97,79,72,53,30,98,401.02537132923544
51,87,15,56,27,44,49,78,73,14,617.3722157433544
27,13,77,7,81,28,34,23,32,60,123.7412738105935
19,17,6,56,45,99,7,10,3,90,497.20499159518806
67,3,88,13,96,82,28,71,75,57,311.22711995483866
78,67,45,77,63,35,26,53,17,33,459.9235609089234
46,45,56,88,49,52,4,46,13,66,423.41026684353477
5,99,8,10,54,87,15,72,76,73,573.0501085794066
97,27,72,72,15,11,82,19,54,25,595.865690649117
71,15,39,74,71,43,48,76,56,83,155.14427780669843
60,73,56,79,68,24,28,77,9,18,217.37179935890438
35,21,37,1,11,14,23,4,14,80,448.57284169886066
97,79,24,38,40,96,97,28,64,5,543.1496597860573
90,65,4,75,21,49,40,27,14,35,546.5184189202173
25,75,2,71,95,59,89,24,0,79,363.30424375188494
17,1,5,16,33,15,68,33,59,80,594.8840220532979
77,50,35,18,20,37,95,23,3,54,207.43119901588017
5,5,37,98,92,14,64,42,85,21,307.8013755964555
65,78,23,2,36,10,44,46,67,11,616.180644237592
45,67,58,19,57,70,8,46,73,19,469.34954509786223
3,58,20,20,36,56,50,91,84,22,172.93255026700135
86,82,40,60,46,46,74,19,3,89,504.01983332713337
1,68,7,85,22,98,76,64,65,82,497.3787990991234
60,40,19,85,12,1,98,65,28,95,294.74078265251575
73,21,78,83,25,59,44,75,4,78,340.12005317955175
2,90,80,33,40,31,35,80,22,34,313.2210119692517
27,11,33,17,29,11,97,27,55,12,504.2314719732233
57,44,32,33,79,19,83,37,7,72,288.4983747697358
90,33,22,88,98,24,98,42,67,10,397.9038512605127
8,92,52,25,68,29,88,37,46,22,361.2142796326502
28,61,15,99,35,2,66,53,44,30,179.040909166797
20,19,63,40,21,27,53,87,46,19,549.8393946489082
85,54,35,86,22,59,4,88,5,17,456.8201075356843
67,30,14,28,8,22,34,17,2,38,399.1383975560992
63,22,28,24,97,89,19,29,50,46,230.2010523849663
63,8,86,34,23,60,33,74,44,95,314.8518600727342
75,52,59,1,12,33,67,77,45,61,313.67437459070345
97,8,79,3,2,41,37,98,30,41,336.572780726155
87,34,89,51,72,38,54,71,32,91,339.80028976888235
86,76,69,38,63,3,31,99,83,70,579.3894905854534
48,7,83,25,41,4,82,62,64,68,206.5563452302831
0,59,94,80,89,11,51,59,19,80,344.2971055812832
7,69,29,20,95,9,66,7,28,38,479.6867482985038
87,94,63,59,89,10,6,96,32,58,352.6237188337172
45,89,3,40,80,56,15,41,56,19,181.77999477500333
14,21,42,20,43,5,40,57,55,15,428.33514183517013
44,89,71,85,69,54,88,20,17,46,313.92289798876925
45,60,40,25,45,93,96,77,5,19,314.530707298112
32,17,90,44,61,97,51,11,12,95,603.9295593036732
95,64,50,13,53,43,53,39,28,44,385.6345006679245
40,49,67,63,89,84,26,7,31,61,209.0183110629566
34,68,59,61,2,25,18,37,98,47,374.3124825672697
38,48,71,16,99,10,27,1,2,17,518.2556726929141
81,5,85,88,38,9,8,11,53,21,419.15288792129263
24,67,19,92,29,54,60,82,97,65,495.37077648998564
67,77,91,83,13,19,49,71,11,9,586.4966618982226
22,4,89,3,48,62,69,7,23,29,395.7321412845721
59,0,87,80,56,69,7,8,3,92,322.0756522018167
30,49,21,53,28,26,72,97,16,17,517.8078933447548
35,16,91,16,37,75,64,29,48,23,442.9502101534995
48,36,83,97,80,28,54,6,97,3,258.36792335588757
97,85,57,12,4,53,81,2,79,13,676.3554630854338
50,5,15,69,7,88,99,73,70,88,451.81960345764753
82,13,56,98,61,74,67,7,37,98,460.3698139350554
25,22,80,5,81,62,69,32,22,70,288.13965130978283
70,48,8,57,58,44,15,85,20,80,552.2989324105115
92,5,20,32,75,67,99,4,59,70,500.91119673695584
47,7,16,82,15,44,46,67,0,22,279.7108400858961
27,34,6,96,17,42,22,54,50,26,253.56104800471837
29,20,97,68,53,72,79,22,72,64,582.8326186746041
86,99,38,72,84,98,41,70,44,64,579.055076732993
44,51,66,59,82,75,81,68,8,90,316.10116485163513
64,91,13,95,71,58,4,11,74,71,244.9738260365949
79,79,26,57,31,43,66,84,69,10,372.1038136793071
40,78,62,9,29,29,29,72,83,42,679.3966289307862
57,11,72,73,2,67,69,78,7,2,578.4698855381456
40,93,81,54,11,37,10,72,45,34,499.88340773025374
11,29,1,28,34,59,60,16,32,58,550.3305214389469
14,77,22,52,98,3,41,88,77,78,392.9103625898119
25,85,26,49,18,56,97,11,27,44,544.1233225191388
74,66,77,61,47,23,34,31,74,96,481.27487033457334
92,67,17,95,63,19,1,11,21,43,448.6807655630354
93,33,13,93,97,88,50,86,69,78,258.63264603047844
9,23,24,55,11,81,51,92,55,4,562.8989367312637
28,61,56,51,21,56,12,62,61,86,204.37241994351288
24,46,59,27,56,42,54,81,43,75,542.5836723405537
85,19,82,2,83,5,92,60,36,28,537.1757892262038
54,80,74,6,12,72,88,27,7,89,295.41509998376137
22,28,3,49,26,46,94,79,56,60,282.8535833504944
78,98,45,53,6,69,11,6,53,42,705.7707752790732
40,47,42,12,34,84,89,16,99,51,342.6704956282263
41,34,27,97,83,65,99,65,59,74,567.4111490055275
76,19,85,42,31,97,40,77,43,77,313.97900508829696
65,28,7,43,60,66,29,85,37,3,528.8706886230425
27,13,31,80,4,19,17,37,77,37,396.7633877322916
51,18,50,41,49,37,2,76,54,35,234.10769768644548
82,43,81,95,69,36,61,25,48,77,171.42794615408766
21,17,42,27,37,82,45,83,25,3,522.1312991291119
78,50,5,52,91,17,58,33,11,69,569.4580889819481
59,34,28,44,42,66,37,38,18,43,481.63876446422705
81,87,17,61,44,68,78,85,50,11,495.6933406682654
78,51,84,36,15,51,31,22,31,41,540.6691813016179
83,56,83,0,24,10,35,36,89,19,241.466411014049
91,60,74,62,99,87,90,54,17,83,98.07908722884952
15,99,62,16,33,46,18,37,71,64,527.0032601015431
21,64,63,88,35,46,87,93,17,63,333.28579737119736
91,6,74,71,92,70,5,94,30,78,313.0073109146118
22,63,30,44,50,70,93,38,45,93,638.8821601661925
31,49,57,76,64,73,83,92,60,43,449.1586644801737
38,16,33,45,9,51,17,26,51,96,252.52243452036026
11,25,47,71,63,71,62,63,97,4,554.3699029842376
62,91,36,62,81,61,24,7,60,46,218.37562806818818
68,72,83,53,75,53,87,81,75,13,480.26623025562446
81,61,1,99,38,65,65,93,89,29,255.12724696514542
84,4,9,61,57,82,79,65,10,74,320.97571160933285
17,51,80,93,73,32,23,32,9,65,225.32868593261819
46,72,34,70,2,46,40,36,96,93,465.2294013566167
75,70,85,92,92,17,50,52,74,82,237.01344187000691
63,52,1,43,34,13,3,75,95,2,516.9184266993826
58,36,59,33,30,15,85,38,81,29,357.0085054288174
16,30,70,34,74,60,72,39,46,49,188.6511708978986
8,1,1,61,27,51,54,84,22,55,500.1608558277229
47,13,90,93,31,82,54,60,43,35,335.3983261820951
8,7,65,29,45,98,69,67,60,61,527.2325216092491
77,66,47,48,3,57,67,20,1,31,481.1273850754097
16,69,29,79,70,94,64,75,96,55,472.75879565106317
8,60,63,46,56,19,51,35,77,55,469.73011622
95,89,37,94,99,24,69,49,70,66,297.50975175235044
46,87,39,75,29,66,37,72,75,17,517.1656374716941
20,5,52,61,41,87,9,53,58,69,277.9445260670035
55,13,87,78,19,62,46,94,26,62,404.02721057444404
91,54,22,2,38,38,84,73,13,90,217.79060673034078
58,96,74,80,25,31,21,95,91,23,218.40488425599494
78,84,71,12,85,7,41,4,92,73,552.1416742818922
32,61,72,58,9,91,19,31,4,41,495.3842066802204
28,23,54,67,71,67,58,10,21,34,247.7727269298821
61,58,89,51,82,56,24,97,70,2,222.69430851057348
68,74,26,29,43,76,67,2,2,33,322.2575717373502
23,87,85,79,17,1,94,94,94,17,527.8159547436908
74,40,48,94,1,36,26,48,24,16,245.28020394620216
11,56,46,16,6,84,48,95,76,66,551.5247097610386
11,51,80,96,53,64,37,74,72,20,495.34066059494296
53,57,95,11,36,58,79,59,39,49,319.17794060255346
68,77,50,77,56,85,2,76,32,36,94.46752112637
88,14,4,50,18,1,1,64,27,67,168.72973617608167
20,86,77,28,88,18,61,23,91,36,361.2288444704722
28,72,60,4,19,64,77,38,39,6,595.6122888070431
86,32,18,97,24,31,5,59,12,96,374.0966515008429
83,38,19,53,42,16,89,69,44,22,459.9654483929643
52,25,25,9,40,23,61,33,38,51,320.20647350454715
18,53,99,98,84,22,75,26,19,67,533.0333343464748
50,18,28,10,99,89,2,90,39,5,375.0611429667704
4,61,99,43,15,19,9,57,61,90,223.13178355425188
51,26,78,34,32,34,83,86,3,12,336.4053813835121
89,71,6,83,42,33,43,42,11,57,474.9201859583917
45,21,55,31,14,61,14,95,0,5,577.5227642585612
90,41,30,82,4,67,73,47,34,11,657.2515336886743
16,19,22,78,20,5,8,73,50,51,265.6367131121747
10,52,72,7,56,6,91,77,88,85,438.9247406714416
35,24,79,56,72,60,95,11,50,86,407.04231475221997
55,67,48,18,50,79,38,75,54,21,310.05739307856527
69,46,95,33,0,75,81,64,9,61,454.7332025451826
56,52,2,29,96,86,84,46,70,68,393.49550418359263
84,93,5,2,92,9,58,61,70,37,516.1285568017386
68,19,35,6,87,27,70,7,49,93,564.0577121306881
73,40,33,7,71,97,56,61,28,32,325.0682275984257
37,16,47,1,83,96,18,77,42,62,599.5089660793166
10,14,87,61,91,48,5,9,59,32,307.139761071988
94,88,99,55,59,70,33,96,0,46,457.38150378633236
83,88,93,4,83,60,27,57,62,47,442.4006866696928
99,4,90,31,16,21,34,68,70,59,516.9973295824889
80,1,1,20,0,86,40,82,27,44,294.94752971377545
87,85,90,54,33,79,30,69,21,21,548.7491194198371
60,7,85,39,22,80,89,5,57,70,453.9873031278347
60,59,63,39,71,99,95,11,40,96,301.19422060800855
98,49,68,93,58,16,54,80,96,39,402.29050993831186
97,6,39,72,16,10,53,30,40,55,556.4854872033625
62,95,69,69,3,29,63,71,99,93,603.0852431574104
67,73,99,51,93,11,95,29,76,70,228.59214241552982
89,39,94,70,63,95,16,19,78,63,397.42227411961437
86,93,69,62,57,4,38,46,23,80,544.893775827259
95,0,88,16,86,89,25,99,7,57,350.53459601143607
37,12,99,39,51,83,5,81,46,2,486.6572072306283
21,52,65,20,83,86,60,83,21,54,530.7138735404683
73,79,99,25,39,67,72,53,29,42,437.8043702067657
28,60,91,98,2,92,86,0,98,28,372.81998334688353
56,63,23,82,43,81,69,66,16,95,434.5275030817239
94,13,48,75,64,92,75,99,97,73,344.571674960571
84,68,69,37,36,54,50,78,75,69,391.8282202063539
78,78,53,3,14,63,11,72,21,52,608.1055535789476
74,48,29,43,75,54,25,15,90,21,545.5376959940934
13,4,19,69,83,27,85,11,40,62,725.1257271135761
38,53,8,78,60,37,44,45,66,14,572.9921178655636
42,78,99,4,48,36,1,38,90,11,535.3316212232342
79,54,64,60,14,49,80,86,22,31,423.4213980528105
27,34,85,94,84,65,97,23,70,27,375.9799225443374
0,55,60,54,82,59,7,67,12,9,395.15833156317905
73,35,47,14,67,2,28,80,32,64,315.9506587448359
47,51,62,83,10,4,98,98,15,64,297.17566694101924
97,71,91,41,40,21,38,53,80,92,518.7372587747691
81,3,29,46,45,61,29,82,25,11,518.5288979657075
90,7,26,68,8,86,62,54,52,14,542.7870102321945
60,84,82,90,82,48,45,26,77,25,529.0207753916413
33,27,33,1,60,75,80,40,97,76,520.4526304794904
82,81,22,81,77,33,95,1,86,85,106.24459132258727
9,20,9,33,85,93,9,41,51,70,360.517639220744
15,2,23,33,51,6,52,64,1,77,627.332077336335
46,48,89,87,79,24,94,65,97,93,333.3810990492316
40,43,66,56,60,93,87,26,98,89,509.15614945721643
66,23,25,17,87,38,39,94,62,18,448.162925297576
79,3,4,43,25,73,53,57,76,59,312.3279707783253
63,66,51,66,38,13,28,44,75,78,374.52676939759726
9,70,37,90,15,19,34,0,57,20,312.7317676220041
24,70,69,45,75,90,98,98,83,15,206.12579978996968
53,79,66,14,84,79,82,26,45,87,353.511397115365
66,61,24,72,53,15,22,83,41,74,312.3132121136943
70,26,91,23,73,16,49,70,97,16,361.623699678232
73,60,16,90,16,59,37,85,67,75,527.1428847220445
66,41,59,86,5,85,51,48,72,11,563.8881629545949
84,37,62,34,75,70,79,92,57,8,518.0815260239585
99,89,9,45,60,89,40,96,29,47,290.15328890517117
45,17,8,81,71,25,47,62,66,94,366.5433103880604
1,92,15,26,47,8,55,55,58,63,481.7089423190528
34,4,6,27,92,65,45,60,4,75,295.31638658742634
41,88,65,21,99,16,6,8,45,98,428.2780990065777
94,57,98,26,96,13,99,14,41,12,510.6978009345046
20,24,50,87,64,19,69,68,58,56,421.1581301447618
42,41,15,83,35,4,76,25,23,5,361.32092071708576
62,44,51,32,99,23,28,48,33,44,428.3729245340638
28,32,54,82,90,1,9,95,29,0,71.44196584806747
67,76,59,25,82,4,3,30,8,72,151.22133997896358
70,77,78,17,83,61,75,79,87,23,436.7551380055896
12,75,48,28,15,73,45,78,88,40,216.27614322252512
33,0,45,54,51,47,79,2,52,70,577.7153389551934
28,28,31,89,93,75,56,38,99,83,444.93031561359805
58,52,31,15,52,42,94,89,69,6,462.4058468500567
29,9,92,59,5,65,36,82,57,39,300.184811840339
81,79,42,53,63,27,27,62,15,52,675.2108625360377
94,71,70,70,80,79,2,10,3,28,111.4571259105092
37,11,21,7,27,42,3,28,24,99,573.6605114110489
62,10,85,67,93,98,96,14,4,9,330.2478294881851
22,68,93,98,59,50,69,26,13,60,323.25108880435323
86,97,33,95,68,15,7,62,41,89,390.2336580755734
65,98,2,96,3,92,0,30,97,86,370.7149045026308
58,2,80,81,26,76,46,51,53,24,277.0803352330798
83,66,19,79,44,41,97,44,6,79,384.75950060077724
37,69,15,10,79,24,36,90,33,25,521.0677146604851
18,90,4,56,2,61,95,55,75,56,499.16454057479734
2,69,84,14,22,63,79,21,81,59,658.4272552256821
19,82,13,42,9,97,52,23,68,5,248.16700866847708
78,17,44,31,38,57,81,75,73,65,507.6934516731247
91,44,36,8,76,34,34,67,71,11,303.53772783112555
30,65,22,24,52,97,59,14,37,53,268.16087586083034
58,69,99,98,46,69,3,39,72,62,548.4231291149114
4,91,23,4,46,96,35,27,1,93,530.6974204736174
20,25,87,6,14,68,85,80,61,86,429.0547442621159
77,69,36,42,33,66,37,58,89,63,475.0280390343115
70,15,15,87,37,86,49,73,82,32,376.48717547258076
97,11,69,96,47,13,58,11,56,69,669.374771029518
94,87,47,6,76,19,40,64,2,3,506.21516357857513
45,78,78,92,29,26,0,71,0,45,524.5253998663483
33,48,91,21,33,39,46,5,84,67,587.5710023786569
57,26,85,62,37,37,24,59,75,28,154.0995470530294
59,51,87,25,5,22,34,63,59,47,302.1258720474995
20,45,59,27,9,86,31,7,19,99,519.4672032377812
89,57,73,18,19,62,50,29,47,79,365.48727071169185
30,60,24,55,39,34,54,57,74,94,236.86810202834954
96,84,32,68,86,15,40,69,41,50,517.0814530145503
57,48,91,11,12,97,70,83,24,60,182.91159828127124
33,70,54,61,28,61,5,9,8,47,268.6368546156212
96,59,23,45,70,85,68,82,66,80,346.6881428315441
4,33,68,11,67,2,61,97,82,24,227.30799078725255
9,10,30,43,62,64,20,56,60,42,546.3348845235809
49,46,57,45,77,43,80,91,6,23,223.01911745647976
73,74,40,33,0,47,12,54,9,16,385.09242007782177
27,14,85,3,53,8,23,3,88,43,278.493290366661
43,63,40,12,73,0,67,80,3,87,416.956845029646
39,36,55,25,50,70,33,46,37,0,244.21324974900187
62,5,25,83,20,41,26,91,91,79,124.16897706523508
92,65,0,53,11,38,94,84,79,93,574.5574278313035
48,15,84,94,7,84,89,22,9,32,504.473707835522
67,14,77,13,59,12,65,76,28,96,100.22634010034153
51,28,42,35,29,63,53,38,48,92,742.0393414172735
8,8,23,2,85,35,80,32,16,65,420.4867616311049
13,95,42,77,11,81,83,48,41,60,472.0809112471708
58,20,26,29,82,48,17,67,85,95,272.9103116702111
20,77,47,76,62,35,66,45,55,48,629.7942737597161
72,98,20,21,13,42,3,80,33,79,599.0419647506104
13,1,95,43,72,90,98,69,38,57,486.25122038356744
59,33,72,69,57,60,32,74,79,11,536.6951510202771
48,75,73,39,88,67,64,30,12,5,399.5329309313078
73,89,48,88,41,3,48,63,98,10,538.6812613196246
82,54,1,8,46,37,6,0,38,18,126.39707723858334
67,71,35,63,22,26,43,76,49,86,229.98520039002688
91,21,43,99,16,96,18,35,29,50,287.1829593023505
96,54,70,75,37,40,2,54,15,22,155.92090361988744
97,19,68,74,46,79,70,64,37,85,319.63648201083913
27,26,43,3,59,3,79,66,29,37,161.57511977027204
33,30,10,39,93,51,97,96,6,88,284.40673433078734
81,55,30,50,83,68,36,36,40,38,477.9044008303656
73,15,85,61,52,69,92,0,73,79,227.98072504092298
77,93,62,64,70,11,73,70,62,17,590.1487705941518
69,72,56,62,1,24,52,43,54,30,506.4671462013997
2,29,87,84,7,24,4,95,62,73,234.32196228984927
63,18,14,33,37,22,97,98,24,93,555.8149110535644
8,81,70,22,2,70,70,74,5,21,400.6078199546268
40,7,13,41,19,95,4,80,22,28,390.5228587675894
4,19,1,82,0,47,86,78,11,44,465.9472372902122
28,60,80,46,25,22,26,75,2,44,64.48283483008771
63,31,31,11,83,4,97,53,27,5,382.8296768929517
10,65,22,52,31,90,88,4,11,45,274.89080223142014
28,93,53,49,58,33,73,16,87,42,529.4369913704386
93,51,13,9,32,23,96,40,29,69,384.5145733517127
81,39,99,91,95,5,17,48,5,55,318.5283712539042
50,49,47,32,17,6,67,1,27,58,274.9858071352121
94,36,66,13,86,65,1,11,77,25,498.2852157613181
56,87,21,72,35,90,25,18,95,59,418.70137482359735
8,65,5,64,70,59,0,15,30,94,578.7881254496741
86,65,99,3,52,51,57,64,42,99,508.6779030791697
57,57,15,33,74,27,83,87,92,54,351.6913212867597
25,3,11,5,10,69,37,11,4,16,210.753836103163
0,72,80,19,20,85,11,65,48,54,374.7406776477146
60,51,89,62,74,70,97,55,90,45,433.6638967172264
81,4,89,3,47,86,49,81,64,96,399.793108049893
65,69,53,20,48,79,2,46,2,94,465.3912784256363
88,92,69,83,87,62,29,49,40,53,439.6748959061683
51,23,21,8,51,32,36,11,28,86,563.2092380574028
66,54,33,47,18,28,26,88,35,22,252.85350932667288
51,18,4,0,73,17,21,98,27,22,303.8664849807643
12,87,68,85,96,54,76,8,68,15,522.48229410227
72,80,13,13,78,33,4,89,39,54,315.62391835796257
77,6,10,86,43,88,27,42,77,53,558.0575178100029
87,5,98,78,28,82,49,84,77,71,476.17367982684476
60,74,60,42,34,81,42,50,54,65,372.7825664664957
86,87,97,23,12,65,91,57,34,65,470.0093156121992
48,7,89,98,87,3,15,80,66,6,580.8065701363016
71,73,15,54,16,36,39,28,48,37,381.4463201436709
8,89,11,22,90,81,18,91,22,64,453.7279107776757
91,75,58,98,49,8,14,30,45,46,279.27342554925013
36,60,3,83,96,37,19,60,76,23,183.74050399105593
96,28,4,28,27,1,36,90,21,14,480.80186946382787
38,16,39,42,42,94,28,92,47,68,328.8712953470179
1,95,0,80,18,52,34,88,52,76,335.34213688708445
32,12,11,44,20,54,97,25,23,36,343.89534806039694
85,6,54,71,10,17,41,41,4,22,242.41084972683782
78,56,53,14,41,44,93,47,20,77,575.3499981368362
64,66,15,12,77,46,25,25,24,64,424.6806548471882
1,60,77,0,87,32,9,66,28,99,366.83463548485673
43,75,19,97,3,30,8,87,92,49,422.4716867088014
56,41,57,0,43,34,20,90,8,34,317.9373971219304
64,34,98,44,96,69,78,72,51,51,540.3661060760253
5,35,16,6,16,83,79,16,57,8,573.6352579501704
69,19,58,26,52,81,91,46,48,20,388.91522072381554
15,83,52,96,4,97,31,88,23,24,281.8070064090034
24,20,99,36,20,67,48,86,58,44,408.96283876719343
1,87,72,3,85,33,79,5,93,15,586.1467984336243
5,90,4,18,78,84,82,68,56,67,212.6705145734033
72,60,93,25,14,56,24,75,40,95,163.02987845082254
12,13,93,73,34,20,33,47,37,96,308.0089860518125
69,96,44,97,23,62,80,14,69,24,470.97753863526475
8,9,26,3,17,1,35,19,75,87,295.3170125866213
37,19,58,71,8,20,23,61,97,6,394.8415950983033
25,78,22,86,75,65,72,82,80,18,236.81962966118957
53,23,18,2,4,71,97,94,21,67,564.0050802903161
72,59,87,87,23,89,5,48,94,62,365.5797787664686
19,43,57,74,40,91,49,7,59,9,518.2510100012935
70,18,79,30,65,66,27,35,1,67,391.87709595850805
82,69,47,89,93,86,6,16,33,98,532.0639836213444
31,28,12,79,6,53,96,71,3,43,470.31881575503996
51,40,33,38,7,23,53,97,54,48,723.8752115802084
73,44,64,27,52,51,7,2,84,41,485.05130414524774
93,17,58,7,83,69,71,35,94,88,470.6565250869925
0,38,90,31,86,35,20,22,79,64,424.455039579423
0,89,20,38,70,39,90,76,79,36,457.7784541535152
25,51,93,27,34,24,55,58,2,54,374.6917861862868
97,10,39,69,80,86,79,3,5,72,222.9877488905759
17,30,48,4,48,9,39,9,47,29,261.04325268027503
91,55,96,63,82,74,3,99,11,71,285.8117816194858
76,86,40,38,43,58,2,45,25,95,395.62468408811884
88,69,27,88,73,62,85,23,17,73,485.88198876053355
80,68,46,11,66,90,57,46,56,82,288.2140219727013
59,30,7,75,30,62,50,67,20,65,208.79124289708332
94,29,62,15,99,37,12,83,41,7,258.6182823970238
38,61,77,74,41,38,72,26,60,81,235.93084784760555
70,1,92,19,11,75,31,79,16,11,575.984303756882
91,89,78,74,50,22,44,18,81,60,374.7953628397604
95,93,65,3,23,57,32,95,38,85,544.5113636947009
97,31,27,82,46,38,58,37,55,36,417.53362754994754
7,91,6,14,89,86,77,39,91,7,360.77360329433316
17,77,13,6,32,50,88,14,91,17,555.3691039933941
86,61,46,35,85,91,56,49,14,65,610.8370789525751
8,52,70,87,9,91,55,18,65,48,367.4372084395162
98,87,92,7,85,59,12,49,70,67,402.4262981125996
9,57,14,46,68,9,89,84,87,73,491.7761226921682
53,95,62,90,98,84,11,66,64,35,502.22313851744434
86,41,33,90,10,16,65,3,34,83,569.5375569898006
38,97,2,35,37,42,5,48,51,18,405.81481877130614
62,34,35,60,79,54,47,34,39,61,467.4431983397365
47,34,82,67,23,57,52,72,41,36,443.9738772599952
4,42,82,78,55,15,28,67,86,39,222.06584081205227
44,82,80,75,65,33,54,8,21,17,287.9532135944247
30,86,4,61,0,72,70,92,75,4,405.0797852012219
77,24,79,47,73,85,60,35,7,68,459.94171496081253
25,27,76,1,20,45,77,19,26,39,378.49742109686576
8,57,99,5,95,72,44,80,87,50,677.8544902382796
80,99,6,23,63,28,30,31,95,39,522.7504419734323
15,20,99,94,97,94,83,71,70,53,463.5876265347505
28,61,25,21,18,97,36,79,10,78,192.318197364268
65,11,19,35,70,64,99,2,21,99,659.2388184046304
29,3,77,22,77,2,37,9,89,39,219.47433224232574
76,76,59,53,13,7,42,62,3,64,554.9646745768788
66,51,22,79,26,42,3,20,36,66,205.66785475135808
82,72,39,41,58,49,82,44,47,46,275.3834765401669
21,28,78,59,38,75,55,84,22,39,286.4142381728609
16,6,83,8,18,67,28,76,90,40,123.32970562201245
26,54,15,10,96,30,43,16,71,21,456.7346196530496
43,85,17,38,56,54,32,47,57,5,549.9159383896114
33,15,51,30,18,4,4,37,15,79,407.09960962857224
70,82,36,44,10,30,67,24,2,74,184.2051623029938
57,42,38,83,90,72,73,15,96,37,507.3640511528564
25,78,65,81,2,51,66,19,9,8,537.2685755444884
79,31,79,63,97,96,99,84,9,95,284.2431574020281
64,63,31,17,15,52,36,57,34,22,391.5085064799565
93,53,6,34,44,48,16,86,89,87,308.51233591960323
92,79,25,94,96,2,93,0,9,97,382.27732084579037
92,87,36,22,59,68,36,44,4,36,379.34111966672634
42,33,94,29,32,18,97,49,16,92,427.09267808305475
55,23,49,91,94,65,74,83,46,53,500.9581121312352
2,97,7,9,91,76,99,9,49,52,254.41840598496785
40,23,38,18,84,63,40,68,85,41,279.62598633307584
37,52,7,94,90,45,43,29,31,11,463.9665147457122
83,72,39,68,42,90,68,82,42,45,514.2660915328752
0,8,4,25,80,34,47,45,9,80,35.0125843063326
31,47,51,70,19,84,74,67,80,90,283.07339126969606
2,59,82,21,20,31,68,84,93,98,259.59956699527703
89,69,18,79,64,43,15,85,34,54,578.7924747812506
68,54,7,94,34,83,40,76,91,42,172.58611460805412
6,32,76,32,9,68,66,60,10,26,314.0986585243194
86,16,20,87,36,24,52,9,76,17,603.6984022520988
38,58,18,22,17,61,62,40,2,62,313.19811835384064
13,90,33,95,89,30,68,77,53,25,478.12962507781225
94,58,25,4,26,28,79,16,90,33,439.14525501704577
11,88,65,15,88,93,23,30,96,28,638.4699052228071
27,12,21,24,76,9,61,10,69,72,24.67451486129454
7,96,10,55,26,92,65,55,12,35,499.2639380206725
66,8,75,72,44,78,58,42,89,75,423.9616517203041
18,61,41,95,7,14,93,23,75,51,329.379569437149
27,33,20,91,93,3,25,78,0,61,346.6847371863665
29,41,23,22,31,58,52,19,61,40,361.21328249816486
31,74,31,3,85,33,80,1,31,87,319.458008844405
26,55,32,84,41,2,63,41,59,72,357.42542940618904
96,38,7,83,88,2,13,58,93,69,437.18726543553
36,49,31,44,58,66,97,19,78,37,421.2909133174614
2,39,33,55,81,99,30,26,79,78,267.1644224720996
82,1,7,89,10,62,88,27,19,45,371.81662561887606
75,69,34,36,70,57,81,36,38,39,528.5883333234472
92,7,78,92,62,22,43,59,83,58,396.9066009779148
49,34,65,52,75,67,78,37,44,10,566.849937654658
80,41,59,51,29,43,38,9,67,21,351.1414804432784
44,22,90,6,79,12,91,23,69,2,361.39630748905535
71,6,68,56,86,62,88,96,27,76,479.81199755177244
23,68,19,41,13,67,26,33,44,30,480.45297052356045
48,89,36,59,14,81,90,43,61,40,404.77318548800423
74,49,61,91,61,17,79,4,92,73,370.80040289941996
40,51,16,57,43,24,26,14,31,12,274.83593293901197
17,50,72,32,73,81,8,69,71,58,527.5884700695041
78,88,20,49,18,21,8,0,48,76,464.4532831591907
24,36,3,55,29,11,17,33,3,66,427.5975321578995
29,60,33,5,2,84,90,90,98,13,457.9200033979038
4,64,46,39,80,28,10,65,46,87,134.32713054202503
11,22,67,93,13,65,23,49,78,93,385.0615710296942
19,52,91,42,30,95,57,85,4,77,431.5316079168304
34,33,63,87,32,38,55,26,69,12,295.9071300139508
48,25,87,54,26,86,71,45,6,75,318.33987796415454
66,75,33,30,25,4,59,36,21,81,308.6674627404596
41,6,66,25,81,42,34,63,13,42,442.2141917119377
90,84,5,53,62,60,19,13,27,97,495.2501944028117
74,59,81,99,62,4,28,15,71,43,272.16793892664765
25,54,99,8,73,43,21,95,55,37,300.0267206363441
38,90,32,54,54,9,81,92,51,45,577.1947890888702
13,21,82,17,64,68,97,19,65,68,436.44565104614753
31,34,97,64,86,88,82,32,0,18,321.110307377323
93,68,27,9,27,8,18,81,30,94,562.0199049214922
63,15,89,89,89,95,99,22,46,46,339.701727122024
49,8,7,37,35,48,79,19,43,38,188.27539408168022
64,1,93,77,16,87,9,96,22,60,169.218877419691
78,4,38,93,52,86,19,69,29,86,162.8875405400387
46,48,46,2,75,69,22,54,67,6,454.8953936782546
43,33,21,91,91,21,49,83,48,49,334.86841057133904
9,7,31,99,32,55,20,63,87,60,351.6190530317581
86,37,19,98,76,7,12,12,12,70,614.0512204247773
76,45,3,59,81,19,77,42,0,46,407.9452310554335
17,84,94,84,88,2,55,53,86,2,487.2366107816135
23,57,70,8,37,99,94,92,1,6,466.9028426805137
69,84,12,93,36,96,73,17,67,98,299.5676770654422
51,67,3,3,50,57,60,40,77,49,519.9827590321055
13,36,7,83,3,98,87,2,96,98,530.1511412473221
9,61,24,39,44,81,3,41,56,75,305.9671340534218
24,85,31,45,15,82,38,13,4,62,497.92641017896915
26,3,79,83,53,20,72,47,61,67,232.85173608426956
80,25,47,71,16,57,24,49,9,95,393.28154837541155
64,77,26,91,52,49,79,52,32,71,330.5627717749015
33,35,30,99,8,30,18,21,67,85,179.3386455844152
99,68,69,20,16,62,41,19,53,48,403.303392737255
62,25,82,78,64,13,69,61,50,83,313.349327017055
13,64,58,99,57,55,70,91,26,91,302.7762478940667
59,42,63,36,9,11,23,7,61,90,280.12843323175264
53,67,86,43,38,31,59,98,80,33,474.6380505381168
50,29,48,72,22,0,12,91,71,84,506.5549922547033
15,96,67,52,16,65,4,37,50,72,485.6215325008212
12,41,36,7,65,9,27,76,14,54,349.89335825682986
54,41,9,3,36,95,5,90,40,98,453.4855729177283
12,22,92,58,63,73,7,98,32,95,446.0258547782431
86,85,8,19,5,14,44,66,4,37,675.4868327327313
97,29,31,31,79,94,15,84,5,42,615.035422237413
42,63,48,13,94,45,20,93,87,13,602.3184153634459
78,83,95,7,71,10,48,12,79,32,278.43567557381806
50,12,48,46,52,11,31,58,47,31,228.13160725138522
27,43,91,24,66,33,18,42,58,88,322.5458084621931
22,86,56,75,17,11,26,79,40,29,177.309731463498
75,62,13,62,83,31,74,89,97,61,392.8846150567578
91,63,82,86,4,32,20,42,25,12,400.4384181577557
82,31,89,76,15,41,65,35,32,32,233.51353330273784
19,39,31,66,21,36,28,91,73,91,299.3762820286924
49,51,95,1,84,44,70,53,92,96,490.20847518234064
13,60,37,0,63,93,29,68,57,74,228.5069886551929
10,53,98,72,68,65,76,96,18,48,347.04780330020697
56,74,31,81,77,7,86,14,92,40,428.84436981506303
85,93,58,60,46,19,13,37,10,88,472.2238839131349
40,27,47,75,94,93,18,54,20,51,532.9223041285379
33,83,91,71,81,76,21,17,96,93,308.52863183079853
33,10,9,34,26,74,95,36,19,28,274.1612882974952
73,70,15,5,23,73,3,53,77,59,534.2580221812951
9,46,66,86,18,20,59,18,18,66,358.82944640001637
8,95,1,48,26,86,0,35,39,57,352.00967162855864
36,83,52,63,27,34,67,35,12,91,128.38770869968215
27,32,7,52,4,88,72,14,10,18,162.95403064313095
18,88,40,68,56,10,35,70,32,88,439.4628631441804
19,72,39,72,67,41,29,49,57,80,396.4099608583775
88,44,1,71,55,77,4,41,38,55,377.4101127561335
81,89,9,45,8,35,42,16,57,21,468.5064394656588
49,53,91,97,62,84,15,85,94,88,594.7073002915324
68,75,96,81,13,54,2,4,75,89,195.39688025600253
12,99,56,23,90,69,94,97,87,7,388.5656133125274
24,99,35,56,24,85,55,56,13,21,418.2779053893645
42,84,34,25,67,92,64,93,76,57,271.08765421517853
8,68,51,9,66,7,97,52,29,85,445.2133899446879
75,9,44,86,70,16,30,39,57,53,468.82702725916397
30,62,10,71,97,9,96,36,83,77,202.51632120999673
85,84,8,53,3,18,43,1,42,87,457.7085350877823
83,81,72,39,67,92,95,23,24,5,372.0172954225626
53,17,82,13,94,18,6,48,86,10,441.22737934975333
20,75,63,62,89,43,81,64,75,8,349.39267161057955
46,67,94,54,88,23,11,91,90,67,695.5417223912569
1,9,18,4,77,36,83,81,94,82,181.59301352413132
48,42,24,92,33,45,54,4,53,39,476.0061955084464
14,2,7,31,79,57,83,2,61,76,425.5603642120734
75,14,95,24,57,8,25,10,54,14,385.70483552609073
48,99,87,72,7,28,51,61,58,43,418.16061060114305
60,29,51,11,52,37,86,76,79,42,232.35915224122502
95,24,97,22,64,56,10,41,75,50,623.45567044105
36,2,70,45,53,79,10,65,9,20,303.50265478118354
41,14,70,12,0,8,38,62,63,41,414.7006008132411
68,69,25,67,58,93,40,24,26,54,381.2813800311632
30,92,18,39,39,36,79,9,50,79,306.2889447805371
6,31,82,40,89,10,21,14,84,49,187.79112600702172
75,85,22,57,84,61,1,77,15,65,363.1110055153689
70,42,93,53,95,80,2,75,2,2,420.0540330284821
13,14,72,20,0,99,40,28,78,27,631.7905157304992
73,11,35,1,45,41,78,38,98,64,739.8407255606139
61,30,14,91,86,41,85,72,60,15,409.64508453357456
72,33,64,64,22,37,11,88,88,59,569.5164793025276
83,57,43,32,53,29,67,69,92,4,459.25092522438564
28,5,59,28,26,55,17,56,29,96,44.19455530454303
77,86,17,97,41,8,87,25,27,68,394.2863834284216
89,52,31,60,8,99,40,55,91,1,581.1834896896311
49,8,4,28,6,62,49,95,82,90,439.29763441006514
7,52,96,54,46,91,67,18,87,72,448.03575136565854
53,22,53,23,5,30,35,37,76,10,260.219291773499
62,74,26,95,72,80,81,54,66,1,498.812219032545
19,72,30,41,88,13,37,39,20,66,574.2091560203942
72,71,98,4,27,30,66,17,89,47,597.3849008427261
6,92,10,31,96,78,72,73,4,61,531.8864073485518
60,57,55,56,98,63,11,80,59,5,532.7158539115796
93,0,39,6,64,64,87,61,95,22,473.7461694289546
30,58,14,36,46,66,94,67,21,49,249.6525184367307
41,66,87,52,63,24,55,13,53,62,407.17101983082716
93,97,41,67,5,64,22,3,4,11,283.2169949616846
45,67,83,70,35,83,26,71,47,4,204.94612651670155
12,51,11,25,52,85,39,97,81,90,218.26635019344977
34,71,80,7,68,26,92,45,5,54,327.1730160819484
7,84,15,80,70,65,53,28,43,46,543.9727057750232
30,27,17,55,57,72,62,32,51,27,451.6354273142736
84,51,91,75,82,62,41,26,76,44,365.8897965864648
30,40,27,14,13,97,86,88,82,22,334.16525104908345
57,35,7,98,85,45,2,82,74,51,73.30111630605649
54,45,26,89,37,64,65,4,54,36,550.1491655078634
55,7,31,50,33,19,12,10,66,52,398.99519818075834
36,78,6,41,38,32,34,34,24,37,246.46629703805118
66,79,23,56,88,12,79,24,31,33,589.9175230757511
48,10,17,87,88,26,43,73,70,77,572.2094825373172
84,22,48,23,31,13,52,48,18,99,404.4077329682534
76,76,48,91,51,59,29,71,55,11,660.7242188866272
74,38,52,66,77,9,64,16,85,73,216.4351015259849
29,24,37,96,69,9,70,33,68,81,257.29415127439495
15,78,33,1,3,95,27,39,67,59,662.0477289881972
61,72,53,73,69,74,92,76,94,60,214.23149569452985
74,85,64,65,51,13,64,73,81,6,580.2339693827856
40,61,38,88,79,85,89,73,53,81,498.47253535462755
19,71,68,96,62,18,70,31,28,4,447.7323287999894
27,52,73,96,24,25,94,46,66,99,332.95082777566233
37,41,47,73,36,50,73,69,86,23,279.1160407687476
98,83,83,68,10,69,79,20,62,43,155.41222235824057
68,1,63,19,33,65,77,87,48,28,491.0656795155868
49,44,29,21,70,40,67,54,89,66,564.2995052124982
9,85,77,68,61,17,12,20,53,40,319.7586035977825
75,79,37,66,16,54,91,9,59,16,273.5520437122336
36,61,92,68,20,94,25,33,21,84,479.4944099703746
0,80,33,38,71,69,33,14,99,51,252.30890410135098
56,79,92,73,14,77,87,81,82,22,460.63293882010197
96,93,50,42,50,30,39,13,97,1,395.6141957927182
87,67,82,27,16,91,18,49,71,25,538.5448191544565
17,8,4,47,33,98,45,61,68,68,324.9725905281071
12,8,63,91,73,99,50,37,33,14,511.2854058406682
17,50,28,24,40,70,55,15,29,12,194.56868137260682
64,81,48,96,90,57,30,76,68,37,220.98676918899685
76,95,6,38,51,65,69,76,81,99,462.636496105633
53,88,79,0,58,42,81,79,47,67,319.2990990044712
24,27,53,38,73,14,14,73,14,90,613.4188759413722
96,81,53,97,62,47,83,86,43,79,542.7321314494378
42,21,8,13,89,53,84,1,19,40,316.0063747815873
51,48,15,21,25,33,15,39,26,51,363.02992771871124
20,57,88,46,10,39,5,16,90,22,470.31769301374493
88,26,76,81,51,20,29,84,30,21,415.94468753202705
16,73,48,72,41,41,73,58,35,68,343.16412649522255
72,5,92,27,99,84,44,61,79,96,368.36088868310816
43,92,94,95,78,93,55,24,60,34,352.3297438590234
99,11,15,37,3,9,80,90,38,27,315.34027585791364
78,3,68,24,12,22,35,29,72,8,314.23689390455644
13,53,90,76,58,72,70,94,57,87,651.3850634008104
23,23,20,5,1,77,52,58,26,47,562.4988462477284
75,0,24,83,10,98,65,35,39,66,328.6835995699456
33,19,34,42,38,13,25,66,37,97,275.5070131759155
53,37,60,19,59,89,46,51,1,3,569.8465068016085
6,17,46,23,40,70,57,61,54,20,660.4865055394811
59,31,39,67,71,53,25,98,18,67,234.92568939663883
55,31,8,98,9,43,18,8,52,47,208.51827946725513
65,54,29,47,7,4,24,10,99,67,384.5071242292274
46,85,68,63,55,41,17,65,0,66,261.4073238973294
7,68,49,43,67,44,29,1,82,69,535.8002455089515
20,62,46,58,26,86,32,63,57,43,555.3803295663092
7,25,5,39,33,38,81,85,26,2,637.023317497348
90,89,86,30,52,8,57,86,5,20,589.3393237139181
4,38,69,76,19,98,73,23,30,6,522.0882802584339
32,49,96,11,7,71,3,87,53,89,411.5386875111925
58,58,61,66,52,97,44,87,63,2,318.7041909277718
37,11,70,12,93,82,55,36,12,58,478.9855357768679
21,34,39,25,99,12,20,75,31,16,67.8916531965678
14,34,18,99,3,16,13,38,30,94,563.6958958194391
40,45,17,21,82,7,98,13,76,77,493.55671424340994
82,19,33,43,69,99,47,53,84,54,451.3559757013468
58,1,15,22,79,40,61,64,67,75,283.3075869875134
1,43,77,13,88,50,38,35,30,15,385.90465290164735
94,8,98,95,43,22,81,56,33,66,241.23850848121418
93,70,91,13,56,69,35,35,75,61,297.60984991140003
99,19,1,41,50,49,79,8,7,39,322.4120480414228
31,25,0,95,37,10,60,52,25,38,279.6035131953057
3,22,8,93,50,79,82,58,1,85,173.39972981484885
48,97,70,83,52,21,6,94,92,20,315.46172498898477
5,49,23,28,72,70,83,37,59,55,525.1072542448903
54,28,28,40,93,92,83,43,72,71,324.5173299071962
1,72,9,84,85,13,13,79,41,2,487.3661564846036
57,17,65,57,16,19,79,87,68,89,505.83524530779255
33,59,14,33,93,21,84,73,99,29,473.79407164216593
83,34,92,70,13,78,61,91,41,40,307.3533777405496
38,45,19,74,48,41,24,87,6,94,409.0249661121911
70,3,13,53,89,36,55,66,83,59,153.76764436604455
99,34,38,32,67,25,40,22,42,96,354.89436663393116
17,23,43,41,47,22,64,57,52,31,348.87047086941783
99,98,74,91,59,34,86,65,14,57,190.10198675152463
1,76,26,85,72,44,58,98,0,97,574.9897193780879
18,80,72,65,63,89,56,77,46,8,506.65079156775255
49,5,65,85,60,53,14,51,47,63,568.2598782821516
86,15,76,88,82,46,76,58,18,4,573.6733972669392
52,65,41,63,54,64,47,77,94,15,349.31429850010113
42,39,74,86,52,58,21,52,22,41,285.0794114853501
25,55,8,76,15,15,11,64,13,89,412.5024296299026
70,56,32,99,8,40,93,16,25,89,462.7133454538898
52,21,91,73,72,35,83,8,46,81,411.1530915649995
57,6,35,34,76,86,19,44,8,76,224.8392429407882
5,93,16,10,45,35,21,62,81,46,698.5741664645511
82,57,10,34,55,88,0,37,74,89,281.6708551872463
5,48,98,93,81,52,72,36,17,62,237.49790788136679
4,40,14,53,17,34,80,27,22,31,458.19330255764464
65,41,47,16,75,28,22,85,9,7,479.3607147854197
14,47,39,19,24,65,93,67,28,45,284.8988653364479
44,26,80,16,34,45,25,44,92,26,295.1991332961178
26,9,17,26,68,94,13,40,7,35,334.456341468487
30,65,92,7,24,0,96,48,70,12,257.6442103878579
67,67,42,19,96,55,45,48,98,49,445.59299324487256
31,49,11,63,43,70,21,86,23,56,384.52509453942406
84,42,44,33,96,64,31,85,49,36,579.2090842880073
47,72,56,94,67,54,68,20,19,65,458.04920133638973
24,64,22,98,23,90,25,84,66,77,404.0596279451035
52,32,97,44,97,21,26,7,69,74,135.0966873868211
16,30,81,10,47,88,74,28,53,7,432.72319283414885
71,90,36,92,78,82,18,70,95,66,475.15431329673186
88,89,40,34,19,2,13,62,89,10,509.66648284827875
75,44,61,16,78,96,75,39,28,80,612.0240487981555
67,45,77,47,91,45,80,76,14,17,418.9985877865766
79,58,96,53,22,24,31,88,28,21,372.00366268631484
19,9,3,18,72,73,67,53,72,44,311.3972199264061
86,51,63,42,74,75,19,61,51,41,575.4720076105245
77,53,1,72,18,98,19,62,14,68,417.693188439102
45,65,81,10,34,47,12,76,11,87,353.1636082031554
71,29,57,29,69,43,39,39,37,33,449.3578010401051
18,79,12,84,18,45,43,65,33,52,281.3357665912754
72,71,39,49,37,6,1,90,69,81,406.4316588379685
57,59,35,7,6,46,79,98,3,24,276.42361341480057
3,60,29,62,10,83,45,93,29,73,94.42275742201224
38,39,51,68,62,40,81,3,24,22,590.7927976435553
15,94,59,94,74,63,94,74,1,79,594.5329538732949
4,19,91,1,80,72,48,34,82,10,284.4871535298434
32,99,31,60,56,49,62,14,26,21,576.1601561293843
1,73,92,85,47,44,12,2,94,53,585.5799816439821
91,84,0,84,74,2,3,98,19,18,291.1222613181881
35,38,78,57,53,21,19,27,63,67,518.6856331847688
29,8,2,98,71,97,12,77,98,79,355.39367643643743
95,53,79,48,54,56,33,42,44,92,384.36906167206945
64,2,2,91,29,31,97,54,20,51,456.9210297343758
14,70,66,67,70,61,49,52,51,99,611.0737410625638
23,55,63,74,62,65,99,87,43,77,620.1499575006953
79,35,30,1,38,48,91,24,7,56,260.8895772660867
82,5,20,98,20,64,49,62,37,79,498.08117537709666
93,57,12,20,52,18,69,87,92,31,226.8258445734721
17,13,37,39,99,59,97,77,80,10,266.2439964658324
39,74,71,51,6,14,35,69,80,91,314.7571381692089
4,65,57,96,91,44,15,26,19,6,409.48301822558744
22,76,46,68,92,29,92,93,61,92,509.86880318572105
19,95,4,94,36,38,15,54,56,62,499.94807259906537
49,81,88,40,76,19,39,87,93,22,225.20576555916202
9,98,10,16,56,67,56,13,57,93,414.09253871820584
88,8,30,62,24,61,72,79,71,45,222.52307663756702
11,36,44,46,19,99,35,63,17,53,552.2591314240676
92,23,34,48,40,49,88,86,71,48,622.3317891798654
54,9,57,11,96,22,45,82,81,69,326.43275330393817
79,66,6,10,85,91,74,36,18,25,488.587011805007
11,62,98,14,16,69,44,32,29,53,402.8298245753489
90,25,86,76,42,13,18,24,1,89,586.3115908170282
79,90,22,66,68,28,61,25,8,78,153.22854813976153
18,20,86,84,74,34,67,65,70,82,235.22553044804317
36,39,47,72,80,88,10,32,49,0,4.8249736623329795
6,61,58,81,37,9,90,21,99,95,355.0427950621697
50,51,41,96,88,33,71,5,24,88,587.7362847145206
86,48,66,19,5,38,97,14,35,67,592.9210068125565
22,74,55,41,51,89,58,13,50,85,583.4105300395186
42,40,36,15,95,18,85,38,24,48,388.7874031554393
42,60,15,6,95,55,47,56,21,89,219.59221676787047
13,39,6,15,35,10,25,53,41,27,428.8580354797712
47,84,45,91,52,27,99,41,98,31,414.4343978463828
11,87,77,87,64,65,24,37,71,83,397.6360460761062
72,84,81,33,70,30,2,99,0,64,370.1143710645403
82,70,1,50,8,57,22,63,58,79,584.7509935661371
6,21,35,79,9,7,1,98,33,53,335.120341185941
45,65,28,99,78,21,64,84,62,39,439.5332329391271
82,81,39,43,94,10,31,94,91,6,633.2689135770045
27,5,32,66,39,84,96,32,90,98,297.2258609184404
61,70,2,34,60,13,72,49,6,55,458.0339289616457
14,4,68,32,41,60,99,31,62,37,360.6556850467215
89,50,72,24,70,78,94,2,25,77,599.804235500607
12,53,73,85,14,73,92,25,66,89,511.1156899293443
15,72,49,84,22,28,47,39,4,66,522.2688221770627
88,9,9,60,1,21,94,80,13,4,404.8038184157806
48,5,98,10,71,56,83,94,5,77,260.40036170303205
14,46,4,7,79,66,48,29,18,31,321.1559476863587
92,24,68,39,8,9,27,10,16,35,521.363724646334
78,46,73,18,73,35,49,75,3,84,507.3871179711092
5,19,40,65,61,6,28,6,3,37,423.3350601574114
15,48,9,3,5,98,28,56,52,65,238.58769493987174
71,35,72,53,25,85,63,68,31,22,301.3395504302209
61,14,28,88,23,60,36,39,11,27,457.7691523702292
3,28,86,95,84,16,44,68,56,27,176.41959459820177
39,21,53,23,91,51,10,39,12,86,251.92313937264552
6,0,12,45,12,87,47,49,22,6,217.97932775343938
29,39,77,75,27,76,49,33,11,67,491.0822968269354
96,47,31,58,65,32,12,11,1,18,482.80376692601703
88,31,37,94,81,44,51,99,76,40,143.4860991054657
93,36,13,75,42,3,7,98,82,10,292.15930790561015
83,32,27,4,41,59,46,55,3,22,464.6954000174483
81,5,21,93,7,71,58,28,78,77,328.394108692528
76,22,85,32,12,97,56,46,14,94,182.09102863318907
52,12,49,69,28,86,76,39,18,79,311.36364788154634
89,88,39,84,75,92,94,65,54,69,509.68434229088354
86,41,6,28,2,51,99,48,44,20,648.4606210642181
99,98,64,82,21,2,54,19,34,51,349.6486644809188
45,47,65,97,96,14,74,56,24,98,546.3996466046839
72,84,53,28,12,35,14,67,40,68,434.6185889639097
35,88,1,15,71,50,35,45,68,75,330.2941517930494
99,14,94,48,39,77,52,65,55,72,434.952046288298
66,54,17,16,33,46,79,18,51,57,367.83259304353044
37,5,83,81,97,60,3,49,53,55,188.79213652819303
59,6,90,32,65,7,5,34,46,94,476.26039178842706
55,33,35,65,92,18,6,2,10,75,240.74476147091826
18,85,61,34,46,31,67,93,1,48,464.5053645724919
97,20,34,42,30,45,77,66,55,10,365.5258357526961
92,55,43,49,21,56,86,2,53,57,481.0222973380095
58,71,52,32,56,53,71,88,71,97,320.6481571156092
85,14,83,3,47,54,40,76,97,78,273.20406971726095
3,50,21,84,92,77,50,41,23,51,220.67905943364562
5,19,95,32,42,48,72,14,32,23,267.6516424996113
5,77,38,73,73,25,57,12,75,79,527.5591392352421
73,74,24,25,85,38,56,13,6,8,236.1274367678884
24,53,50,46,65,33,45,14,72,17,528.369259533854
63,75,57,95,56,16,39,62,69,82,199.28533582630266
44,71,29,95,15,46,18,27,24,97,201.79602591702195
59,79,55,59,38,94,8,53,59,32,543.3081725843896
18,69,88,25,9,65,46,59,57,16,232.03489411430905
5,53,26,40,89,26,18,7,23,63,384.0444089024139
49,61,77,66,1,70,96,17,68,83,254.60248946347173
4,88,42,74,30,30,23,8,23,59,375.8332268777623
74,72,80,83,74,95,16,86,51,40,385.8438962759899
21,38,64,98,76,34,93,67,7,19,224.41596125584798
37,62,70,28,68,54,69,49,43,95,285.24895681101054
39,54,64,78,70,57,9,32,68,38,121.84236840448028
98,46,46,33,39,27,27,48,72,92,563.9776262843878
12,97,62,88,79,56,63,2,49,77,361.330205945645
52,24,75,80,29,64,35,98,1,73,317.70939833959443
46,58,17,11,23,80,79,5,20,51,240.21460181656803
46,67,80,22,4,12,50,4,33,20,512.7210763589193
89,74,32,3,44,5,73,3,58,93,405.5175119607206
9,93,68,4,40,4,48,95,21,27,470.60695322234193
69,40,92,74,66,95,29,71,58,77,477.4107869759731
63,46,4,51,32,51,29,73,81,97,405.9496701401549
42,0,30,55,99,84,84,22,49,22,379.48289670523974
14,47,22,12,25,87,36,27,22,46,261.5899894301115
96,28,35,73,47,2,96,64,3,84,523.1485227252724
48,54,97,40,68,43,45,70,72,57,256.3731781802783
65,71,54,9,18,97,88,98,39,5,349.4525649274421
36,65,56,70,15,88,81,48,56,87,262.59999208419765
58,44,92,5,9,90,98,6,13,4,428.8639392669969
6,97,17,2,53,92,51,73,81,11,606.7808086112639
52,46,41,32,74,84,3,5,12,50,387.34410385080525
30,74,43,76,12,54,42,14,35,67,458.0743588803574
81,93,77,90,83,39,89,46,24,26,620.2249243884336
58,1,27,11,36,15,87,44,8,21,344.2461957233986
61,93,61,75,1,26,8,89,8,59,417.15809575667873
49,18,0,73,26,11,66,79,4,37,307.0723176445524
78,14,74,67,52,8,1,1,76,20,223.92252629506012
28,14,51,0,73,55,38,27,52,19,285.6992369618108
49,19,32,67,79,39,49,15,35,14,456.33319065719877
59,63,54,37,9,98,94,27,69,45,292.5984082990227
83,48,99,96,27,74,91,30,52,36,516.2781763117919
38,62,53,53,75,58,56,57,62,88,442.17438443628066
36,6,59,81,1,2,83,72,67,13,428.75589338413766
10,89,50,39,21,91,53,63,45,54,495.96593261851194
63,91,42,28,69,29,82,97,63,43,490.6355482963769
58,75,36,5,98,46,17,36,10,57,209.30281657245578
80,90,16,94,73,45,93,60,11,64,566.6887629220859
9,58,23,32,24,22,6,9,80,54,116.91404721383651
14,91,29,37,24,46,21,48,45,12,248.4525106869816
42,65,60,96,22,49,68,92,92,8,623.1176272687844
41,15,5,72,81,5,14,2,68,7,239.7989205989693
66,45,0,43,38,80,39,80,3,6,517.0154942395576
53,45,42,38,78,71,71,35,39,87,584.211781725052
55,83,14,83,28,27,17,85,30,25,428.9149269567361
29,53,14,58,63,1,19,14,7,39,602.4348522300332
77,50,45,79,54,99,55,85,6,38,428.6002248451955
41,76,73,37,68,86,4,31,75,49,244.81273666133754
55,88,75,14,45,29,2,22,37,10,511.9945000902608
99,99,27,47,24,28,52,16,27,83,401.5616922438395
34,60,12,17,70,51,38,42,85,61,174.31400771394286
50,12,71,37,41,83,5,62,59,44,262.64373388300606
17,17,46,80,97,11,75,66,70,13,406.1733829928836
42,75,90,83,9,55,18,27,91,72,206.0267175767141
28,57,51,7,15,0,23,52,9,15,273.55805904926297
35,58,64,74,65,96,47,75,55,91,210.54467892798297
93,47,35,3,38,5,68,85,89,5,329.7115022677463
43,94,58,26,90,92,94,11,35,94,581.0216556175601
96,90,27,51,75,49,27,58,11,72,447.1928249638981
77,60,27,41,21,81,71,32,3,69,476.0525009022008
75,21,85,93,51,67,53,22,40,25,504.7763173294582
13,65,1,97,18,23,6,41,53,65,485.59418551918884
35,80,40,34,62,24,29,59,22,7,250.6670851105991
93,13,82,92,92,12,41,53,67,95,257.6888708449377
27,29,52,17,27,39,7,63,38,51,427.81051604937187
57,38,84,5,33,0,89,78,24,98,471.1392952009676
67,68,34,31,46,2,69,35,61,95,258.71781975082183
91,53,1,45,79,51,99,11,19,71,445.8765100054256
82,73,95,90,28,98,17,72,39,1,612.4801537355579
28,14,64,45,8,18,48,42,64,98,186.25802461795342
58,90,75,22,13,98,87,95,73,94,362.13294639328757
27,11,64,4,85,68,38,20,47,49,217.14945079016763
80,61,98,46,88,0,28,67,74,31,366.2512605459192
28,34,79,83,85,99,28,36,3,81,240.73107109319122
69,65,27,27,41,31,6,64,95,38,482.7743258318259
47,98,21,92,39,78,10,37,64,36,430.9177149611368
28,74,27,79,81,44,99,38,66,84,498.94421323711674
13,45,44,82,97,70,42,15,13,98,574.7724911761286
67,6,84,9,58,81,3,61,18,37,457.23691447930497
68,20,99,6,41,63,55,94,61,23,228.92185270233125
23,54,82,91,89,19,60,54,12,81,321.00760193613235
14,53,52,89,86,40,10,84,63,81,429.317945546537
9,74,87,86,62,52,11,32,22,52,397.4879286998796
48,1,67,77,55,53,54,81,75,87,282.31696879722585
71,53,92,93,56,21,54,58,53,37,333.8656147247221
97,18,80,19,52,53,78,35,80,17,551.9084494554877
90,34,51,56,6,69,41,43,4,86,510.9844223394408
19,56,96,38,71,51,35,83,56,83,335.336034666253
99,18,1,44,30,10,6,0,37,96,290.1325228082361
67,37,32,40,83,40,97,46,48,72,423.67743626662246
97,40,46,83,75,87,30,59,29,37,387.52232607065173
98,30,42,69,50,66,27,26,44,19,248.60814243315795
61,77,69,83,69,91,63,56,16,16,211.0474122029258
32,72,81,29,65,36,90,73,81,94,321.9643802534698
80,79,50,66,53,1,64,95,75,78,322.2726508390376
52,19,6,93,67,22,15,88,58,0,35.326766039477945
74,89,87,85,24,95,13,58,70,73,323.20428003094503
79,88,6,28,19,95,98,92,23,28,426.557062176026
14,38,31,71,64,83,42,47,97,34,601.0417531226391
96,31,67,30,82,64,78,24,55,60,360.3973702688346
80,92,11,73,9,16,34,61,27,4,297.368927392337
49,75,28,45,28,73,41,74,61,66,162.87278976808682
23,69,0,62,81,38,68,72,92,99,675.0566640842967
59,40,51,47,31,39,51,55,80,91,437.9241898994262
11,38,66,71,41,53,91,40,96,98,378.65070882866013
16,0,64,59,7,9,14,61,28,92,339.18551028048455
77,61,71,75,10,47,52,32,45,38,216.45335502872112
63,38,44,36,71,7,35,53,4,65,348.96966958618026
44,23,96,52,42,24,76,50,99,62,464.95760139356577
47,3,11,24,82,26,94,42,37,36,307.75915056563076
61,24,34,45,47,98,94,11,46,56,590.8033151478378
22,4,92,58,59,28,37,92,87,66,524.9313203821522
3,67,22,69,17,44,48,25,78,87,190.53089292943392
66,67,43,17,25,98,87,30,68,1,363.1909497167311
1,47,61,94,99,87,24,66,31,13,318.50746966979494
69,47,81,63,3,91,77,65,50,88,385.0471060052614
13,19,13,93,83,54,95,46,89,3,483.69944459072406
37,75,53,25,9,67,46,81,23,51,196.458355448376
9,81,38,9,46,0,39,86,17,62,440.8652999560668
9,62,99,62,28,19,82,84,40,14,324.6852057401585
63,10,51,55,10,8,59,73,53,16,530.8113712519227
36,98,3,46,57,93,67,59,77,54,490.7762893810909
7,54,59,16,94,93,56,54,27,89,549.6500992792262
63,86,0,62,33,56,25,27,24,30,583.9168259228516
95,11,62,83,9,86,35,60,42,10,460.785393747045
35,94,78,14,42,38,42,69,19,1,681.8037725921242
91,94,51,33,47,10,90,90,9,92,474.10195324012574
26,14,95,36,83,57,16,18,12,62,446.2492266785804
61,67,21,93,66,15,89,40,37,14,291.08111383002506
88,44,67,0,36,26,67,73,72,57,415.0818152138664
5,73,83,25,58,63,31,55,71,52,458.3115410472933
16,89,20,87,37,30,36,55,5,72,415.6792338145432
59,49,84,50,36,7,83,74,14,65,374.1807777339918
53,99,24,2,33,35,71,35,94,34,528.6538394248095
22,40,14,75,98,20,20,19,45,54,479.04429100297347
98,96,36,81,12,80,48,96,53,30,286.0679343343593
34,22,78,50,71,99,48,15,22,84,325.58939598747145
86,78,40,58,55,40,13,49,81,18,555.9618893295433
18,18,6,36,53,59,28,29,65,88,363.8327727977975
60,28,83,61,83,43,3,11,99,44,400.225876658801
67,86,0,69,61,12,71,92,13,65,364.6985922569762
64,6,98,94,81,98,22,8,23,7,335.1045115821707
20,35,54,89,14,28,31,20,60,78,346.2843340104403
71,57,22,60,88,79,32,52,42,3,589.9965741979063
26,33,36,46,66,43,40,10,4,9,417.9942890475719
92,88,26,95,99,71,57,13,42,67,301.4319344991583
73,99,83,53,23,44,50,69,57,71,388.52610480974573
69,72,23,84,94,34,64,31,66,67,722.6751894284762
15,38,94,76,31,40,1,69,29,49,348.20638574440994
42,34,76,94,10,78,29,12,59,19,438.484583498129
27,45,46,10,59,7,92,1,58,3,509.5640501119286
83,52,38,70,44,20,26,40,3,66,184.94097212210858
53,98,4,49,55,67,3,52,42,28,379.49345366929725
94,60,7,92,86,7,7,93,46,89,215.74917052341686
21,81,43,17,82,94,13,93,93,57,245.25888200624289
85,1,44,3,47,23,49,96,7,78,432.75352084461923
55,23,71,47,14,29,66,54,17,50,577.1404375143793
70,39,71,97,63,57,57,52,21,18,280.9198337658311
29,96,26,96,99,98,97,80,61,3,508.96412457346764
30,57,95,85,42,91,55,48,10,35,410.36832166819977
46,33,10,76,42,6,9,8,93,3,560.6197425867174
17,16,16,70,40,13,40,35,52,88,321.87420400426345
93,6,90,97,98,75,91,18,9,21,469.7909330176296
30,92,34,99,91,68,39,1,52,40,182.5481849647918
16,85,43,58,19,86,20,74,51,61,465.5368550953999
35,69,25,97,66,72,80,60,45,18,330.608428519862
46,34,99,10,94,58,12,77,95,20,712.730591397715
86,89,77,77,41,62,59,98,73,66,445.4345423101736
49,74,55,77,42,12,91,40,22,43,461.5415620957831
79,59,58,47,47,40,10,49,66,94,492.9187533987165
31,8,56,62,77,82,65,25,98,71,323.56525756920087
75,53,52,39,19,85,73,17,87,79,523.3555837120559
52,36,10,97,31,40,77,37,22,45,249.74452242061525
20,6,51,38,69,61,4,37,3,4,506.10693836323486
85,79,92,81,55,19,94,12,34,63,500.3346616257023
58,14,98,28,65,66,65,28,81,28,338.43183917859244
57,80,51,48,85,26,91,6,61,74,190.7154221503823
54,0,85,42,86,14,29,99,74,34,237.4353002293189
27,59,71,62,36,89,14,27,11,51,266.722193610022
3,76,61,72,92,17,82,42,84,57,187.14893771512786
11,93,2,64,3,70,23,81,77,70,687.4293384748623
30,39,67,45,68,71,29,20,2,6,254.18346676528202
95,60,29,83,41,4,31,16,28,64,385.76090774458106
73,82,19,1,4,49,36,20,4,56,547.334989069055
89,84,73,17,50,77,78,22,6,33,575.6546416917879
74,47,76,25,44,97,22,67,50,73,113.3388716817044
18,11,64,56,14,49,57,12,19,94,512.9267404658376
46,80,65,42,41,45,28,61,71,91,224.2550719128024
64,86,53,83,72,60,81,68,62,33,496.6444808660506
94,11,59,15,99,64,82,12,80,75,454.7126630282769
58,49,29,61,50,15,47,34,75,30,370.05831430635334
26,89,37,84,50,53,89,5,15,73,382.9592899334863
63,29,67,63,37,94,64,44,54,21,490.58343269276
42,57,41,29,17,1,94,10,44,61,213.23195721059926
26,6,81,69,18,29,79,30,32,57,493.17542466854707
39,40,12,36,33,72,18,14,33,5,310.94986801438387
28,89,2,10,30,1,26,81,83,60,71.9171420121234
79,10,48,54,78,43,66,64,58,48,493.2824448452702
67,57,58,79,70,68,74,13,6,65,291.84532746538633
5,90,75,94,81,35,53,41,42,0,433.3247471529112
82,24,56,86,32,13,15,10,60,29,507.8729590476633
23,56,4,85,75,83,89,39,26,35,628.2083605593425
52,67,50,2,8,16,30,37,86,15,301.91714918611837
72,9,26,24,11,13,45,57,43,8,412.20616885182017
14,12,39,60,97,90,99,25,4,9,342.58423113210955
52,48,43,84,85,7,94,19,53,80,371.3747406193996
7,23,27,57,92,26,46,92,82,48,629.411291731009
51,67,93,59,45,66,74,59,16,2,586.565287707217
66,2,76,75,85,44,8,78,1,96,408.0146755392052
86,88,46,93,53,70,51,36,3,24,498.41040131699197
61,52,82,42,94,3,21,9,93,30,590.6538111317186
57,35,55,15,66,84,89,47,16,16,368.3352981649948
91,59,17,85,16,52,44,10,56,18,297.7378640728351
69,24,85,4,61,12,42,59,13,73,529.6612692040835
95,12,86,26,74,80,41,76,30,83,211.78398231552262
82,69,84,64,70,57,97,55,26,91,567.8450532585572
72,24,65,55,65,98,73,68,84,89,505.8650619317457
30,79,20,20,70,97,88,84,82,13,545.8564624369078
34,2,77,28,71,15,15,2,4,24,313.44018702361416
40,44,86,43,83,61,88,23,95,20,657.999510933467
48,55,37,8,67,29,86,81,12,86,168.48959767341572
57,51,60,50,55,34,41,3,84,75,267.79532836333516
89,38,39,34,12,67,10,28,1,27,393.44331475763806
35,99,66,22,24,51,48,35,77,19,378.53713948256205
96,86,89,5,23,85,48,8,55,22,404.9878590452077
97,37,39,1,78,43,96,85,31,36,551.4217598096036
44,80,23,3,20,40,39,67,14,52,334.5395452686517
13,57,11,9,35,14,7,56,31,89,564.9256734873577
33,69,8,79,39,65,88,37,1,40,526.4354508477753
5,38,16,29,79,70,51,95,94,44,391.7374622789541
69,55,87,39,44,67,7,71,6,70,463.48754270335843
19,28,40,5,86,12,79,82,4,37,314.7203505974774
63,38,33,73,34,52,75,13,65,98,446.2579397007828
98,50,49,44,64,99,34,19,77,93,509.5676915958826
77,35,90,83,55,17,29,8,94,94,134.0040281342018
94,67,29,25,52,55,62,7,5,0,268.4241334257111
23,77,51,21,83,38,27,87,62,83,645.4838084537198
61,73,89,85,41,62,14,67,57,7,335.3367721837061
33,27,82,77,46,95,2,50,86,68,155.57720118139497
59,79,77,45,25,26,71,26,51,58,289.92936731692015
9,70,36,5,72,12,97,12,80,3,585.9454027471203
10,20,6,96,69,97,7,29,51,5,179.55806891273065
38,16,16,27,5,74,62,49,32,93,518.6460024583421
52,53,48,3,78,85,76,20,40,47,314.2065424953962
20,2,35,52,6,0,10,90,96,66,551.9827853886395
61,8,49,14,75,27,78,65,88,67,524.6105805386148
61,11,15,70,44,45,21,8,1,95,374.5680837706471
28,83,47,39,64,45,35,20,60,86,137.37369571807676
26,94,37,45,89,57,67,76,36,26,209.1921216977436
68,81,60,91,83,78,65,72,66,64,449.0908529731652
2,98,3,67,55,18,15,27,37,20,221.63137406302928
8,45,37,23,3,0,65,65,11,24,416.46010411599053
46,9,84,28,72,9,18,3,74,0,310.8803050278817
69,41,38,70,49,46,71,43,79,68,457.674900028544
6,97,48,17,26,78,24,8,55,0,184.07807173343193
71,60,99,82,17,26,83,6,24,68,198.0399970104771
9,61,2,57,4,28,76,95,11,82,371.4655406698473
71,57,0,74,31,30,78,45,9,65,316.34685677349194
86,90,69,95,80,69,11,58,22,39,201.73255858698502
59,42,98,10,38,5,90,26,7,79,463.2680156238885
23,2,19,34,54,75,80,49,41,64,608.2605223450992
0,18,3,5,33,84,83,13,77,30,518.4471471272439
6,30,37,85,62,98,7,69,53,16,359.6813129718081
30,54,62,57,19,77,64,96,51,90,239.0458223084513
0,49,84,8,23,95,37,26,23,7,167.364894500741
66,12,13,21,24,30,26,79,26,93,175.8142222285466
93,93,2,20,93,5,8,67,10,85,329.6044524223497
70,65,73,43,56,44,68,91,11,48,523.9408095998147
18,70,99,62,64,53,66,4,88,12,510.1578815494796
90,21,14,20,56,88,7,70,93,30,566.1086894571911
64,76,63,36,66,26,66,12,99,46,334.4787555751663
85,77,33,2,91,16,75,88,72,76,464.9795107850226
16,18,49,10,31,20,22,10,26,96,367.3851711613895
96,48,14,74,79,13,13,32,17,44,438.92046945682785
84,22,33,75,24,84,83,61,79,57,172.56248916409234
25,65,21,49,33,80,78,60,24,11,582.4714162027025
62,86,46,17,21,93,60,98,18,44,557.1989009521894
9,55,58,32,45,60,63,47,1,36,476.91481472511805
65,36,88,23,80,80,91,42,46,42,280.02123285106256
98,72,94,90,8,42,26,85,58,65,462.5674690310401
34,24,46,99,24,58,26,40,59,76,294.1356277615723
19,16,4,17,13,20,29,98,22,14,298.9367459432525
77,49,22,16,98,81,71,58,78,25,456.6438545272382
57,49,81,6,29,7,44,17,65,46,572.6246612870448
84,72,60,21,94,38,29,12,8,34,651.8536593085124
83,61,95,3,84,71,53,26,61,37,331.9657247769928
81,49,27,28,98,88,51,40,12,91,349.35942218575815
0,34,35,82,88,45,69,43,77,53,488.345244825543
45,99,90,21,79,22,83,17,5,8,428.7175356138973
60,16,82,35,86,12,52,89,34,17,455.4958250561802
53,79,0,1,29,12,32,83,23,1,600.301628383181
77,33,14,59,85,0,35,7,69,38,411.3113145487868
45,50,82,44,41,90,63,77,86,67,231.69532680441841
4,16,89,69,1,81,49,42,11,69,533.1826490471408
67,26,82,18,45,4,32,21,73,17,349.8014122346958
10,4,44,15,83,76,16,74,43,9,438.39799042544036
98,83,81,41,8,88,97,97,68,20,209.72632265292884
40,0,59,28,74,14,6,88,93,37,409.5477082580221
99,88,78,97,64,34,98,98,62,74,245.82463952609314
31,94,31,62,30,30,42,83,36,33,463.05795316801624
59,3,71,56,49,16,97,13,69,92,287.40125747804115
29,18,23,97,87,12,40,70,5,3,591.7535345301703
19,79,32,89,94,66,60,25,58,6,688.0817858565971
48,91,38,44,2,82,24,48,29,10,428.1922534622399
11,55,25,49,24,87,22,32,78,63,383.9290739162185
96,58,29,6,22,80,71,38,26,62,633.7729593860977
46,81,19,51,40,30,8,97,57,22,286.23205353777877
48,12,83,28,21,45,34,96,56,37,353.6408062609724
38,83,19,82,94,43,61,92,83,26,437.7904664852964
50,24,66,61,70,72,35,81,94,92,469.15392711498146
51,27,76,31,27,91,87,88,4,42,692.3626163840752
90,93,83,91,73,76,20,57,74,86,243.19046488715722
95,78,4,77,61,73,30,41,85,50,430.8755759048248
84,19,76,98,37,23,56,95,92,16,424.9953699091318
50,12,17,78,43,98,76,71,49,54,346.28266343466095
64,95,73,41,46,99,12,55,45,27,266.7919507778784
6,3,95,10,51,30,2,46,29,55,231.84871007904147
34,76,64,77,58,70,33,51,42,94,410.5223051156187
80,50,89,32,65,1,50,47,34,63,356.9516205354569
44,9,65,90,63,61,69,27,77,97,521.803846362354
29,11,79,4,97,17,76,63,19,78,375.00986446592805
27,90,4,83,20,86,89,37,40,61,212.65758495247724
48,94,37,98,51,13,5,93,72,63,594.746448431908
75,3,34,51,20,60,86,94,19,63,248.16612824176957
0,88,91,44,46,44,23,58,44,42,335.2134530210615
3,8,75,13,95,93,30,70,41,62,270.8434305372016
2,55,65,0,2,90,28,35,51,39,399.0394174764794
84,71,46,63,38,20,31,19,58,84,431.8826833210501
67,76,10,50,47,16,86,16,1,61,387.69393888164194
55,88,32,14,24,40,30,27,2,93,447.51492361689304
8,68,79,81,20,78,24,15,6,92,179.9767227738879
3,33,6,94,25,78,71,1,48,11,303.0044346824976
61,68,7,83,22,18,57,8,31,51,247.08311193059518
65,62,43,27,30,60,96,34,55,98,340.7515935918787
96,85,37,48,8,48,66,1,80,27,313.3647372206295
57,50,7,18,12,92,44,23,48,9,174.43822789609735
68,45,91,42,94,73,23,77,64,88,678.1084511169049
84,6,61,19,69,85,89,32,12,33,495.8689408701398
92,94,20,26,82,13,69,4,15,65,419.60234640440103
46,30,8,34,41,24,32,91,20,67,309.24792180369286
89,62,85,56,67,50,80,93,80,79,322.1645953144587
13,60,59,16,51,48,45,93,17,93,470.0741180413875
45,46,60,37,78,58,48,67,4,24,295.6846770337278
63,3,33,75,87,44,68,44,35,74,402.23047686559244
61,40,6,45,4,94,5,60,60,2,459.33053943829935
3,59,56,98,19,59,43,90,6,53,294.65888401158696
63,86,9,12,45,11,26,23,43,68,490.1686421363172
30,22,80,30,89,31,92,40,95,60,167.8562988311956
94,22,19,52,53,63,90,86,90,9,565.8279414655253
98,71,47,39,86,1,33,54,96,12,287.1385734701192
43,61,50,53,61,96,77,65,66,6,386.0881455993411
21,89,14,96,86,6,46,82,14,96,456.44279292967593
59,30,94,68,71,45,36,46,77,24,529.6547554479223
57,12,88,57,7,17,77,91,37,51,149.25792991017332
75,11,86,12,30,44,42,51,38,92,489.9984575779677
14,69,29,71,50,98,76,0,26,84,494.2490819339623
37,69,67,97,92,40,28,24,46,74,302.24193216318963
94,38,5,76,37,48,14,1,12,34,475.57401365297545
99,88,43,36,10,65,60,99,90,92,334.2536015805965
55,88,3,32,13,65,5,49,94,45,246.46669431930877
8,66,64,11,85,56,44,72,19,35,522.9006384111143
35,16,75,93,35,3,12,92,32,88,254.01995399519475
77,20,18,70,64,60,73,42,55,93,431.19706852125506
83,88,30,3,70,75,17,28,62,37,442.23509963765235
34,7,63,80,79,68,0,5,44,69,372.2949479526415
94,71,87,83,88,37,45,61,92,55,432.97821586182636
99,65,20,71,64,58,62,60,66,51,515.3000495174706
93,56,58,45,51,23,64,21,79,64,552.9494368774534
54,9,51,38,33,93,37,99,69,94,444.6503747318533
43,29,38,15,41,60,20,57,56,83,232.42789843166432
29,62,0,85,79,37,58,46,97,29,328.6197883804584
65,9,35,9,59,77,99,78,44,25,548.9117638949542
89,58,68,54,2,1,89,6,57,57,442.15837647989065
93,44,8,69,90,68,30,87,23,77,488.8858309477472
74,58,27,92,2,82,80,17,23,6,494.7151962288345
85,33,17,36,17,2,53,13,61,83,264.68978123325127
46,43,3,65,89,49,64,26,32,38,217.20390879289937
13,6,70,35,58,14,47,24,2,56,670.6724412314941
44,5,98,11,71,25,7,26,76,68,93.88981647196323
67,27,67,24,98,46,30,14,10,73,232.04013821124155
27,94,69,6,95,58,42,74,55,4,455.79446824113694
67,40,53,41,94,90,98,35,18,32,286.61443020085426
9,9,65,64,82,4,32,59,51,61,525.7889963662368
96,33,44,37,9,50,69,91,68,61,129.14111748799263
52,97,19,66,50,88,5,3,20,58,375.7795038615662
92,48,97,47,14,10,3,37,55,83,503.87789938618994
9,97,6,30,45,68,14,17,49,96,348.239573185594
47,29,48,68,70,69,46,11,23,70,570.6738870470489
46,97,93,81,95,90,72,26,92,9,231.77047757936538
33,18,24,51,53,93,18,78,27,54,379.2321191681884
11,36,83,88,5,78,49,91,91,83,384.0247370597365
52,21,1,91,26,49,78,13,43,51,242.4643125784352
29,8,12,33,71,93,42,99,28,28,244.71397088791915
21,34,15,40,53,41,51,69,25,89,296.8854428097185
64,8,98,95,51,59,95,21,95,58,440.57804631109775
87,27,13,69,5,34,41,63,18,88,366.1119269717041
5,94,84,69,4,13,38,45,41,62,630.0752290440652
62,79,71,50,45,88,94,28,7,15,506.4511355826527
74,18,93,95,59,38,32,73,78,52,390.8686251151395
45,48,85,57,13,79,18,27,31,97,284.52594894985225
30,18,86,38,97,94,32,4,99,57,469.32234395603865
39,35,30,20,8,66,34,81,36,95,290.8104408537092
67,89,92,38,87,40,16,12,10,7,456.1181313142958
70,44,84,23,67,86,58,66,48,79,498.72526050845863
77,99,51,79,85,62,73,59,43,24,474.35049513490736
19,65,85,73,78,96,70,77,98,92,489.3472872836476
48,24,56,97,47,13,1,9,5,6,443.68691351743234
40,47,7,95,69,52,12,67,95,97,49.6582566268425
79,93,51,56,96,8,46,31,22,16,513.8213353330666
63,34,0,76,83,27,29,51,24,13,625.1226541786577
49,31,96,62,96,4,67,58,29,34,364.9610798747043
59,32,52,58,58,95,42,19,13,50,577.8997560012556
28,62,92,69,13,70,7,52,81,86,319.38741961668046
21,54,72,58,92,97,64,76,79,69,380.08713311282963
4,19,35,52,38,44,2,96,25,47,207.3620572915599
12,4,84,26,89,21,12,43,87,48,392.1752878086036
46,67,9,3,83,56,63,68,65,35,429.3380964702327
16,96,1,31,42,91,52,32,61,29,527.4822139099115
74,26,84,54,38,54,83,63,72,43,410.0185772754791
14,82,34,7,5,34,78,13,77,96,368.6985475311694
40,75,53,48,34,92,98,34,38,71,153.60298741288372
81,59,12,40,45,65,20,49,25,74,243.9879207685554
15,55,87,18,14,29,33,6,66,52,516.2365121619493
78,62,99,64,67,15,0,52,20,33,567.5180456504443
20,43,32,57,11,64,48,15,43,16,407.2378118409911
25,27,98,28,23,63,80,20,4,73,304.0132830310182
94,11,88,44,5,82,39,38,2,60,493.007735908662
24,56,29,17,41,72,72,92,94,45,381.61504455467025
13,38,99,38,78,60,55,94,31,67,574.5080664745142
88,99,60,33,30,56,28,46,80,15,231.0098625872621
8,96,3,90,28,25,98,17,81,97,453.55573212108754
64,7,0,17,49,15,94,65,16,17,560.1968809124298
61,54,3,45,26,50,69,33,79,56,179.23768147713415
68,59,78,54,87,76,54,84,30,60,373.4945953774125
7,32,78,34,2,1,49,94,75,90,489.5887785945098
83,18,74,55,24,33,30,91,43,61,283.071378142031
73,60,10,97,64,90,50,19,9,88,447.9378768657777
68,19,12,36,42,37,23,41,56,64,297.09834831146424
12,85,79,39,86,35,30,32,91,22,249.24881679377606
78,17,60,11,95,71,10,23,99,91,365.3564786104379
8,36,90,37,23,55,42,19,73,42,352.60046386564824
44,81,95,17,24,86,69,66,22,3,162.85638096267138
3,58,12,10,92,9,66,9,38,37,118.68904154447517
64,65,69,47,38,42,90,6,59,20,492.1202996430633
9,85,44,29,95,62,66,23,50,41,415.58300322270776
40,8,53,32,88,18,25,91,48,29,314.65123288840016
83,55,42,26,40,57,5,58,46,66,483.42117345443603
96,89,60,33,86,44,75,8,28,83,271.797246892571
59,62,39,27,72,24,22,55,37,0,363.0662343369886
50,28,36,69,34,29,77,34,31,65,364.0663098230176
3,60,78,54,12,24,84,13,53,49,133.31808658471627
5,73,47,95,85,18,78,47,71,30,258.9797135634834
62,62,87,27,2,47,37,10,68,42,497.7312057398206
7,96,40,90,81,77,47,8,9,35,497.0651763543141
80,11,81,83,99,81,53,63,13,50,532.5985269750529
2,50,48,34,74,94,25,57,13,81,330.50541359828935
61,66,86,53,19,73,18,70,41,4,581.7144417521449
79,45,10,99,68,47,49,2,30,30,542.5305419719873
67,81,21,91,55,60,50,75,10,48,118.9603615640832
41,74,55,99,52,2,5,33,67,84,513.8622345194694
51,63,35,15,8,95,54,59,7,53,524.6341081571115
37,32,72,22,67,17,94,86,4,25,615.6975546505389
15,32,14,34,93,17,83,25,81,96,488.67860571590313
48,95,4,23,88,78,92,55,8,89,485.54996391166446
14,48,2,94,74,18,45,37,31,43,327.8961396197839
91,51,90,82,98,41,73,26,74,54,222.789954309358
2,57,68,99,19,32,61,93,88,75,458.82258390260165
43,28,12,78,4,20,99,2,94,99,353.8795908546197
35,57,34,32,22,5,84,53,63,65,451.82877491233154
67,33,31,26,55,26,7,89,85,93,237.4219038441576
95,79,73,46,23,6,59,57,30,76,536.7262204805409
11,46,81,2,52,4,6,20,91,88,528.0616728241871
46,46,47,55,2,81,91,77,84,72,545.7750686412371
91,59,86,88,99,82,5,34,4,38,307.37154128063895
10,67,34,96,82,54,32,61,45,92,351.7642142583225
61,66,83,92,50,7,94,88,62,64,429.9714417490235
82,71,91,63,45,62,6,31,28,17,706.7057731269618
10,62,37,1,27,45,51,45,89,86,390.7752698457492
51,53,57,2,4,98,15,84,65,31,584.6946561398523
20,15,22,60,32,76,1,30,60,55,295.54095230150233
93,74,14,98,54,61,86,11,3,75,731.2162409783098
92,58,71,70,29,43,24,56,69,67,165.00894882622583
1,96,24,22,5,32,67,91,16,41,493.04977550692934
85,55,68,31,49,92,95,96,74,15,324.1729154724766
75,78,57,7,31,37,68,22,85,92,300.2460451437796
50,88,51,78,80,42,4,4,75,93,288.100473004419
22,31,50,41,19,1,39,31,71,71,341.57164567873144
44,18,60,88,36,3,19,21,54,29,499.9533909155052
81,70,82,65,17,1,55,18,34,40,263.27334221128945
95,75,66,15,13,2,78,43,90,79,510.85192781122396
11,99,57,31,7,32,56,93,33,47,566.6889023075719
20,97,50,18,51,56,38,32,1,56,334.71410682733443
23,60,94,68,28,68,29,55,62,38,406.54058737634205
24,8,65,79,2,7,78,48,49,37,659.2815951594298
80,68,8,91,88,47,8,73,91,61,557.0389459513092
92,24,50,67,99,27,83,85,47,65,226.86148495215312
60,25,35,1,91,5,78,99,13,3,550.0614771130452
36,65,57,86,67,73,30,14,18,7,270.5554325907159
51,41,11,43,76,63,40,77,42,28,510.2989970835353
5,28,71,13,86,52,43,73,91,77,344.08296165150324
4,33,72,33,3,87,96,46,64,7,419.562604626253
49,6,79,98,72,3,24,67,51,36,470.5544075320545
63,58,22,56,85,70,31,52,41,44,287.60836846352873
42,43,82,40,95,41,18,56,75,36,235.04125878180392
89,81,10,65,69,2,4,38,46,3,437.6576529278203
29,61,64,53,64,11,48,12,7,78,365.008525535058
79,37,93,99,88,39,25,67,24,49,388.2945629052226
50,55,47,91,91,33,8,78,91,37,337.81221534617157
15,38,23,0,3,91,43,56,25,4,480.3468867486279
49,28,80,63,28,93,1,17,81,84,390.44621790724636
79,18,89,28,83,96,33,65,47,0,336.2096201583999
9,73,46,42,37,10,30,53,36,96,405.88159073787796
68,51,56,43,31,62,43,31,95,19,392.7330269145798
66,73,43,85,28,28,13,57,24,94,432.7795171836969
38,19,42,10,51,27,86,77,91,13,648.0030660581929
32,55,37,91,63,11,39,25,33,17,442.57827873053066
64,59,51,5,97,31,35,84,27,89,325.99076244847276
40,34,10,75,65,47,53,29,33,30,527.711354521155
99,67,18,21,88,52,38,92,85,21,410.2715260448151
15,9,5,89,80,24,10,78,12,95,245.62473610209443
51,32,38,3,77,55,87,71,62,10,422.3677932617774
28,23,14,42,44,93,61,91,5,88,408.2447265338889
54,69,91,51,6,51,8,85,35,1,623.3016717062508
34,69,40,62,51,90,5,97,33,85,525.8756442693837
58,78,49,91,26,0,38,96,19,64,317.2494588423961
76,83,89,62,23,92,9,22,3,70,383.0983401819279
85,34,89,55,25,59,53,66,53,45,359.99993149891196
30,48,5,3,89,8,75,50,82,18,279.13427791429126
35,93,55,31,36,43,46,95,68,39,577.55177819039
7,50,23,77,78,4,40,96,15,41,496.6147231617666
54,37,73,8,16,69,53,62,36,40,371.8864198093814
19,0,74,27,82,32,32,41,37,18,419.3913816048946
99,40,57,65,40,60,87,65,75,43,326.26097351836177
8,67,80,58,67,21,53,78,10,51,421.6954424099482
89,33,36,96,97,56,16,4,46,69,400.7308028792637
81,53,96,31,23,40,22,42,61,47,422.88640564642145
34,7,99,42,8,13,73,2,96,2,583.1914623656165
70,75,87,17,95,39,20,94,38,92,267.24518021845984
91,87,22,37,50,33,75,57,9,81,234.49070601311698
45,61,94,76,3,18,52,58,28,70,510.2805040067765
35,27,85,56,42,97,30,19,79,40,387.0210712988157
10,86,49,91,89,93,24,5,40,43,280.31883569780143
61,41,57,93,83,48,67,80,44,13,380.12191798706465
97,37,76,46,74,6,75,32,86,20,495.0681556230703
88,91,17,1,87,79,12,86,4,52,588.0962475349254
82,41,92,61,53,61,8,78,90,37,563.0690168863566
5,10,3,99,61,62,35,18,72,97,401.7308244776084
55,17,24,54,89,99,60,63,42,91,364.7362781308431
31,19,96,27,67,56,72,20,62,60,225.87897109386594
54,64,96,5,13,77,13,88,12,18,346.4662999120478
52,62,11,95,24,51,28,14,89,47,52.73473770672706
12,5,42,24,71,82,48,19,34,6,355.7102256915914
17,69,85,72,42,61,87,80,85,52,404.1171735896265
42,71,70,55,26,8,62,43,68,12,236.53361050413193
3,35,40,19,46,50,62,0,34,88,212.93028131419382
63,18,20,57,42,86,68,92,27,80,638.7600344721368
51,73,35,34,80,77,57,44,34,40,166.42485167023847
44,64,19,49,89,58,5,72,61,10,412.5538420698594
35,59,80,4,89,65,26,16,6,7,86.26938430167911
13,52,97,36,31,46,20,33,92,90,397.0618778995059
91,81,11,91,2,88,20,88,48,13,294.74584820191916
91,4,95,25,97,97,59,40,55,72,224.47147447998987
22,96,44,16,57,6,68,10,7,47,528.951151149307
93,83,6,82,2,18,62,13,52,59,146.14001549145274
66,51,77,61,40,17,60,86,37,83,472.5866794459624
45,33,94,52,48,93,27,17,55,26,629.6185488841651
66,48,91,33,73,41,25,22,35,94,481.3701155178467
95,44,51,81,2,53,31,99,76,79,612.6738077966601
11,57,39,19,54,6,20,40,1,73,557.7188621301772
50,46,26,68,44,31,64,11,5,92,573.6575343376259
9,31,29,17,24,23,63,38,24,76,313.76296093966937
51,52,37,90,59,88,32,9,16,88,484.498485491226
21,84,30,57,15,74,64,89,81,92,420.2555385236037
15,98,36,83,1,29,65,96,7,60,362.37663131355254
20,70,62,62,43,25,86,69,63,30,381.96907807553674
42,1,92,15,7,58,35,29,48,4,381.97809438015577
51,24,69,86,82,11,3,55,46,31,354.82015864110997
32,74,93,63,62,39,46,74,66,37,352.6342639796517
86,64,59,7,99,30,83,16,60,36,355.41810293282504
65,84,48,63,38,67,49,9,81,12,359.24902494882946
0,52,66,43,4,9,62,82,13,72,481.229218247478
34,69,24,70,58,99,15,54,94,86,315.2160920960582
39,76,79,37,98,77,61,45,11,19,113.18692751097922
24,73,97,71,97,99,70,14,5,40,377.35805165283
79,82,98,21,43,81,11,68,95,50,486.70837265892646
85,3,62,89,45,60,2,59,30,77,362.23316331728483
16,63,72,96,22,49,5,11,60,72,697.2082799199738
8,54,9,88,32,17,7,98,78,42,440.24898188255304
65,66,20,10,45,46,35,51,37,5,609.7365006970572
87,74,48,5,83,78,29,70,64,61,507.43919208183604
36,72,20,15,20,20,78,3,55,91,417.6422187089116
27,28,58,32,80,19,71,65,34,15,120.33723235097136
11,40,56,68,39,30,79,39,38,35,577.0942778056856
75,2,63,61,29,80,71,34,14,53,525.5430629981931
88,51,18,70,31,4,53,55,47,67,258.2041909873521
41,6,71,59,47,35,76,48,96,74,552.2983199935542
27,79,75,11,25,33,61,75,37,9,90.11454891398137
50,2,1,69,70,65,7,9,19,69,585.3274149471426
48,53,16,21,93,23,30,14,71,34,557.2548124769032
32,56,37,36,50,32,89,52,2,35,336.8039149487825
17,35,48,37,21,52,17,80,23,51,257.389545492131
30,74,76,80,31,5,60,5,58,87,367.03575783749454
96,90,28,98,91,20,12,13,29,68,268.6403611324842
39,57,76,64,42,23,17,13,58,40,375.5523329964538
17,76,25,9,20,60,57,70,50,14,291.6184922044198
10,58,92,49,6,7,85,43,32,89,431.470074411901
28,35,17,41,24,93,67,48,87,5,133.24353901877475
63,9,75,55,90,57,86,18,20,40,426.02227303556276
87,97,44,30,89,27,27,96,68,64,316.8955891908743
35,34,36,75,85,3,53,37,2,28,451.46023212659566
85,20,75,16,7,29,62,89,47,77,404.5037380912479
82,4,55,24,30,97,38,31,19,9,500.9037502916284
23,82,75,8,46,54,55,93,73,9,364.70864672985783
23,79,11,14,50,39,85,88,9,94,480.9191304486253
50,21,41,30,78,23,76,3,95,93,566.4217268707501
57,28,35,15,90,30,76,45,18,44,332.91106977577823
3,96,36,98,86,99,67,35,44,40,193.99561780662094
50,47,70,31,19,78,34,30,43,8,521.2843635669649
22,94,20,36,29,10,81,37,84,27,618.0310146500374
11,44,29,97,21,85,62,65,4,1,628.4829665772284
89,88,25,63,60,70,70,16,98,54,549.751100414034
90,0,21,6,27,61,13,22,54,97,659.0269791664302
94,16,64,66,61,86,87,8,17,71,311.2351422637248
42,76,27,77,88,50,70,92,15,36,547.6353440495008
84,48,19,44,93,10,67,13,76,45,282.3957089222479
63,46,11,76,4,54,75,7,79,65,578.6658722349003
22,43,98,49,39,69,8,76,8,2,545.962843302555
19,95,29,73,0,82,26,93,85,79,410.71413951941565
87,41,87,89,2,16,77,17,15,49,449.43370155793616
42,28,91,78,12,83,66,81,7,61,275.87357705471663
55,72,83,39,30,87,96,86,93,27,260.7899722218431
56,92,7,83,33,65,89,1,1,53,425.75117996875474
70,54,32,70,3,59,91,96,10,3,278.4823324862583
74,55,57,58,54,83,74,17,39,1,601.664270402852
83,94,27,24,63,18,17,77,0,43,433.71505482150155
95,65,53,18,68,53,83,81,50,15,220.12337724504692
34,46,82,76,83,87,14,48,1,7,499.41483540956335
21,19,18,3,62,51,26,37,45,53,176.00547040403023
71,52,25,63,14,32,72,28,65,85,359.66674992050054
5,85,54,71,48,67,84,60,60,48,542.0988386476466
30,62,4,72,37,36,39,90,15,17,302.1725552343681
38,65,29,39,56,82,82,36,91,89,381.83389987002494
27,73,50,96,12,10,57,63,25,4,262.30993914014545
27,59,33,29,41,59,18,87,64,90,147.0141830266076
50,97,79,20,87,93,27,20,85,15,336.65281876510426
96,88,73,13,10,18,28,25,13,43,211.20760520997035
27,75,79,58,99,73,28,48,68,94,96.64098627289837
44,50,34,80,14,19,15,83,62,3,389.33359304975784
84,4,46,90,75,93,56,41,63,26,559.5699738151039
7,21,79,62,5,67,98,55,67,18,271.26840381652784
2,79,60,7,70,20,50,87,33,18,398.42032611165683
94,45,54,94,34,89,23,58,28,91,333.3523815146484
19,56,84,4,81,18,43,76,94,66,157.81444705423962
25,7,2,24,20,37,24,4,9,41,188.48193376265442
88,71,19,69,47,67,15,69,23,52,603.5706666949923
52,17,79,22,46,84,32,98,21,19,219.34771986523234
42,43,90,88,27,53,35,79,62,77,502.3497791042506
0,31,67,54,0,34,65,92,9,98,307.31639477845965
32,89,89,14,24,9,59,4,16,63,522.2803750308982
48,92,31,14,41,55,36,57,77,45,583.1225376348697
90,12,92,41,57,46,46,65,28,11,330.438999670477
86,4,18,16,77,34,51,69,26,89,399.2395844177306
43,22,14,30,60,60,14,57,77,30,573.3242831874942
59,3,87,48,88,76,16,41,70,22,315.1963842545024
14,21,35,15,52,4,25,89,19,66,460.56819841083137
98,69,85,1,84,90,21,53,0,49,388.6722680342618
30,24,93,66,90,72,94,40,46,25,501.8333867085479
48,26,60,18,12,1,36,8,25,26,164.81516694600617
55,69,0,73,97,8,64,7,37,64,377.93550861957965
62,50,22,62,49,53,43,85,4,19,286.66796648767973
97,49,76,80,80,10,93,61,5,47,224.08916630495492
31,91,99,55,72,27,69,70,41,21,547.5409963284887
84,90,9,64,54,46,88,67,16,80,580.4973950192026
59,32,92,28,81,76,8,42,70,62,460.4878617254793
76,67,8,61,73,93,49,60,50,72,449.44219942000683
64,44,48,67,94,30,89,28,77,86,614.391847338655
22,45,78,2,87,72,52,10,30,75,694.2164511824412
49,63,75,85,34,4,15,11,20,27,603.0977470784115
77,72,24,33,57,24,37,3,82,91,220.39529550840672
17,27,58,26,14,77,29,65,42,49,356.20975685302454
0,7,71,8,93,43,34,31,43,27,321.8854446517248
25,36,87,74,99,41,9,54,71,19,227.35055927177575
58,20,57,52,0,39,86,37,4,36,304.1872627520204
51,91,75,2,89,37,35,8,79,99,360.268356754945
98,39,37,31,73,56,73,29,83,93,259.5100784271128
17,40,61,5,3,22,51,64,75,41,535.2648072586912
34,83,59,96,41,15,67,50,64,45,170.0131328823047
23,98,83,87,20,26,18,25,31,66,333.07609465814477
91,3,49,37,10,15,90,31,34,38,229.08357250037795
27,84,93,15,10,60,54,44,47,13,202.24003975053483
38,44,48,73,38,87,95,26,97,1,396.655544242562
89,92,68,29,18,59,84,57,48,20,465.90960437576905
61,82,79,22,60,26,42,19,41,85,411.71958942718913
69,78,82,87,57,71,39,58,57,12,409.2372631371711
92,74,46,90,82,28,49,7,4,85,464.8608004157978
74,47,33,73,75,57,17,11,75,36,498.33317600967524
2,66,53,6,24,89,58,26,13,3,476.6083643398637
16,53,81,2,15,50,9,93,6,87,301.1524726617887
81,40,3,17,71,19,88,33,19,33,496.66437703610586
37,71,14,87,94,94,50,74,15,14,773.9868334226096
9,75,48,82,99,34,41,94,91,85,134.21002667258398
86,44,10,86,77,62,71,35,65,67,591.0566080363427
56,34,49,3,48,96,13,77,59,86,553.3204367162729
88,88,9,32,53,58,93,86,15,37,430.38495461485184
39,50,36,67,13,9,3,43,63,29,236.8860949414047
35,71,66,71,35,1,21,68,69,73,353.9640197985908
33,61,59,4,57,47,13,68,38,78,381.27185136343957
88,19,51,96,30,9,18,37,72,56,381.69196534634017
60,86,36,14,39,45,25,13,88,73,512.9499701222236
48,90,56,69,52,84,38,64,57,12,254.41803955432152
51,68,79,37,63,75,87,87,55,92,462.694495296436
54,23,53,13,88,14,6,91,21,17,590.0772478020249
92,35,89,43,54,35,7,32,60,90,269.4008298495395
58,87,33,79,26,88,36,34,43,57,362.3289642372213
96,35,73,82,43,93,63,36,74,44,111.47753525709845
96,75,18,87,21,34,96,52,52,55,244.4254010425155
43,23,90,90,30,38,25,0,59,67,401.13729196288944
85,20,24,97,86,12,22,73,79,43,334.7667477224204
83,67,8,94,47,83,91,97,92,93,704.8678757910463
66,7,44,32,88,73,17,9,13,86,313.2635652761807
19,79,73,93,69,50,86,24,11,41,293.2143993930914
0,51,64,58,14,28,76,79,61,27,452.5745400256303
31,10,86,88,46,79,32,48,22,85,479.7269072143086
70,40,84,85,27,72,77,67,30,65,529.3795714211775
95,64,32,61,30,41,60,99,10,71,253.63932523770205
97,89,91,39,31,61,71,0,99,36,392.1518186570089
12,7,10,78,54,64,46,74,59,53,492.1767539535019
72,13,80,12,42,55,81,57,34,17,593.2778122051345
33,44,39,23,41,41,4,62,80,66,312.6596394686759
42,20,15,92,6,87,35,40,31,71,316.8236482190427
52,65,91,60,44,93,35,46,98,67,425.02245157910534
3,56,64,10,15,96,46,98,73,51,256.2134236376254
89,28,68,70,16,41,27,62,6,48,443.7295594466834
54,30,19,70,15,1,90,61,47,42,166.815217671977
44,96,66,51,28,73,43,83,30,41,356.661462135912
79,94,81,39,4,77,39,29,12,47,382.64996030169146
8,86,18,27,3,73,23,42,19,49,492.2040814147487
58,3,88,4,24,72,65,88,48,3,248.16195593403523
20,48,7,22,1,13,50,27,74,21,375.4319195853818
69,90,36,45,74,12,36,67,58,61,329.27897829106803
83,5,76,78,32,12,36,94,43,57,336.64945749337915
48,41,69,87,74,89,15,25,24,31,441.87880110775245
54,26,28,72,77,11,83,3,79,37,158.675103888355
83,55,10,94,21,36,18,60,37,82,498.79668328073933
54,97,23,37,76,16,43,9,33,31,178.83265703512402
89,38,1,10,49,42,12,83,44,2,498.177387342316
43,56,8,90,37,97,54,84,5,57,462.92351435725675
12,18,62,33,86,8,22,91,50,74,247.9840984306468
82,27,20,38,73,46,47,39,33,39,620.6830922175435
99,75,0,47,42,93,14,50,61,88,461.7943645952995
96,71,72,96,7,44,0,95,22,78,484.3575815935706
5,0,83,91,92,8,39,95,15,65,298.8818113837691
22,95,46,92,6,2,98,20,58,42,537.3932439435252
33,60,46,32,39,54,20,54,22,63,378.8431602973558
13,8,62,67,71,41,13,51,15,32,354.8364397239275
88,11,31,5,92,7,92,28,67,11,556.8069333320301
94,4,52,25,33,33,68,75,67,99,288.8160475255138
64,71,93,91,63,49,34,6,86,88,477.73412974156196
28,1,82,92,55,86,74,32,2,57,156.94006503017306
17,48,62,33,70,53,5,22,80,84,497.03903809197254
16,82,94,98,56,98,56,41,32,96,529.9631185659429
7,63,88,31,42,67,63,35,32,5,492.07485555100175
49,13,41,37,1,84,42,2,1,63,434.17367879306926
31,12,9,65,7,1,41,79,30,34,257.2490631704201
0,75,24,97,11,34,49,6,34,68,329.47342211751567
7,79,11,12,2,4,7,57,3,87,568.8635241831968
6,71,91,34,43,59,46,77,58,7,371.3583785496721
88,57,70,25,61,16,60,44,19,98,244.82123364910967
87,50,95,59,32,23,72,90,4,85,234.55609759420616
41,71,29,14,99,36,31,95,5,79,414.5324517991265
26,63,68,28,21,59,20,71,27,68,659.8978702486247
63,49,21,92,10,6,43,45,56,73,360.79932504223933
10,86,67,92,23,65,77,50,39,85,302.7005377496522
85,21,32,14,19,29,76,65,57,2,632.5714490997666
8,17,26,48,29,19,74,73,85,20,568.5462061516679
43,90,36,65,62,25,5,59,21,98,408.63379511769546
57,6,83,57,20,38,77,44,82,8,206.65367566972535
5,75,3,52,85,77,34,97,27,97,265.7401322444373
6,22,85,53,42,10,60,79,75,80,442.5079106679939
88,27,18,27,2,79,18,7,56,49,435.5144696450177
93,65,66,77,39,1,6,86,38,87,520.6267349240592
6,27,94,64,78,97,93,80,94,17,669.815050238803
5,15,7,50,36,86,83,59,18,38,216.33835367237674
22,6,84,69,66,41,87,89,38,5,424.17018505263434
46,98,79,54,15,52,82,75,83,58,147.19943307312133
73,95,76,97,53,54,43,96,87,0,422.34265719545283
67,42,28,94,95,60,32,79,90,28,434.65732439643193
4,64,7,5,67,90,61,84,56,13,218.93555951300283
84,20,83,31,98,40,98,82,41,21,381.99435656011644
0,65,94,83,13,90,93,44,97,19,339.2478933796626
84,9,7,18,93,65,74,42,61,87,157.64517027322648
46,90,51,61,24,25,73,52,41,21,322.26181540122303
62,87,9,36,8,6,5,25,61,29,476.12285993077967
92,72,30,57,16,5,71,31,88,43,570.6385841671079
11,36,74,15,65,39,66,22,46,58,379.8153948846715
34,99,31,51,79,62,30,53,39,30,438.47700723658454
53,25,8,95,86,51,65,15,80,36,270.2025210263214
62,14,46,78,91,83,37,21,30,79,463.10119343503345
98,13,99,34,44,5,16,40,59,72,208.27731150592848
28,90,43,78,2,50,43,89,15,94,327.2672642346038
9,28,53,59,54,36,40,86,60,64,348.07703814606026
0,11,17,47,0,7,44,23,85,46,472.1112110434283
53,27,87,1,23,18,90,57,8,18,165.82361126550586
35,12,50,36,55,89,45,87,61,23,140.91055697546463
25,18,93,44,49,69,1,37,58,99,263.49511681956653
78,38,12,83,91,52,47,89,63,12,287.0167056115943
56,96,40,78,95,30,88,20,74,85,292.9755865169237
19,54,15,76,84,56,83,3,22,68,298.0528030819456
14,37,92,60,13,90,39,96,95,92,546.8905807018108
52,19,52,33,94,45,10,61,61,46,291.061199909315
88,99,91,59,48,73,5,49,84,74,444.7502825219442
76,71,61,16,32,4,94,25,48,68,615.5941653302709
35,81,8,72,56,80,13,84,82,84,453.52108619163414
10,93,84,83,54,82,56,27,15,80,560.9054981173654
37,89,32,45,67,1,53,5,40,24,425.52064172441453
14,81,40,71,86,19,73,55,70,21,338.86611794879764
28,35,55,86,0,69,1,69,70,11,322.67139245049765
59,59,83,14,22,92,50,23,49,32,427.69380434654926
65,81,31,90,86,2,79,51,49,32,457.3783464219136
70,30,32,89,29,92,82,79,51,24,326.4912387914122
14,96,57,25,11,73,41,84,76,90,322.5435097537526
28,10,39,28,28,36,39,68,41,96,208.03758380468997
22,77,60,20,43,54,29,13,39,61,308.82353228962256
9,50,44,28,1,38,15,20,45,33,342.70421770430005
46,58,58,65,38,85,20,57,65,36,210.66287268636378
78,54,73,25,80,74,32,65,69,76,154.3446928953102
12,63,91,22,12,62,35,78,31,64,457.3668726687447
32,18,24,90,54,71,17,86,7,39,615.4477725588486
39,37,36,38,58,12,60,67,39,48,537.8886486673482
42,36,52,61,61,15,7,70,28,8,412.0927338878207
21,62,92,66,97,16,69,17,9,88,289.02191165109247
22,20,53,99,58,31,97,92,30,63,527.0108015732517
64,22,85,97,25,92,40,61,93,82,150.0884357000387
71,2,35,8,66,16,8,55,31,18,319.41000967645954
10,18,55,57,5,91,14,1,24,5,406.8438676625737
9,7,23,33,84,40,74,85,17,32,444.80494624263565
43,61,4,97,43,62,75,7,36,24,242.29561449243207
79,88,87,55,97,43,46,36,10,12,278.2917772537878
51,58,73,95,19,27,41,10,39,26,343.99017323393036
23,31,3,5,95,34,47,6,46,76,435.2914449749405
82,92,53,95,49,9,26,91,31,97,215.87964345497136
28,0,74,32,48,85,56,27,61,53,206.52242135349852
8,47,55,44,83,42,38,92,85,65,465.0562677346208
15,2,93,15,90,13,3,36,36,93,509.08490835856844
95,2,48,22,11,48,1,56,21,18,402.2423557374603
40,75,10,58,49,7,70,24,17,75,381.3034500934797
9,33,78,48,12,63,31,44,61,57,218.16045996014054
24,50,81,68,78,1,11,57,65,92,520.5838760055826
17,89,70,12,94,27,69,16,39,84,599.024804397693
13,52,20,6,12,8,70,25,95,26,610.4068710276346
41,53,11,69,66,57,95,7,54,18,362.93454233103455
81,67,31,73,55,82,46,85,33,65,512.749000227246
10,62,51,42,77,28,36,44,72,52,373.75132967043794
14,81,21,63,29,35,29,51,55,93,506.1525392964538
80,89,37,0,77,3,28,20,86,35,133.02647798821954
23,65,17,63,7,47,9,15,95,0,483.99008155375435
35,70,41,44,79,15,72,52,64,90,297.08518788915046
22,44,35,45,6,37,57,6,37,11,610.3204856443667
86,38,65,57,36,74,9,7,22,32,583.3234569725455
67,92,88,43,4,20,92,0,48,70,362.5775662697061
1,22,62,73,37,95,12,37,3,59,354.8266735855959
26,23,36,90,29,70,62,32,56,30,614.7654380792675
1,56,94,56,12,91,17,46,2,3,500.39692751246935
14,22,31,47,10,87,24,32,64,64,381.3263925978249
35,41,93,78,65,72,91,76,60,3,309.6952493895603
88,20,67,79,10,22,4,82,85,45,197.76896451778617
36,66,32,46,55,91,19,87,64,72,438.27521891407264
16,13,11,71,39,42,86,89,29,22,305.88554912712766
46,48,44,74,23,42,12,9,42,78,330.52931536605263
23,73,99,93,35,97,30,30,74,0,231.48891796288356
21,41,59,68,31,76,71,52,31,43,393.6889239846755
44,17,99,96,44,57,93,97,61,51,349.34428859641207
31,26,27,98,30,7,26,1,78,95,335.25487564515936
88,71,48,68,82,38,4,14,17,59,489.5806460259721
66,52,28,7,38,42,60,95,36,79,423.8668921557216
6,90,67,60,16,44,27,15,52,48,539.2194608159822
99,75,76,52,94,5,99,33,55,74,570.5634282962635
67,39,25,90,50,38,82,31,9,18,258.91616368197515
40,58,53,1,53,25,24,98,99,35,216.18620585925208
44,70,10,39,60,59,68,21,70,26,615.6562489925612
26,42,6,74,17,38,69,22,10,0,229.4141309039912
86,11,84,52,68,75,73,20,64,32,537.9276562252194
18,57,79,11,81,73,41,70,56,74,133.7206641721147
17,78,87,34,21,52,86,41,42,55,421.1173947126726
90,82,4,62,14,71,83,83,24,19,447.0199162452234
95,74,86,60,99,5,42,45,13,63,558.6992018621324
21,28,60,74,77,52,96,81,64,69,224.35391056407062
28,97,24,28,56,99,39,56,99,17,307.27827967967147
43,10,70,68,19,34,24,22,20,86,358.75930930964455
22,71,28,2,60,3,42,41,9,81,680.0992597884529
0,19,88,80,5,87,14,76,69,72,110.0510694043445
44,11,2,8,96,6,27,40,11,47,378.47526208191795
24,34,12,88,69,38,49,78,60,47,404.0127907640878
89,45,73,21,82,31,95,32,48,41,483.7064349988126
60,16,6,68,48,96,51,55,12,53,407.41662229794485
3,46,58,86,80,61,54,73,98,49,257.08083561581606
28,84,66,22,87,6,35,67,16,16,488.28321679286836
23,86,83,74,20,90,75,10,39,14,440.7370069382578
79,0,83,80,47,91,29,53,69,81,340.9524976913767
78,4,28,37,10,79,39,60,32,58,319.0881418108323
71,70,27,25,9,6,40,94,62,91,278.5479582360622
63,95,79,76,32,17,98,73,47,82,364.8788394566591
79,98,20,23,34,98,79,0,56,56,317.16233502254397
58,52,82,77,84,27,71,99,67,5,281.17506808728155
89,16,64,71,67,59,50,80,71,71,354.8435462326189
79,93,97,17,78,26,72,39,36,40,381.0333362367823
41,91,97,93,3,36,16,41,91,52,326.8424736947512
74,88,99,15,63,13,80,6,29,64,414.81994603725207
11,96,95,59,4,40,82,8,56,61,376.2734829133216
3,75,26,69,30,4,14,83,1,4,272.32910170695254
41,81,2,96,77,73,10,29,91,95,192.75747885853025
68,0,6,65,70,66,35,81,7,99,240.67145311681938
36,62,55,60,52,37,33,55,76,32,375.0841094127807
64,82,72,66,93,35,73,71,76,3,600.369235413598
87,81,87,64,10,36,31,9,12,59,279.6936240350479
53,58,5,63,13,99,17,57,81,83,197.33394552186803
53,39,52,82,52,58,27,56,30,58,283.13961043855943
80,4,95,18,59,31,1,91,86,97,76.74000329947995
35,75,82,81,4,56,77,41,65,9,412.36804083690146
92,51,54,40,46,32,77,52,24,37,231.6228462132555
71,93,71,4,12,54,34,56,22,7,301.18876703545936
69,16,52,94,40,92,3,95,69,28,446.0040777325195
10,73,86,20,94,78,5,92,1,40,627.636066246344
63,45,20,87,35,51,21,43,96,53,545.926449857913
74,63,97,74,25,63,19,6,44,47,272.7163487747733
34,3,40,2,32,7,86,5,80,91,397.66755594857455
99,20,50,37,83,16,72,65,53,43,206.57282792978071
41,28,70,86,84,44,76,95,52,25,341.16684260506196
64,36,11,84,41,21,21,76,75,35,241.87583172138088
35,5,35,4,32,42,85,62,62,25,514.1992719767926
17,26,36,78,29,20,90,70,18,93,316.41086870333163
86,29,84,51,68,6,13,82,92,35,519.5146514978119
39,41,52,32,93,73,89,50,46,9,390.40658898592744
57,43,27,98,19,33,68,89,83,74,477.030274590487
97,37,75,76,97,42,90,12,91,32,419.4672362072068
26,53,70,16,14,59,8,26,73,73,441.1173508256302
16,9,24,13,70,49,18,32,81,23,216.7780847623863
55,31,25,10,88,61,64,56,65,14,407.1303233806378
79,84,28,45,88,77,56,6,34,79,513.3586695001584
99,70,39,71,83,46,31,5,59,93,520.9742759975543
43,41,55,1,99,53,18,76,52,66,335.40408508926606
14,49,57,39,15,40,4,1,29,10,277.7529170604497
53,87,90,45,23,99,36,42,72,18,444.14085691804075
86,8,84,61,54,61,46,55,45,12,514.2774878020554
3,56,67,3,45,32,25,3,46,34,461.2858589420466
63,12,20,88,66,73,0,69,4,8,398.84191899786026
48,1,65,9,31,98,51,34,75,86,367.64686286811036
85,30,44,65,51,36,16,5,16,37,453.09940828711126
86,49,57,47,4,39,75,83,75,71,665.7716808131856
52,68,80,47,64,31,20,92,68,44,357.34793227529605
5,32,16,17,94,86,5,26,8,51,565.6901683518782
39,4,8,22,61,99,24,73,21,32,358.6237534722947
57,19,43,13,92,13,42,68,88,28,291.05565575646926
43,68,12,23,75,39,52,80,51,23,274.5965497495255
6,75,73,18,15,23,71,11,17,47,256.1054299111804
20,30,27,88,33,54,35,58,43,65,562.8388366000714
73,58,54,66,37,88,42,51,65,38,191.63877650509997
89,22,49,5,22,11,13,11,15,33,685.3458868191528
89,5,87,33,89,45,61,94,85,15,95.2055422010286
35,96,74,22,64,31,19,69,4,39,424.6175964336559
64,28,94,75,3,25,67,22,91,49,403.45261103051007
35,52,2,81,5,68,30,39,62,2,399.7626459545485
70,54,90,86,72,13,64,55,57,45,395.71499965994303
63,45,31,30,82,73,81,42,34,59,640.3349599188848
93,21,8,70,70,5,76,95,67,70,358.29352579571344
28,60,23,78,17,28,65,74,43,60,82.36825077445104
13,8,76,80,6,53,8,49,54,64,659.5707375846926
16,68,17,21,16,65,81,44,76,31,449.09419740114504
67,44,66,84,48,72,32,44,32,52,401.4395131105783
20,39,91,71,22,13,70,50,28,31,569.417864817477
76,80,51,60,53,41,10,63,97,26,461.4460735666097
36,54,78,69,58,75,52,35,16,7,394.14044403335515
48,35,20,89,58,90,30,34,44,35,379.5324039856689
79,33,82,14,69,94,37,54,67,33,380.1400973058804
63,82,91,15,60,74,68,69,48,58,682.0571080603906
32,60,10,75,17,16,86,56,13,97,159.68146012266402
21,60,27,47,75,2,71,23,65,90,328.17700751116803
57,48,40,81,46,79,15,2,71,95,366.0159498333426
29,56,6,2,39,75,44,74,33,24,493.9629354006296
9,20,9,93,37,10,43,10,41,79,228.63220651650144
29,92,39,2,85,99,86,92,57,98,434.1147886867117
27,88,41,82,12,96,98,33,26,12,181.51144504659365
36,63,85,46,29,53,0,35,38,34,482.3472810811107
51,71,24,68,78,43,97,61,47,34,480.30074438506983
5,89,59,48,45,72,21,34,28,58,563.5666718777577
24,47,15,57,18,8,46,38,45,51,349.16712235209786
36,97,66,59,3,84,3,78,83,90,252.17624672622057
72,30,55,95,36,44,71,36,30,93,417.2596544764234
86,70,64,45,7,72,50,21,44,2,574.6840522331494
46,95,91,77,22,94,15,66,15,78,523.5354105259704
83,59,29,2,18,75,14,91,33,9,380.22664678712107
63,88,93,54,55,95,97,83,61,87,332.2188236267983
17,70,52,52,80,52,53,39,32,43,234.80840604532466
93,21,48,22,72,35,0,85,9,75,593.7641745561268
79,87,48,40,74,71,90,62,81,14,474.1633088035722
85,23,81,99,84,66,75,12,96,59,441.78440161836903
25,79,74,44,85,15,43,60,43,78,252.8491153386715
5,98,52,1,48,92,78,9,0,74,469.9195042390141
6,17,99,67,88,75,77,63,17,24,497.2533271437553
75,93,17,77,38,32,93,38,66,53,526.61633742396
44,67,50,9,92,64,65,30,11,4,399.5386537782532
11,44,12,12,14,58,21,91,3,57,529.8822830612477
86,83,25,32,91,34,11,44,18,42,361.33261752692647
17,86,85,66,56,60,40,40,72,19,208.7971508627483
80,90,1,43,66,52,36,62,3,41,507.80596912170563
9,57,33,88,95,72,31,41,26,14,546.8573202270231
96,30,96,48,87,73,9,13,81,19,336.1015001908857
61,89,82,61,41,60,64,69,84,90,217.26340562876618
10,50,67,86,65,34,86,46,46,32,253.03055249980747
66,66,68,4,27,33,95,60,72,0,551.5692955161747
7,86,81,37,58,81,38,23,4,14,487.6477202626098
78,68,36,97,26,40,13,71,26,51,483.0791304885192
72,88,46,43,52,38,34,30,24,92,483.56065438803046
50,9,46,30,46,21,27,40,72,83,433.4395877876002
98,6,80,50,51,28,81,26,55,40,475.364373835473
80,37,46,33,63,56,20,25,25,57,514.7372621686295
74,76,86,83,42,53,95,7,26,10,431.3944404345798
93,69,31,41,32,48,35,86,6,68,476.9431367927756
10,21,76,11,14,7,67,78,42,12,385.21120789779746
12,75,31,68,51,41,78,6,97,40,477.02691893289784
64,23,35,64,51,25,34,1,70,78,615.5395945458499
35,19,62,3,93,32,23,19,95,72,378.2330152302001
45,26,21,39,8,21,35,59,66,84,451.35927138971624
50,25,42,53,19,0,8,35,80,38,567.7095982662672
1,9,29,66,29,80,21,46,12,79,517.5467916119196
68,94,4,5,94,47,57,74,54,63,679.6417484862809
55,10,71,63,33,18,88,85,18,74,292.06453130162345
49,63,60,28,22,14,88,50,0,75,756.3107376355154
8,44,0,50,31,97,65,12,78,61,347.14301204613264
5,68,28,22,37,72,91,15,91,52,484.2666444279746
22,39,79,71,52,4,16,7,36,68,256.5177195308591
82,36,93,0,72,25,53,28,18,99,465.3226569457332
25,26,92,64,69,1,26,64,73,65,215.34150078735058
39,65,70,96,5,55,53,29,12,7,176.71498691513145
18,86,96,14,66,33,46,3,1,94,487.90327244732447
55,33,27,84,36,70,79,57,43,31,379.3545288225358
60,48,42,23,71,17,21,72,87,30,456.0442828725977
52,83,60,90,99,18,63,99,6,73,4.923946255593648
46,70,32,86,6,76,65,74,8,49,403.1655634134613
53,54,77,94,1,65,61,66,57,67,235.08578992635887
20,56,71,1,47,26,4,93,32,43,548.5071778320512
35,0,40,52,80,71,1,36,65,20,184.78320542031568
50,45,42,35,50,39,44,55,68,60,466.95977461501644
36,67,44,66,66,96,60,57,11,69,542.1754242363415
10,3,22,67,19,71,30,16,34,11,453.5628370626167
50,74,61,47,18,11,86,41,70,80,471.1414548734598
71,73,38,17,98,87,74,33,32,41,471.10867816962417
72,84,95,73,34,36,77,23,94,90,184.40130578674476
58,29,61,62,15,26,94,27,35,67,502.21234060873616
42,99,17,71,94,88,8,57,64,80,609.3850109755239
64,93,80,30,64,59,0,28,14,85,513.6802475744229
41,12,70,60,21,53,79,71,86,94,465.59505692373216
85,77,89,80,47,35,93,25,63,50,503.1976525999921
85,89,86,81,47,7,66,99,82,58,537.4725262337868
43,6,11,94,90,30,3,73,80,69,538.0548336133893
54,87,58,41,64,49,7,79,41,61,457.2428706907852
8,42,39,59,52,67,27,1,5,4,393.98415951119244
63,44,14,58,0,67,10,83,33,80,664.2850551838774
2,15,29,12,2,53,40,66,7,5,427.94956733858106
37,59,97,97,64,19,65,31,4,20,391.5525080714969
75,83,22,28,81,56,92,74,99,56,134.61038207945708
78,55,28,66,24,17,43,59,4,46,243.17335167402558
62,1,53,86,23,65,56,52,83,51,222.22299239803522
13,52,79,88,65,47,82,16,67,57,418.2199308136586
58,47,40,48,25,88,62,29,89,71,180.08854076376608
1,15,97,67,47,31,86,39,22,51,437.97019124057385
15,70,66,46,70,87,75,65,45,15,514.0384513047802
25,86,41,90,15,69,82,59,83,54,292.16903840503187
94,79,72,92,86,57,74,79,70,12,438.2245595757724
58,32,5,77,41,66,88,70,89,74,292.67791871961794
28,87,52,93,57,61,66,96,90,53,250.5402047975021
64,11,17,24,8,73,31,48,64,87,476.83267206286325
73,12,33,38,66,51,69,88,87,62,344.8703396606359
69,35,3,1,24,8,4,97,86,43,306.4377734773979
53,28,60,71,55,19,11,75,69,92,267.74598918125434
92,81,70,20,2,38,98,90,60,96,231.2336620830033
33,28,25,18,9,37,68,45,14,72,182.43953309801216
84,80,83,78,17,39,20,51,15,93,260.56821182602596
58,15,26,42,16,80,33,5,91,24,397.83131099672534
90,38,3,64,17,55,38,8,97,61,410.6662870641961
22,14,26,74,37,56,73,50,24,81,438.11661385910344
20,5,52,61,61,43,86,47,25,94,330.81778231574333
69,91,92,96,42,23,63,17,70,8,584.7839222862065
59,29,10,83,91,20,11,4,51,21,526.169132870599
65,65,58,86,9,21,65,72,89,78,474.67828604467815
64,25,30,20,92,38,22,20,90,36,407.0857291573548
92,24,60,65,10,29,13,33,33,8,551.7828731761216
68,56,43,40,13,15,23,11,92,81,462.81282249339165
12,46,59,10,55,51,46,2,80,82,467.4863919878136
2,25,46,12,27,55,89,44,63,73,479.81352801331053
51,24,82,89,70,96,88,3,11,13,623.8267832795018
67,7,20,92,45,34,97,52,40,1,516.8516397182466
57,38,88,47,28,11,55,39,38,1,413.40697535394406
15,5,19,94,39,65,70,69,25,37,429.1608627303052
43,78,38,18,16,72,10,15,16,11,419.0802254788721
79,20,69,9,65,44,39,64,30,63,344.0291829286001
52,43,48,66,66,90,9,42,13,63,292.5883771559328
51,7,76,44,25,29,5,12,28,63,514.7354028180137
58,42,12,46,59,98,77,63,60,5,383.916096793082
0,24,69,79,32,93,81,12,20,39,492.447095969539
33,66,66,60,68,43,94,92,16,74,548.1129788410227
72,46,14,7,82,8,13,45,13,83,529.5719992011178
80,19,31,99,92,16,56,69,54,28,370.6867137235667
0,59,4,14,37,0,1,64,61,4,161.4491863262442
19,97,11,3,40,75,35,24,47,77,282.9841488189853
5,70,86,30,26,31,9,86,91,48,550.3521016023354
1,60,34,86,26,9,96,76,41,70,233.90284108036352
50,99,57,52,75,40,72,55,40,95,483.8989159550646
51,99,30,18,53,73,47,37,38,30,378.774510862816
47,30,91,33,94,99,47,84,27,11,592.8063820270003
18,44,96,72,90,65,47,76,84,82,299.1437682203898
18,28,53,90,52,1,10,21,52,69,392.70030998662514
76,10,35,35,60,3,96,51,23,74,649.8627944426624
88,61,86,97,26,84,53,94,99,33,386.4798998471468
18,66,53,83,25,65,45,46,35,77,382.98973600937387
37,9,9,9,21,95,39,63,88,64,547.997652154275
66,27,91,47,61,77,82,67,49,39,511.2878149477066
95,73,97,84,45,48,21,35,53,30,550.3764485878557
23,74,91,61,25,1,76,49,70,68,478.94600207340204
9,36,24,87,8,16,47,9,62,80,253.4879754240029
2,36,82,59,68,64,25,33,64,87,331.8989483273722
70,5,1,37,89,59,52,82,61,83,91.52006155318298
11,69,66,85,91,38,55,24,79,81,518.9660595713592
46,5,88,30,26,26,43,41,86,78,171.30459972013
86,16,10,15,95,66,99,63,26,27,573.1977243464546
72,34,97,27,90,65,4,16,94,18,475.0093146551503
40,36,0,37,73,94,17,31,68,70,326.3199848195221
17,2,73,6,48,28,48,57,58,74,453.68156380334585
78,19,5,48,16,22,58,95,81,30,513.1563862707706
70,17,90,4,97,4,39,82,38,33,497.8728771730982
95,37,51,17,33,70,14,19,72,28,614.4562384510969
45,38,61,19,37,97,41,15,15,29,472.234098347192
42,83,36,9,10,87,33,38,20,95,414.5002244211388
47,20,43,14,83,33,56,57,39,33,554.1592125530981
50,37,86,30,78,44,41,38,98,33,661.4040500276858
99,56,6,71,39,35,62,6,22,45,415.8112431565517
54,24,65,36,63,13,97,53,96,48,701.4970278443008
23,30,0,67,82,25,82,16,79,41,429.039156065668
13,78,62,20,37,22,89,87,83,52,481.6286145107842
17,14,99,27,48,91,44,77,58,17,602.2383394849444
29,37,82,93,53,60,36,68,46,35,265.6736176391295
83,9,15,77,92,33,58,31,1,92,451.6860395977589
22,93,5,45,30,57,20,92,80,8,512.1871183886373
82,72,96,87,16,34,99,51,98,35,519.2122270823357
5,80,97,78,89,38,37,92,58,82,224.0917797786724
90,43,32,51,67,44,22,47,75,58,386.82514468636253
20,28,32,19,76,0,71,92,57,24,438.9505735498652
12,78,55,2,89,8,74,90,17,36,562.5841872999356
66,96,57,13,64,41,63,2,23,55,379.6562776905379
61,21,52,87,74,24,88,16,57,33,440.08721601644066
96,81,29,36,38,58,77,6,34,5,303.69841632698405
94,89,23,84,34,32,16,25,14,10,428.7628184425069
75,98,74,33,84,31,90,34,11,61,271.7529740932604
10,26,39,72,10,46,16,26,36,21,176.41936194997035
8,0,86,86,31,18,90,92,17,2,311.3009143673651
48,63,99,57,17,49,88,34,92,83,400.19019113419364
35,82,29,23,93,92,61,60,38,81,439.99361053242495
2,73,23,6,93,70,45,40,54,55,463.30863329840025
26,52,40,79,16,67,61,28,41,1,549.6134908118703
32,59,15,99,4,45,78,90,40,30,365.7687115022827
77,62,11,5,40,36,55,6,84,44,283.9643357814231
49,41,53,97,0,89,11,19,53,69,576.3477120522987
6,65,92,71,43,56,69,66,47,50,309.18888948260457
95,14,79,18,1,65,40,80,54,98,263.07084702606636
63,56,32,87,38,56,82,9,14,37,358.78742787116744
29,35,63,29,91,76,84,42,97,46,267.94170228433416
53,93,6,14,74,98,44,41,71,65,487.35301652619376
24,73,4,93,48,35,23,95,23,40,315.60244262997344
17,7,19,89,53,98,49,1,13,18,410.8905524430691
45,96,87,72,78,46,94,90,46,3,569.6688729278355
77,96,80,33,58,1,38,7,52,12,352.70958322423445
75,11,62,89,66,54,12,38,41,86,476.56827484591133
4,25,77,48,4,54,8,87,24,51,419.19036746319125
40,67,87,96,85,61,27,89,32,7,303.71736442915557
34,99,14,34,35,2,73,26,89,15,412.52232979949605
94,78,81,5,35,3,22,32,66,26,471.0865523144535
39,23,22,85,63,98,28,98,60,12,268.32344034681535
48,42,35,13,13,2,6,48,59,58,508.95781911229574
81,50,27,27,78,66,75,63,72,26,626.5896110047402
86,98,81,44,15,52,93,36,57,4,465.191254018285
56,84,94,99,36,42,94,78,21,12,432.1864117873099
39,96,56,43,70,4,46,90,74,59,453.4160854156702
58,76,42,69,53,97,54,52,96,42,516.6473117009859
66,39,54,29,31,99,54,94,51,71,230.18675502960758
83,99,95,28,91,63,56,13,81,17,493.6012741389709
49,42,26,47,67,97,81,8,84,40,547.581751966289
37,92,87,21,38,25,30,46,85,0,232.76933947803124
75,97,96,6,34,62,54,1,15,54,428.9506633930241
32,72,19,91,51,18,33,74,18,28,426.6135349473146
1,81,68,12,56,83,81,72,52,40,487.0794260950255
38,69,53,11,2,33,87,43,36,31,507.7613444845086
27,22,4,56,0,63,92,85,30,62,375.0745543954101
15,68,42,11,91,14,40,92,45,25,514.1866591446691
8,5,25,18,60,46,2,3,44,42,231.9506757906621
9,35,1,11,97,93,89,94,64,19,231.68273372985445
54,23,54,91,59,45,31,63,5,94,379.68115324763
82,44,48,24,60,75,31,12,9,28,646.6750703121884
2,47,53,78,89,29,52,46,80,78,270.3264008288262
95,78,91,19,80,39,64,49,25,29,452.38726618666345
74,91,4,69,12,97,19,25,84,93,281.87823616959076
96,85,32,13,11,85,34,72,33,18,542.3355819963181
44,29,69,19,33,52,6,5,30,92,440.9827988194172
16,85,79,93,43,1,42,63,91,34,269.6064846800756
77,44,52,57,30,84,38,41,50,62,444.0739743802428
22,84,18,91,10,10,9,18,38,24,325.6847806847166
95,57,91,90,0,31,7,91,7,35,540.8964672251218
28,82,44,36,16,84,46,58,92,59,472.1409842511507
62,98,12,27,83,92,4,2,82,77,487.6372431940773
53,52,57,3,7,67,90,89,49,52,437.8470384190832
94,42,54,63,98,13,96,85,70,16,316.9410733954247
11,20,46,78,48,10,62,74,94,80,480.9679885984937
12,89,83,83,53,4,93,26,34,55,386.1036477932103
92,31,37,31,79,66,43,81,76,71,136.18716704825576
72,21,55,8,90,38,33,27,89,32,460.1892180813451
64,89,60,85,53,90,64,13,38,25,501.4002839949524
40,30,92,75,19,67,67,58,20,29,441.86248458052455
37,85,8,14,40,43,9,8,47,43,487.2197004112244
78,45,88,31,47,77,64,28,53,7,598.5143127028808
18,53,7,42,1,41,79,77,4,44,263.54972615870844
34,5,0,99,7,31,64,53,65,45,227.15625487643885
58,93,24,8,97,79,10,38,4,30,372.82622151192453
3,13,14,50,96,31,12,88,78,24,288.5855470562431
96,42,50,74,41,87,25,42,11,32,426.44890349475634
51,98,85,43,56,41,5,33,93,88,371.3114413979372
86,52,54,38,35,16,14,60,88,46,452.79475162353776
2,97,91,26,54,10,3,52,13,37,435.8433057443067
68,67,67,42,31,31,6,44,25,20,300.20223974844015
80,50,52,91,48,48,22,74,57,83,212.2897024383987
31,33,17,98,17,36,97,80,77,62,492.8595032217385
11,24,47,28,15,26,68,49,50,35,494.8457746309398
56,98,87,24,52,70,31,87,68,19,271.1951714210868
69,69,36,79,84,37,40,68,14,54,548.3616979409924
65,15,69,27,43,74,38,45,49,33,360.4549051430922
30,94,8,73,40,19,61,10,97,89,329.6326476692294
74,38,71,41,77,89,65,83,57,51,216.88876105849843
3,22,93,70,59,20,80,57,48,2,139.22215488167967
92,32,51,10,37,42,46,37,90,55,473.6036381526558
21,51,74,80,89,53,80,48,17,32,214.21707200028922
87,58,39,94,6,0,16,3,12,39,357.13356046098517
85,39,90,77,27,11,33,93,2,54,442.1972061441214
90,16,98,60,35,79,75,4,11,23,477.9208842903041
28,86,18,46,10,77,51,50,10,46,275.2366957569279
74,18,25,61,64,12,94,16,37,6,513.8770235709167
52,20,13,87,30,28,65,6,37,42,306.08847837598915
95,43,46,22,17,94,64,90,66,75,525.5667591227126
7,61,62,52,96,22,57,84,85,74,354.301640005958
77,86,31,22,33,60,98,10,10,95,463.30108053448544
47,23,48,92,50,84,25,89,11,25,509.9998004623221
21,54,15,71,71,69,20,98,8,39,27.05112124461931
63,1,14,38,98,89,36,34,40,89,574.7447481280338
45,44,6,64,6,71,39,94,52,82,549.7482839048976
90,26,83,57,67,58,80,17,54,13,401.38363826404066
72,61,77,94,16,32,51,41,34,29,581.8189852660845
93,93,62,29,2,92,61,95,76,75,454.18196206895703
61,96,94,21,9,14,55,72,64,6,668.0030752176814
60,22,3,75,88,26,66,82,2,16,208.67859164799788
61,84,2,97,29,44,94,70,6,58,494.03160549575693
34,57,8,76,27,80,61,83,25,12,505.6383954816803
97,37,12,17,55,75,38,51,43,24,296.27491781200297
99,20,79,56,8,85,51,56,27,94,284.7789236043585
41,97,8,87,81,5,85,4,46,16,203.17413411771926
94,65,54,44,20,11,91,8,15,89,202.55985660704118
38,12,60,23,36,87,25,4,45,73,271.9216984940771
80,51,79,65,3,71,1,4,64,6,364.7782690669308
40,87,70,98,6,72,98,94,14,8,564.4421635233693
92,16,60,41,24,63,70,32,7,47,127.16981173115579
11,89,29,61,15,88,47,77,81,25,484.1286343663521
8,15,77,67,7,37,74,30,42,29,414.15878045527035
43,26,4,10,88,94,42,82,52,20,375.73922915960793
10,40,7,34,59,9,77,33,27,0,168.70179597701707
33,30,2,24,38,99,73,63,34,3,339.7584125368021
4,43,18,74,17,91,0,65,94,43,223.2456562806491
32,10,14,9,2,56,12,97,45,4,651.9643454129346
13,54,32,9,12,82,57,48,54,49,493.3446726596767
8,6,66,14,67,42,66,93,75,78,480.99835730446364
81,1,60,28,95,29,98,62,29,27,380.7833308180566
78,47,41,39,32,71,99,54,15,26,490.0176318008613
38,4,78,21,90,93,78,45,4,67,564.8414991245968
94,16,32,82,50,9,34,66,21,9,405.843230846161
34,66,46,19,63,64,0,10,93,26,564.190477773821
6,60,86,58,80,4,37,89,81,83,150.99041343566867
7,98,29,40,57,2,75,63,10,45,447.0404273862782
22,26,55,87,11,78,13,70,93,81,515.4647620990629
74,85,77,42,39,98,83,89,27,47,415.2249048107027
12,0,7,96,59,36,61,26,76,34,148.5512275927217
8,75,52,36,18,86,28,42,84,35,178.87581735740508
43,73,6,52,79,49,29,96,93,77,204.7517262517348
40,1,29,80,64,63,93,63,99,42,538.4046232153374
48,70,84,14,64,29,29,19,66,99,638.9976428747613
10,48,48,90,82,73,74,29,54,69,543.7961073298574
67,41,67,41,24,85,78,15,50,78,230.65476307656053
84,81,52,73,78,41,24,35,4,88,181.95404572441132
16,79,6,36,4,92,95,7,75,70,451.7457511720614
9,50,42,54,53,0,59,66,95,63,542.2908483547203
7,12,31,47,40,87,41,73,54,45,598.8781852418248
29,73,28,57,35,46,7,43,33,78,345.5389305846342
43,30,97,23,28,27,39,10,94,86,219.19163028351065
37,50,45,66,12,86,85,17,27,14,277.66363620764037
21,23,28,65,86,56,49,46,29,14,259.0043505833787
31,17,37,0,7,68,85,51,58,63,333.2010735158535
51,34,81,25,4,73,21,34,4,71,337.2720747930035
12,13,12,55,78,73,93,71,14,56,423.6589105938558
27,12,58,38,34,46,40,15,39,40,239.823056522954
34,94,9,13,72,95,85,81,15,65,336.20579133757667
39,88,37,30,60,49,11,60,1,28,487.76014867078925
74,45,73,59,68,14,39,13,3,35,437.62108530256245
82,53,90,69,92,28,78,75,85,69,444.4101232782062
54,87,23,49,4,9,52,18,35,13,571.389150361214
14,55,28,74,50,9,34,22,1,30,530.2895300712538
0,81,4,49,3,50,27,56,47,36,368.69149317529616
99,36,74,31,16,52,3,83,19,10,372.79493670292976
38,66,91,40,36,60,93,91,52,35,443.53248422852306
63,12,39,81,89,88,59,57,40,74,207.8584565202041
30,18,6,33,0,41,70,87,70,83,269.47668076319906
60,13,87,26,9,95,84,19,15,24,205.5533467621309
53,64,53,45,37,43,94,74,71,29,270.1908349106309
32,60,18,1,19,71,78,13,52,68,400.7730221278872
11,94,47,76,87,49,88,32,55,75,740.6069062922415
62,31,77,98,46,36,65,53,90,74,257.1555499709142
44,79,69,65,12,98,45,12,82,72,208.38753376600692
25,34,44,88,20,65,9,99,61,76,391.59865858874235
21,80,20,72,86,3,35,16,37,7,253.88613737418444
12,21,82,26,48,69,54,70,34,53,352.0502967161285
96,20,22,72,19,58,61,8,49,56,295.4299696790909
53,65,12,42,82,49,23,85,91,42,435.93984129810724
55,56,47,28,5,39,68,5,43,51,341.2620267298022
88,61,52,47,45,54,66,34,83,30,424.4632043540756
75,93,80,83,97,29,33,96,7,25,492.77867920764567
74,58,57,62,62,99,88,19,85,77,238.96068311666778
18,63,61,5,22,58,89,75,0,55,576.2724813752134
98,29,66,13,65,92,70,80,47,90,181.61440765223443
72,2,44,68,38,19,84,92,14,71,584.1750257229669
66,17,86,97,64,15,95,22,81,10,519.0263373004641
35,37,55,21,78,60,68,33,89,64,653.166338727062
26,46,51,55,68,36,36,53,19,16,376.39343896442836
80,67,4,32,70,27,90,87,24,13,434.7190477497183
5,98,89,45,30,88,15,44,2,72,242.53220055937024
84,82,2,58,37,50,58,26,10,64,367.3383600206325
14,55,94,7,95,45,57,92,78,82,475.4789052218023
39,86,51,13,0,29,50,95,1,26,551.1303383124833
11,46,6,72,57,6,98,96,92,59,459.41963614381893
94,86,26,34,4,13,20,43,56,45,429.9463819611731
74,91,87,38,61,24,90,29,21,1,355.80744559429195
30,57,67,15,28,12,73,93,29,72,228.59830779594492
39,11,98,80,13,75,58,47,62,81,478.0688331574563
57,79,12,79,68,63,56,21,62,20,276.2486644314507
69,54,89,49,33,40,41,5,61,96,429.850383649548
11,1,51,73,68,31,85,27,94,67,432.025761422114
1,67,45,71,27,64,16,63,80,84,680.8792935257095
58,41,69,70,19,8,9,46,89,23,273.3434949382608
66,47,7,26,53,44,68,2,44,35,258.2951048825122
1,2,95,7,61,1,64,73,78,94,551.4928493252125
97,29,99,94,64,63,59,16,80,69,664.501233858904
69,83,38,6,7,50,54,92,13,89,428.50387595222253
63,92,74,95,23,74,33,58,27,65,234.07302082423178
71,36,49,63,95,96,94,33,55,31,524.2121635024483
91,67,90,30,70,53,38,9,2,99,506.8461592868912
80,29,44,68,23,3,57,77,53,78,456.32639861701153
34,72,93,12,94,48,64,77,57,72,613.1134955618156
94,56,2,68,0,25,48,38,88,36,582.7146855745843
78,48,92,80,92,22,67,70,86,35,365.0178184229648
10,72,94,0,13,8,80,38,70,2,557.7149029647439
41,95,32,35,87,89,84,52,69,97,597.0890038644852
20,65,14,84,87,54,79,93,27,18,605.2356729541382
5,50,1,4,75,87,4,36,3,84,495.8836811646395
41,91,34,8,29,83,95,73,8,63,408.72340972721787
16,61,66,5,0,71,64,36,38,51,431.44019847379246
70,58,49,93,27,26,70,96,56,81,240.0004709318283
6,43,2,17,7,2,40,58,53,81,352.1181852907845
34,49,96,96,12,46,85,72,31,53,342.41901791786415
21,71,53,72,85,84,80,88,2,69,370.02437800185623
83,66,86,78,66,72,36,19,69,15,440.59959985480316
57,36,61,97,22,83,66,54,86,6,440.04346333553485
56,59,6,27,62,16,90,65,0,71,269.53261138360676
73,53,48,23,40,34,56,92,42,26,554.3960257859915
67,56,90,35,39,22,62,31,89,94,508.6517325296694
85,43,80,49,97,9,25,81,49,28,357.7445292048761
16,44,57,83,82,41,16,11,7,69,494.94230904691096
72,42,2,20,8,3,37,29,1,38,487.02132819606743
66,18,53,72,28,57,61,40,0,18,318.88040064366834
91,87,1,47,59,47,54,54,80,65,518.9211101049345
7,56,38,39,97,59,18,79,39,55,469.8597752734097
7,42,88,75,41,95,61,13,83,75,283.07454506893805
5,42,20,85,34,28,36,12,87,71,569.0762447759521
65,63,6,60,40,84,91,23,43,86,376.60251662340227
91,63,3,42,51,41,79,21,74,37,399.5477626054397
62,3,91,77,7,13,42,11,55,43,597.5093683637468
72,84,57,52,59,72,65,16,86,98,441.86513704467325
84,46,6,80,14,81,53,39,57,95,528.1350849403461
99,72,30,20,27,44,62,34,14,67,590.6481483414944
16,80,91,3,45,96,78,92,57,30,559.2899857671181
61,3,19,12,87,87,28,57,29,18,275.6213859832115
50,61,23,34,53,83,43,81,44,85,314.5721423824366
71,58,35,95,97,31,96,66,61,88,146.43386192321003
86,4,59,51,8,22,56,44,56,78,313.3433193180414
64,99,69,51,91,52,29,16,61,91,190.26785283660274
78,72,7,85,43,51,67,42,52,24,315.4591750343346
4,14,10,53,60,93,31,9,29,19,479.1625009690763
63,41,29,20,74,75,65,2,29,40,460.00006569884755
5,19,49,73,11,96,43,69,36,27,512.2703869900954
34,46,26,3,16,83,17,75,94,22,364.04797080148353
45,99,2,19,42,41,84,96,54,62,549.3010898743946
63,12,11,78,40,91,50,63,31,38,317.9549566348891
15,83,24,75,81,94,55,46,65,22,140.22560830030915
5,73,16,89,4,87,8,72,19,30,693.4350617723464
58,83,77,32,6,2,17,94,98,22,229.6196614610946
27,70,62,23,98,77,60,91,31,54,445.8457328890965
0,41,77,52,92,1,14,40,72,50,414.0491538820327
67,84,98,73,71,92,10,83,10,77,262.40137960568677
84,78,40,34,84,72,99,86,42,0,535.1220936386972
56,35,25,66,0,63,0,82,75,15,255.28394922641118
88,72,37,89,46,18,43,22,1,53,256.9069608310681
25,36,5,57,14,57,33,88,1,6,509.6099146223845
80,83,29,29,61,23,76,24,61,75,321.86896805762444
10,71,85,71,8,60,24,34,79,61,204.41605089035087
13,72,9,22,7,54,63,79,31,61,513.9341474108799
17,49,97,45,9,60,4,56,38,82,189.3845199821933
54,87,35,42,76,17,33,97,75,66,402.54874523875964
24,73,74,18,27,87,27,63,42,3,551.708243755093
37,40,79,9,80,15,55,12,77,77,308.60416655264976
66,6,99,49,81,11,52,68,6,23,242.55280070868588
4,3,97,12,44,52,45,54,27,56,214.4851065247195
9,60,71,99,44,81,84,85,14,88,321.29295705767447
5,60,27,3,28,92,17,65,51,85,281.3238871013707
51,38,40,9,47,55,32,68,64,21,598.4829888945413
10,66,86,90,87,65,22,78,89,21,566.4089229604946
76,84,2,15,68,89,4,72,57,90,458.59588456675726
92,40,90,44,83,90,23,29,27,5,341.99418754980405
82,49,21,77,49,87,21,69,48,52,466.6875070707696
24,77,48,99,46,38,90,8,21,22,237.59400044694664
3,52,12,79,65,73,87,3,40,79,281.00509816333175
65,85,5,73,97,68,99,23,62,4,436.854633263083
8,12,88,20,85,70,61,62,84,36,276.59550811012446
71,88,76,12,40,68,46,23,16,88,557.8522600490334
12,34,86,59,36,27,29,26,72,78,421.75191861898537
67,93,0,30,13,15,51,18,94,20,367.9640000553419
3,84,2,77,40,91,62,18,52,88,293.47937961481995
90,96,30,83,45,4,31,99,56,15,612.1578695921382
74,76,37,50,99,91,13,29,39,81,276.0021924336186
49,95,74,92,63,69,69,50,87,19,315.9946953977296
37,39,37,33,13,92,5,34,59,0,206.7416739041019
55,30,80,79,80,93,73,11,2,4,244.76448605798592
4,31,1,68,25,97,34,93,97,92,298.88572694811506
94,94,11,83,11,46,29,86,25,95,617.0022455496817
99,5,93,27,65,86,15,90,59,8,287.2282206613031
46,88,95,50,78,18,13,98,2,4,250.78837831568188
34,73,98,32,78,90,24,3,42,3,409.44753948493894
52,68,91,5,93,24,53,81,16,10,433.0018993909058
58,82,13,15,29,30,56,88,8,85,280.70686573739823
23,54,36,34,62,57,72,69,62,90,265.9361730992778
94,76,20,0,82,2,63,24,18,50,398.4407200056655
27,55,70,60,45,41,41,60,14,45,368.5608810775065
73,72,22,94,32,1,26,46,73,60,297.7096562791091
77,87,58,8,77,13,88,78,44,47,309.67156136031355
52,47,34,89,31,39,20,72,81,98,314.49267411529013
51,69,47,69,56,32,54,28,85,71,374.93920257280905
41,94,56,8,35,18,6,68,26,61,114.29409513493545
14,5,17,21,64,49,99,70,73,95,543.8492112073117
88,16,56,12,46,44,38,95,28,44,281.912372082532
19,79,94,69,62,81,14,69,92,45,574.1305089141039
35,31,33,68,4,45,57,79,71,14,484.0888535931551
44,96,8,34,50,79,95,85,98,66,355.4832991524253
86,20,71,69,50,98,34,12,41,49,526.8142065382756
18,77,44,50,83,31,69,43,95,2,568.0825737225804
20,94,36,14,31,34,49,61,96,88,536.7934107938545
24,93,98,59,24,98,38,65,13,99,451.3586138303041
86,44,37,54,61,22,33,76,39,12,371.37505602329577
97,69,73,80,1,12,93,31,39,49,426.48520401890966
70,92,17,40,26,91,32,76,76,40,229.4837539936429
28,15,76,40,99,33,81,92,23,76,313.3116288270581
41,11,82,59,73,99,6,91,8,92,405.7420898542587
65,31,77,71,1,87,44,29,77,66,322.6834307427442
39,16,28,60,9,36,57,66,4,14,189.99700860859193
27,55,22,55,56,16,37,86,2,9,316.41227785657384
8,50,61,82,94,25,94,43,5,13,603.5414066202733
71,82,87,46,32,43,11,11,44,30,576.7714482690483
44,67,4,63,41,70,27,60,88,8,398.6868017385837
58,37,90,77,32,98,73,80,60,66,419.8009823815388
25,76,76,96,83,61,89,99,52,99,502.1898260912901
63,59,61,8,56,9,1,7,19,10,234.12228313719606
82,61,51,25,19,23,89,17,16,76,563.9901825567517
86,5,62,53,9,73,96,42,45,90,276.77296720646285
22,20,0,9,35,18,76,10,75,2,400.6082470126632
25,26,80,17,5,7,13,16,3,33,447.06498612106986
15,50,53,12,84,89,94,31,72,12,563.3766570000123
71,31,68,11,21,40,32,64,29,72,338.0358758461527
75,24,73,85,62,56,21,42,48,73,581.5958556556725
97,80,64,46,12,12,23,72,81,34,383.3838208849037
42,38,25,20,81,43,66,64,12,26,286.5667091527526
71,39,28,9,58,37,60,26,19,63,513.0504068383839
19,68,55,74,62,14,94,27,42,92,719.9486377952641
78,23,83,1,66,15,13,96,66,99,571.7672602604002
79,62,93,58,76,4,94,53,24,6,378.54903413014074
29,17,47,92,10,76,21,55,40,66,337.89105051030765
36,45,43,44,69,45,19,85,72,6,424.9001124665396
15,25,88,63,1,40,73,24,73,15,304.6160025786092
83,7,45,33,75,59,2,12,34,88,501.83422030527584
93,8,44,89,25,89,51,87,88,53,422.2621633001119
83,61,84,55,79,42,60,55,12,92,486.03774178319776
29,84,30,19,4,48,9,61,58,92,545.030537550609
8,76,4,55,36,84,51,45,34,88,535.9418102080915
47,24,73,59,83,67,40,85,2,23,460.2772194529961
0,66,63,88,94,34,99,44,34,93,663.8491112947825
25,50,15,15,27,30,15,59,9,8,484.79461913038466
13,82,61,88,93,35,72,86,1,53,664.2711664808866
11,56,59,5,65,12,13,20,10,45,390.84816889829995
44,32,3,49,11,88,82,46,29,18,211.42166316392806
5,73,60,32,40,51,96,17,8,91,282.80448262799445
48,70,13,78,50,31,50,84,49,78,294.12838393424875
42,97,36,10,13,16,12,48,67,88,317.307945255343
72,73,87,36,2,67,49,47,14,95,628.7673461901021
54,60,84,59,63,57,69,22,40,3,450.8785729257945
16,75,46,64,1,62,4,62,7,8,448.7966378792641
68,36,41,30,85,45,14,2,80,24,347.1676983892763
78,44,3,44,90,25,6,34,73,63,508.00251580557943
40,59,53,79,89,10,75,60,76,1,339.5459877909107
38,75,11,81,71,40,36,95,7,62,321.3469769553377
86,99,87,53,6,83,93,18,65,7,646.3337735713407
28,64,16,20,23,92,0,99,62,98,232.60103700020414
26,33,94,67,50,69,41,88,63,50,463.4140056284862
78,99,31,71,71,7,71,67,49,12,442.68341435350385
90,13,57,74,21,15,97,42,4,50,606.0854212255488
8,43,25,54,26,44,57,10,74,49,187.84827319991462
19,28,50,17,27,10,19,62,54,51,526.4677279096214
40,35,41,42,19,27,30,22,23,36,489.13451435799453
38,55,93,12,85,70,62,4,38,73,401.1582563909496
67,3,25,49,42,26,76,7,16,53,336.836878406871
49,80,60,35,97,92,71,62,38,31,441.77227237506065
64,99,99,56,90,7,38,23,69,24,495.1185279493397
98,68,58,50,88,15,15,81,46,24,390.3208739301702
14,31,4,80,2,5,15,23,90,42,490.96976133010105
21,63,49,64,16,69,73,42,39,11,538.6282547221449
19,33,46,62,50,45,53,58,65,84,532.6838390296525
23,27,55,76,10,83,93,48,34,12,674.9322521216468
19,34,67,66,43,86,72,46,10,56,296.8538448961083
18,92,43,35,35,34,57,37,19,56,407.0910600991293
78,96,66,0,43,81,0,43,29,17,485.6997538317436
21,20,56,69,8,51,2,13,18,69,235.39745596728292
18,29,67,85,55,73,12,18,15,89,326.8471011088434
32,93,90,1,40,5,93,67,23,9,593.4170294032851
1,4,37,34,39,46,1,4,34,9,335.21128044139573
39,17,67,44,7,37,84,31,19,98,419.9817133471627
87,33,44,13,7,57,22,69,4,56,344.083195757068
39,16,85,99,61,58,33,12,4,10,250.7600322352229
19,92,32,12,94,22,56,19,72,57,670.2919653753877
93,19,80,11,97,36,4,81,23,3,221.3131736512037
50,90,86,23,72,24,14,23,66,87,535.4915436959207
79,14,32,44,87,85,61,25,54,4,502.07603220352695
29,81,5,81,62,32,60,8,93,91,344.6815998132538
26,82,46,8,84,6,97,83,56,88,508.8982086901331
93,61,88,89,9,25,83,99,59,77,253.52598564614803
13,63,47,66,0,59,58,26,15,10,558.6721432336994
31,24,72,44,47,42,71,88,22,61,554.6712883613534
4,7,55,23,33,78,23,7,35,20,597.0105914791806
48,13,74,10,59,47,0,4,68,92,351.60960921017397
47,0,86,4,17,0,95,39,7,4,336.3734864801332
46,11,78,63,55,82,97,79,10,11,483.66414792374434
64,78,23,37,80,35,60,9,74,75,201.09271295877556
42,47,11,26,86,31,25,97,55,22,298.59912547167744
65,11,40,99,86,39,84,32,87,24,327.20188630813374
19,70,86,82,77,87,42,51,84,18,324.0048706994429
25,54,89,84,47,96,20,16,48,84,435.7034806105105
35,45,48,82,29,49,66,94,18,58,508.0617999650212
18,28,41,46,42,63,13,85,88,93,556.8057924129529
30,19,5,91,42,43,61,57,44,78,233.84664759881338
56,32,98,97,31,52,1,93,32,56,214.57530367216503
68,81,26,14,88,99,97,99,4,45,401.9109055539224
42,38,75,16,71,12,18,33,90,43,345.52849271617015
61,76,70,32,86,96,46,62,48,50,397.8155583633929
58,58,39,62,80,68,71,82,71,79,77.89900607469758
90,40,62,87,45,47,92,70,29,75,601.126574002546
19,35,26,22,95,86,61,41,80,54,394.7100241574977
50,43,33,74,34,6,19,49,58,66,364.1327117875661
55,48,67,58,1,45,34,80,43,98,413.91396497669854
74,30,23,17,15,70,65,24,86,1,280.32181270330193
89,21,14,72,5,70,73,99,21,22,409.464138840417
37,17,39,39,70,20,32,72,8,18,460.7913981956764
46,27,99,40,79,38,16,5,25,45,307.78115458633386
91,24,33,28,90,93,41,37,50,36,489.33469157907996
61,93,88,31,19,5,73,23,23,41,614.3544764556069
56,63,65,18,68,5,78,99,38,98,423.199912792921
38,91,2,71,5,6,0,33,11,49,438.685230900295
70,43,22,33,56,5,61,42,68,38,124.9251873358271
50,30,67,42,52,58,46,56,85,46,227.8623118263765
9,58,6,71,20,12,9,75,66,43,88.9454203714368
48,70,58,13,59,18,76,89,12,37,271.4352838727264
3,85,83,95,70,31,33,81,66,65,181.683727616478
27,9,48,36,82,67,41,26,38,51,227.90777315246442
10,52,90,77,24,76,20,5,79,38,249.40683370792576
42,84,16,66,41,92,48,41,35,76,523.2498614648713
43,97,58,54,91,40,58,49,64,99,497.8161849843582
3,7,51,81,46,31,74,98,11,4,250.84439781312702
87,33,68,71,42,46,20,41,66,73,476.3886775789717
98,4,63,14,4,12,7,39,60,74,475.87827651455336
97,29,63,90,72,65,61,90,4,35,492.46403792985313
25,46,59,30,28,42,95,24,1,35,483.4389691975315
82,45,8,11,68,28,98,82,38,97,283.9955756538624
81,70,53,11,44,90,56,4,80,83,246.76534015407347
87,21,80,93,12,38,60,64,39,34,240.4220708534336
1,50,31,19,12,19,79,60,11,63,544.9662413666632
53,36,40,41,77,21,57,84,61,49,205.72580126226595
79,32,65,43,76,97,29,59,90,20,518.2153166682542
51,77,2,62,67,3,75,92,54,52,533.0020417099091
46,40,55,41,35,16,51,2,16,71,423.5592423169215
55,25,81,99,86,2,82,83,29,47,72.55493408051905
49,54,1,23,67,51,73,14,63,91,279.01454748304104
81,26,93,44,60,35,89,37,55,56,464.202463745901
74,98,24,19,79,10,70,80,28,1,452.39736733495357
80,44,46,38,37,86,50,86,96,14,650.5720046596919
63,60,6,76,74,69,81,49,74,53,306.3366860410119
64,93,53,37,25,60,15,69,82,51,191.5589666353181
61,79,90,6,65,1,46,40,87,36,451.16681606536827
65,88,80,79,69,87,70,83,47,10,231.46762038665372
76,59,30,93,28,14,28,34,31,68,256.0335415972955
3,14,19,91,2,63,23,83,65,13,389.3834745362905
21,84,55,91,35,96,52,58,27,90,288.52360991220144
26,12,85,84,96,53,89,76,39,94,237.53829669151466
23,14,75,73,67,88,46,42,47,97,359.38646429575505
24,77,44,92,96,91,40,0,48,94,401.6167433168343
10,19,71,18,54,32,70,23,23,40,240.54633584863947
49,45,70,72,30,88,38,99,35,77,351.0234880907824
93,46,71,54,63,52,47,77,43,46,461.27544257203647
64,5,68,1,17,28,72,3,75,69,397.46504016460267
15,7,9,35,76,90,8,74,20,62,484.4556602508349
54,43,21,44,7,60,68,70,6,97,322.5935560606638
86,64,18,19,7,58,61,98,3,28,411.2368005162115
44,32,39,23,96,9,57,88,4,59,344.1558510603608
22,55,90,34,14,10,52,86,78,94,546.428930980165
51,43,59,73,55,9,39,13,39,52,388.9288588034981
27,25,66,95,34,46,87,75,80,85,132.6956756279897
3,93,15,6,98,87,29,41,74,81,311.0936309323076
93,4,54,37,12,87,88,12,8,32,201.34945305713987
16,28,71,51,78,50,87,71,78,56,315.51244688575537
13,76,99,50,82,24,58,59,55,65,567.6571764065022
59,1,81,52,2,95,34,41,79,86,390.4048762866611
31,64,15,21,43,16,4,66,20,45,281.7536834864038
96,10,76,40,47,34,35,90,94,34,454.40349374231687
78,10,82,12,68,68,53,30,4,42,498.06869233352126
3,21,26,40,69,15,98,93,30,33,212.9129635003461
0,62,50,70,60,13,8,31,99,31,369.1269141854601
21,30,69,71,33,22,30,93,39,50,332.18260152145865
7,22,39,37,68,84,23,78,73,58,262.4141561989503
32,68,53,59,13,36,25,52,74,16,194.70201268970186
8,73,77,21,98,13,14,55,45,53,442.9922067612821
39,55,87,84,76,32,7,66,97,60,111.02245678606124
27,53,40,35,21,20,76,60,48,80,528.7683902252618
31,69,40,13,80,15,3,41,12,7,138.24840850237686
80,52,78,55,9,33,92,60,80,66,403.91408068812143
16,52,85,18,29,90,6,35,63,83,168.37166345246092
93,35,75,77,90,22,12,64,11,73,186.2975623801398
74,37,48,87,96,64,62,97,42,30,592.8961172651702
76,91,32,97,79,2,37,57,17,1,390.63512463696895
52,21,56,7,41,76,53,35,50,59,217.52160551595338
86,92,7,92,71,57,98,93,0,9,336.14289216044085
54,66,86,30,54,72,21,7,37,29,622.652786893579
72,0,28,36,25,94,90,0,87,61,211.03761578107625
25,87,76,85,63,22,87,95,64,13,590.23444449472
99,5,17,56,98,89,60,0,19,61,323.94803395858645
64,18,19,54,80,67,97,35,71,98,310.33587313649053
9,40,14,41,8,47,69,34,68,8,425.2369473886805
65,77,67,84,55,75,18,98,1,17,398.7730152428806
13,74,55,43,74,89,53,47,32,64,653.3446137544422
36,88,61,66,70,44,50,47,72,89,434.7997175647928
84,83,10,10,26,45,56,49,15,49,291.25355466461457
8,34,98,54,70,9,48,72,96,53,644.3546479155893
10,70,60,90,73,83,58,43,55,3,694.8095834051041
26,11,94,56,73,7,19,40,77,68,586.1685208740639
57,71,97,76,27,28,43,50,35,33,658.3211415493674
21,49,41,53,38,55,19,98,62,33,262.85812689318243
72,12,45,14,91,8,44,70,85,55,353.16493828348064
77,17,61,5,8,38,11,28,31,67,631.0435725120531
44,84,59,7,66,88,40,47,51,45,277.21215850602744
3,95,66,51,85,61,36,53,32,95,257.07586937555214
33,54,86,65,44,20,24,9,91,11,156.70415655173719
47,88,85,74,71,79,36,7,57,91,191.0004140879756
24,69,48,10,63,73,9,3,10,94,518.9551734566186
63,55,67,76,61,77,27,8,32,25,586.9263625586636
14,11,7,80,49,28,50,29,7,81,343.1916118631144
9,95,98,64,90,42,90,93,46,45,449.6198381443734
85,20,80,94,41,31,5,56,83,61,228.4971936789175
78,9,51,18,55,72,48,77,77,36,494.3819430986515
55,67,78,42,62,28,4,84,1,43,549.819809964539
44,6,18,32,44,3,66,91,76,47,219.096355343189
5,72,46,22,3,72,2,99,11,96,601.5910764105598
38,18,78,64,72,28,85,27,29,41,647.6917981023196
6,46,47,19,48,66,5,19,55,57,510.0056618934493
68,34,26,65,20,57,50,61,97,46,271.30234280919103
30,46,5,77,61,68,75,84,11,78,446.5136473595038
87,88,74,83,83,79,93,62,29,30,397.92843799859156
75,31,96,3,13,77,55,73,35,80,458.39383455106054
68,23,72,11,45,23,14,82,79,39,542.4359075459607
59,28,82,23,91,61,57,4,16,46,445.74177175275855
38,39,46,79,80,80,24,45,10,92,177.7440075363107
20,80,54,94,89,29,33,13,96,83,327.9014814342384
9,7,28,40,38,31,83,28,66,65,224.7496030735468
45,66,90,25,12,4,98,80,92,11,370.7100265738483
65,86,93,43,68,68,23,25,23,68,395.50161627796257
68,45,8,53,18,76,28,41,74,64,308.789722729562
96,94,12,9,14,6,55,40,38,54,482.4315185686809
74,31,96,50,80,18,49,86,22,95,178.1086640441712
58,45,86,9,41,41,47,4,56,93,436.30656989525414
43,71,12,21,48,52,51,39,6,63,449.75144428259335
95,20,71,71,76,31,79,38,41,38,385.5703675960972
83,84,80,37,84,23,42,97,34,12,434.5400896803447
67,97,64,60,46,16,58,28,54,38,311.36171107560796
55,89,53,87,0,92,25,22,50,29,404.65253908193523
69,39,44,86,83,13,35,27,6,47,519.1005017052948
58,29,42,52,93,26,13,35,85,98,307.3963238084473
43,0,93,6,89,69,22,96,18,73,197.69501722711328
8,92,28,36,13,86,74,55,91,7,334.97054862842606
68,24,50,36,78,39,2,28,70,2,375.5468748314729
2,68,53,43,45,25,21,73,12,48,659.9933953977593
41,37,86,18,35,99,99,6,77,5,368.09508049974755
95,19,40,71,46,26,95,7,20,48,415.70515743001624
0,42,80,5,33,13,60,62,78,92,555.1485217325128
7,79,96,18,29,11,5,46,91,76,420.31772612164104
85,65,65,44,52,37,60,99,94,39,378.59497147569033
72,34,41,17,22,71,33,45,21,36,549.6212373095767
99,52,18,98,52,61,76,27,41,78,380.15721235971745
91,58,55,71,23,18,84,28,49,54,284.83425285964336
45,77,99,55,96,80,25,89,77,48,606.9633129656507
45,60,62,34,93,76,54,56,8,94,199.3532702146697
17,29,2,67,92,31,53,92,58,13,331.2333387506584
57,65,70,26,55,10,19,68,96,8,228.55901224312097
85,65,37,54,74,51,57,10,88,96,269.1641520608997
90,64,52,39,52,69,22,14,37,20,354.5561662443821
79,79,89,28,57,79,20,69,61,84,370.88611088570457
67,92,83,30,7,95,62,93,81,99,369.465728161978
82,54,48,35,10,37,6,54,46,6,353.4964681913432
73,62,27,22,93,63,94,85,55,26,639.3285577335882
98,70,15,32,46,85,20,54,97,86,196.9542337571856
89,14,9,89,20,40,75,1,37,80,396.14816347550254
63,13,50,94,71,13,97,68,20,97,461.8028677704335
14,12,26,86,14,62,99,51,16,25,595.4299339877292
71,33,8,54,65,7,77,11,89,35,555.552241991962
98,17,40,13,15,93,56,2,13,74,276.499012526819
6,6,71,77,5,84,30,3,43,64,367.5693812810076
77,29,15,27,96,15,63,0,18,55,316.64994339162166
97,74,95,30,99,29,83,21,63,63,467.82911934856816
10,92,77,42,96,78,21,92,40,28,468.13984013750735
97,93,46,39,83,63,3,58,1,70,629.9157334367043
52,93,5,87,38,35,53,35,16,5,378.9767727532829
44,57,71,45,21,94,86,40,74,17,374.60931816602
50,75,26,84,49,55,75,12,58,61,305.79659429306116
12,63,7,79,44,55,17,91,52,12,183.21551015863974
87,68,42,64,22,56,12,56,3,36,610.8083144033842
53,11,42,5,29,89,93,84,28,81,604.6626483115508
39,45,22,61,4,98,43,13,34,13,376.27587411592015
63,75,22,39,50,23,68,30,1,14,397.3167229770946
95,23,55,29,9,19,68,86,31,8,678.251103608483
25,51,14,66,41,87,11,7,52,28,492.1593061607658
31,34,76,30,44,89,25,1,54,10,487.2530318364711
51,15,45,45,44,29,73,57,98,82,428.9350924786794
5,32,56,79,37,50,9,16,82,46,307.17231068487774
66,79,73,9,69,0,34,6,96,43,499.98391056212745
60,98,35,35,86,36,5,69,17,76,331.84977786162403
86,48,45,53,77,76,52,85,59,21,584.901930405852
42,4,91,55,6,49,33,49,38,92,597.7533956364368
16,46,44,6,86,23,75,0,47,12,288.58499418118663
98,40,83,28,7,22,49,74,27,8,325.03675494357725
35,55,9,60,11,66,50,95,51,83,341.70930038870915
11,50,17,75,12,5,26,3,19,63,339.6986485590307
19,88,67,54,56,81,25,49,55,61,503.18321185293007
24,92,85,81,12,30,53,76,5,72,229.4808154259577
39,5,49,78,90,26,18,33,81,78,217.93746068216106
2,25,59,84,98,76,55,87,23,53,291.85560903022514
96,35,26,67,50,6,63,70,42,29,365.87989018836686
84,65,45,61,44,20,43,53,24,55,333.51403595941497
21,45,66,40,66,65,69,25,63,14,263.5098661435676
82,17,50,33,5,94,60,1,53,18,368.55302980178544
70,54,85,92,88,88,41,66,36,60,166.76545682777032
12,65,62,71,86,50,70,64,62,68,239.91742527898924
89,51,73,65,75,98,54,88,10,15,419.9633523563435
81,50,92,53,49,60,69,80,52,23,274.5271409359599
67,34,35,69,30,58,44,11,88,82,508.0399498809294
24,49,65,58,89,11,22,55,53,0,382.75368579533887
95,23,89,75,63,52,38,9,0,72,370.18852675342373
78,46,89,93,1,64,91,26,57,85,259.7724816165786
88,77,40,91,40,42,68,63,11,82,504.603702236461
88,90,67,32,1,87,35,58,51,70,323.68817620337467
40,45,85,46,77,25,23,75,32,55,241.4614595418039
83,87,23,53,17,65,63,9,40,60,305.0591100574515
35,85,80,90,75,8,52,76,42,6,489.5319261300042
46,8,62,51,50,59,88,97,79,67,406.3147203723708
63,72,27,16,71,20,13,44,0,13,474.9600601544209
60,52,47,20,27,85,96,25,97,22,433.8578076247054
76,64,35,31,70,74,56,64,86,48,533.9451454235655
76,76,66,74,81,63,69,32,12,21,334.51303686333944
33,93,0,44,9,38,31,67,17,30,319.08604276834967
71,94,71,51,72,70,83,22,53,61,389.63312165653264
22,15,93,25,67,5,53,91,86,6,288.9502154009309
19,19,90,35,50,54,92,69,7,36,531.848151775901
42,83,1,54,0,86,11,65,78,3,355.1536219042072
19,94,17,35,24,48,77,53,52,17,518.8987967365453
12,2,12,21,2,9,48,26,11,32,493.90087819499416
30,31,21,68,38,63,14,22,36,33,394.7883841005983
43,93,47,94,3,95,33,15,12,49,458.22920473920703
57,76,60,53,77,81,54,19,64,86,259.28981484302966
62,90,35,62,81,44,23,67,97,24,275.6848891233518
26,43,20,31,92,76,76,25,43,2,561.6841759867772
21,46,9,17,69,48,59,28,28,0,286.8283503559402
1,49,94,19,72,84,72,75,31,7,497.2492514428335
20,15,96,32,67,13,72,64,21,19,238.4206610601992
14,57,19,68,89,44,13,38,96,15,581.7964093745566
5,77,49,84,95,61,36,88,2,99,488.0244306764357
22,13,52,45,84,28,11,41,15,92,461.34884806642305
85,92,77,53,18,38,67,24,91,77,269.2699050780461
15,21,59,35,73,49,7,37,3,36,593.8152500189473
70,5,69,23,1,80,26,66,57,56,144.66824978818912
22,38,56,94,55,32,42,56,73,66,368.53927506515885
38,59,55,50,36,34,63,7,82,44,307.2450736256914
94,62,84,72,28,90,9,32,62,25,352.1213965685443
91,77,60,24,92,7,60,32,26,6,372.79388881999455
91,80,42,52,72,93,16,53,98,92,396.5313102789313
65,77,94,45,56,0,53,76,0,35,373.766137028112
53,82,50,56,81,36,8,13,30,47,204.24083087630373
31,40,99,18,44,97,31,89,14,12,244.2354146263449
93,84,43,92,94,44,72,63,22,1,578.007325492652
8,72,89,22,17,24,16,14,31,34,389.23693548459835
89,98,73,79,31,29,56,49,73,54,554.7225699360191
3,78,84,32,60,45,86,45,4,87,335.33306601403586
30,21,34,33,51,19,72,27,57,61,372.972036423323
36,44,7,11,17,49,13,48,4,68,229.78784123401803
70,98,44,7,26,79,30,21,37,45,315.02210379923906
43,2,70,19,65,31,45,52,18,63,337.13781551102795
79,21,55,77,29,26,1,41,99,75,486.23922331067047
33,21,29,80,81,60,47,34,6,38,131.67787717494213
98,91,86,55,19,17,53,2,73,8,559.9041002022536
20,95,5,82,78,92,25,56,69,18,359.4733967598597
0,85,34,33,10,27,27,89,88,49,361.8665705001652
51,16,43,27,16,64,51,10,72,19,524.3616826957557
80,16,15,14,13,43,94,19,14,5,438.5281298990036
41,0,96,65,23,29,22,26,98,89,350.8002197415271
84,46,58,29,2,61,40,78,86,46,424.4969327426614
29,25,3,72,95,43,63,89,54,66,376.2972559584333
9,27,20,81,67,73,86,94,86,87,306.21677817179636
69,7,37,56,26,68,34,60,7,90,234.65092730029366
63,15,17,66,28,80,54,29,90,63,508.99339541705666
21,55,34,97,78,78,21,1,78,32,287.3137582052426
69,64,64,0,4,99,90,61,62,14,317.83901119051836
38,46,18,9,6,2,46,47,36,87,593.9981998275181
30,95,89,29,21,44,93,4,89,7,360.8170353741044
23,99,35,72,49,90,63,37,21,73,379.21677269021757
14,95,32,48,54,34,12,8,47,68,334.4230160377558
92,40,66,72,12,75,5,22,94,47,322.4269356107343
84,77,31,89,0,9,31,68,90,73,493.19991776788095
16,56,79,80,39,74,93,2,7,22,395.0711490707108
61,34,12,97,42,5,38,56,59,42,469.4467188091311
5,90,63,12,48,47,16,62,77,26,636.4375097482673
55,82,98,35,49,8,67,60,56,63,383.51051904353085
97,63,15,30,58,3,86,41,26,85,517.0737804822326
36,64,25,28,97,79,6,76,28,7,133.22235493770705
6,62,45,72,74,80,64,88,80,21,436.0864672180193
66,88,42,43,55,66,17,33,75,72,333.2163345029526
47,40,27,51,25,94,66,59,25,40,282.6697864360186
51,40,4,57,93,58,17,31,43,44,398.09358131611174
34,84,28,82,4,10,92,16,98,31,455.52311763887417
72,36,39,26,30,91,34,89,92,14,375.8380371926897
83,60,19,78,99,83,52,48,54,31,383.84089953497164
99,62,43,75,79,35,89,30,2,15,251.51712619812608
46,53,27,8,93,28,34,14,90,67,521.4725266244232
21,9,23,35,86,29,6,9,23,78,324.92516060793537
41,75,72,66,17,9,18,93,36,24,302.94777454466464
25,46,81,57,72,87,87,17,6,92,508.06190178473776
67,49,98,72,75,67,47,22,18,30,366.48568889426406
37,76,37,88,34,47,74,45,22,86,317.6377725547152
46,31,12,40,25,88,90,47,74,6,188.45849523253486
33,70,74,93,48,8,48,45,29,75,252.33716873667717
59,38,86,53,33,3,62,86,18,32,635.2713477137237
75,32,58,29,15,36,50,64,97,79,257.53149890760227
81,97,23,70,86,36,34,58,22,32,174.8923988728648
51,74,53,98,78,99,29,20,98,98,451.65875118579777
86,94,65,67,79,46,64,85,53,84,694.9674423762528
42,50,74,40,45,95,90,96,60,82,281.25723028170546
64,2,50,94,9,92,43,17,74,60,285.07560121561755
79,34,92,66,15,76,87,94,46,15,375.35889067256994
89,73,36,0,73,87,78,6,96,52,534.3421074682798
14,97,84,10,68,57,79,96,38,97,385.09008397448525
54,17,19,55,94,59,96,5,97,25,734.7515987663453
71,67,96,91,69,20,64,33,30,55,343.6944343904109
83,5,58,7,34,57,1,86,65,65,262.32202405432713
16,46,55,47,16,89,33,96,0,57,589.1671378222638
82,0,42,87,73,86,78,89,29,79,493.540262672321
49,46,84,45,21,20,1,53,32,94,410.2639486555113
79,11,3,6,59,58,81,71,28,94,554.3716999700696
51,64,27,58,58,81,66,47,26,56,607.4864146052148
61,61,94,75,73,75,59,52,49,86,372.64341189248717
23,13,17,91,94,9,89,30,23,31,673.0595731104135
71,51,54,84,54,62,35,57,82,51,275.3331379002155
13,6,0,8,75,65,37,63,75,49,444.3403935627167
12,8,38,98,93,20,26,0,92,81,322.5634443747603
8,29,2,27,40,31,15,5,92,72,501.59511912507674
54,23,87,57,36,16,67,14,27,80,366.414109906607
29,33,85,36,12,97,92,30,65,78,188.40271385438146
30,0,84,5,0,10,52,81,31,63,449.9034851808706
68,75,18,3,43,86,41,3,59,55,169.35679739932405
9,20,80,1,46,16,33,9,22,69,293.02021999780266
0,0,81,21,74,18,99,45,31,27,308.80355115396776
35,51,56,66,69,66,90,74,46,78,176.30905248946257
26,40,78,17,33,51,63,62,7,3,561.6702193084705
34,71,33,34,1,25,60,8,3,25,447.44633499616265
35,42,5,7,77,27,38,8,53,67,443.0669566075027
76,82,24,38,71,58,88,43,19,77,469.4335070234099
39,87,83,69,82,40,79,44,20,27,386.68919491809197
60,50,44,4,9,18,88,31,84,23,264.41721187618043
70,66,45,71,87,10,39,51,12,73,511.51337843457407
60,10,71,91,50,95,94,49,15,16,291.9309818369054
8,17,46,75,87,68,78,34,11,35,619.3933696068689
56,46,47,87,64,28,59,93,84,35,547.9077189442899
1,35,86,5,14,15,21,14,48,37,512.8860989888342
40,56,30,83,6,27,90,30,65,95,584.7455458735992
64,23,31,98,40,53,22,77,9,11,621.4081734610425
12,3,12,45,47,41,10,20,65,77,172.08779036740015
76,61,74,93,21,60,80,2,53,39,323.89087291681665
74,47,25,77,20,86,39,97,77,80,340.30333495967466
28,68,38,58,73,31,2,88,84,22,276.6460500573003
89,61,57,21,60,10,40,47,65,9,607.1978727329016
91,91,56,71,57,3,76,7,31,80,353.0827634261077
4,60,13,53,59,89,94,52,34,44,386.3263570104556
7,8,57,11,80,79,23,95,38,13,246.6120367734232
7,9,8,79,25,3,18,36,34,35,465.96674119429605
65,7,59,39,90,38,41,4,68,97,294.09133029251365
95,92,22,85,89,39,84,96,59,97,386.3853612089241
77,61,5,90,98,93,69,17,26,55,427.57491796358454
24,18,9,49,65,49,27,94,72,13,586.3985795498306
79,31,49,21,68,50,4,18,67,51,214.14949706875078
81,92,56,45,32,63,19,45,17,22,239.97538686371414
79,3,99,7,83,58,33,61,96,11,418.6783633273272
51,17,3,99,71,77,84,85,3,45,387.7388614780813
46,67,77,29,28,91,42,18,23,9,395.5890085223713
98,43,78,39,34,76,23,80,11,14,364.4182184277241
54,89,66,0,65,8,8,20,32,72,281.4513073280922
71,43,53,84,87,26,97,87,2,5,413.2902106540823
42,72,38,72,45,68,54,12,76,41,573.6247783124415
72,23,65,82,37,70,2,92,85,50,519.203028474134
47,76,8,70,27,80,53,90,79,78,409.75172990516944
16,75,10,90,42,9,93,29,61,32,418.5012620908759
42,61,52,61,36,87,97,9,26,85,215.49902375106566
1,32,90,6,59,68,1,48,1,95,502.7333718646719
17,74,19,81,7,6,10,32,69,43,346.3495979942191
92,79,28,68,4,54,2,30,38,83,411.6519708146501
37,50,45,24,69,82,27,14,43,22,417.9375257095745
36,43,8,30,84,61,13,95,29,81,381.8154631136877
74,22,9,51,89,78,24,51,31,29,142.36174530192932
72,83,87,18,85,73,55,56,68,24,13.511148082271404
68,13,6,76,76,26,89,94,26,12,241.7565937874169
10,10,9,72,4,7,80,41,25,37,453.70659995433374
83,31,25,4,55,20,23,58,89,18,224.31009265274622
41,82,36,68,1,8,61,90,9,75,397.50675830304385
62,46,5,15,63,64,18,96,46,22,465.66934003037096
98,26,69,55,74,76,92,69,15,6,282.7272808523013
21,96,3,26,71,36,77,5,48,2,270.9484412998648
6,71,32,80,14,96,85,42,14,53,517.2576595350266
44,58,98,34,36,90,92,7,97,56,183.49950673370225
28,5,32,57,51,46,65,5,54,22,399.3141548315322
88,36,8,86,2,94,64,50,78,91,502.98299160470003
53,73,42,4,59,91,53,83,51,95,572.9443568310237
18,25,81,32,2,59,66,59,67,48,497.3501088766369
16,0,43,23,62,97,87,94,82,23,332.2847889861182
27,28,24,4,54,56,35,96,7,71,276.6764724778153
73,89,8,31,77,86,61,0,58,30,331.8650629303828
63,71,75,23,17,56,20,99,69,17,468.4211692999253
37,12,59,37,53,83,53,64,78,48,308.2040140076317
59,19,0,6,63,59,80,14,50,14,530.9162138129539
63,74,40,59,38,17,74,86,39,44,441.0503602469097
97,19,66,11,19,1,70,11,20,93,608.9076943110592
35,17,87,39,23,76,32,32,27,92,367.1267221479534
41,80,65,38,18,12,92,41,35,93,511.504724291171
2,23,21,24,26,46,20,33,20,53,345.100713151273
10,92,22,62,43,52,22,85,80,81,258.07615802954103
97,25,48,29,80,7,73,24,77,62,390.7371493905211
85,86,86,41,89,10,63,24,89,78,208.16548631825728
44,25,28,74,5,51,20,45,56,0,172.78155116519554
25,77,33,66,53,0,45,6,62,57,365.1887306924495
16,58,80,91,94,19,14,36,23,88,491.55814204059965
46,8,39,61,77,54,45,98,32,84,219.9475705150611
55,79,37,60,47,21,30,99,55,81,408.1226978044075
95,93,75,40,60,16,47,45,80,46,390.9997478301379
99,1,59,89,29,39,54,46,95,28,462.31373273153054
16,77,32,47,3,98,28,52,1,11,592.6447514908095
7,99,22,78,10,15,67,36,75,31,343.3132696964439
6,20,55,81,94,45,20,26,84,75,623.101822545624
14,96,32,32,77,66,48,98,55,35,421.16165758312655
92,42,80,24,57,10,97,28,21,85,303.52397707840066
29,55,11,97,90,31,77,44,51,24,260.885174141695
29,21,37,44,23,85,74,37,99,15,234.74989369422238
10,89,67,23,67,60,79,51,72,53,435.4133344319814
78,8,36,32,75,53,93,93,6,25,458.7432665902862
34,95,53,2,19,31,86,39,55,17,681.3351201022606
78,55,36,36,51,97,48,9,55,74,476.2926624907985
51,67,24,6,77,89,10,29,84,59,427.07373332204077
53,52,33,92,49,49,62,94,56,50,514.6065092407964
19,90,92,66,4,83,0,52,47,39,450.36325427284487
48,17,21,48,26,72,68,94,91,92,442.7114201887736
33,23,7,12,53,18,6,30,45,23,146.53549304531188
91,56,27,7,46,46,82,55,64,23,222.91815014766453
80,7,65,11,5,0,3,7,12,6,376.19697983163525
54,73,7,82,60,60,11,93,44,43,332.55881006612174
53,50,31,5,8,18,36,20,50,99,372.40435424188894
47,19,92,68,71,67,10,4,1,19,409.31673935621467
71,40,99,91,24,39,18,93,72,2,356.4650163146082
8,84,28,49,66,41,28,99,5,27,324.2988128259639
48,83,9,78,19,97,82,40,62,20,186.01367474662692
85,13,34,89,41,8,81,27,96,55,356.8481604427151
54,83,49,22,13,82,6,64,31,17,451.84796641189286
90,28,78,51,14,15,98,7,29,7,278.74399429755556
39,13,83,30,22,74,97,7,63,86,318.86960643262574
35,86,34,38,41,40,72,67,2,36,430.10258554574074
80,43,33,91,19,6,33,99,28,56,450.53132803620906
15,14,42,11,5,86,56,77,91,77,372.47803244262496
2,38,20,3,21,57,93,69,44,28,538.4635937570068
40,62,68,24,47,55,7,3,56,76,461.5423052056464
74,57,37,23,98,76,53,63,91,89,333.5830533629406
73,37,24,37,10,18,97,36,67,21,199.98274817413093
77,13,18,54,99,4,65,65,45,71,233.17249480804298
85,98,80,70,97,99,62,80,63,45,247.4661632660108
65,71,74,30,23,74,88,19,60,47,403.5933784120798
12,13,53,74,11,17,99,19,60,97,318.33945590499394
22,6,26,63,94,67,69,55,54,41,698.3900629598471
54,7,15,70,41,83,8,4,48,8,319.92379752442605
54,67,89,56,82,85,26,39,68,73,278.2980521088564
85,10,54,83,25,24,28,53,53,31,185.1219301759161
28,68,54,10,64,45,89,90,1,11,532.4492435526233
49,89,37,18,33,56,10,41,93,39,303.43857848173525
9,30,85,90,72,17,6,76,50,57,238.747669297093
66,73,74,32,57,12,73,82,4,77,229.98251545776156
12,91,60,73,14,75,23,47,44,85,409.33908185195014
8,27,43,35,0,19,18,53,15,41,556.7893845413276
80,95,6,91,74,14,57,17,32,62,400.6956038768083
66,81,36,21,21,32,86,14,56,14,492.6054426903253
4,76,65,58,70,20,13,89,54,31,604.6831942277595
0,78,34,7,43,53,73,97,41,32,321.43342366125154
91,78,93,46,68,21,20,61,66,20,387.31844947918495
57,22,66,86,85,42,66,97,64,10,382.2488191958575
69,56,34,9,51,57,74,96,76,4,581.3698410023421
6,70,64,60,0,8,61,22,19,56,421.98050772263775
45,15,83,96,48,53,68,63,36,69,519.0624100605376
89,37,85,41,76,2,37,26,72,5,237.5473090870285
54,74,75,10,63,67,38,75,2,55,398.2336087348167
53,21,57,74,10,32,70,12,84,45,287.24259263186224
70,6,44,4,74,52,30,54,91,52,508.81833421584764
29,74,28,96,84,78,74,78,48,97,386.7104480530632
79,61,30,50,38,53,69,66,31,43,319.53882915847424
60,73,35,50,13,92,44,37,2,15,466.34500535317113
89,30,25,88,65,98,6,4,2,38,367.9927818143721
12,70,38,93,33,49,33,11,5,93,578.1890943643665
57,88,93,63,31,35,22,72,25,77,320.4095620819554
14,52,70,55,18,8,34,64,50,24,300.4955551144145
97,51,24,86,62,31,57,33,93,20,452.1256121326127
3,24,28,0,60,14,58,10,96,77,515.4887979229529
54,59,6,68,24,64,50,93,20,15,251.17064444111085
56,85,5,49,8,11,39,0,58,66,371.0271912458504
23,98,82,59,6,34,16,38,83,88,518.7412972952675
55,48,51,5,68,72,72,95,77,84,491.1910949027865
73,94,88,62,16,97,62,35,80,8,466.39791443706207
53,27,44,82,11,15,25,70,90,24,454.0525783016335
64,27,31,25,11,77,89,10,26,51,358.3616633441678
15,70,31,38,28,15,41,88,80,71,559.6322697763794
70,97,54,43,54,87,51,13,11,77,410.6716917299285
56,70,35,22,54,81,26,70,38,63,544.7951191978349
98,64,77,4,21,6,69,15,63,4,387.6154395801302
79,46,44,76,32,15,9,63,20,85,582.6558342803206
16,0,29,17,60,72,39,75,71,30,511.2544804012839
44,35,28,66,43,99,84,96,73,13,205.72009217288786
43,65,39,60,29,15,28,55,30,21,419.17174005508474
2,44,23,7,88,26,15,14,14,22,481.9857099008269
85,10,29,42,98,73,83,39,20,36,459.30208567170496
3,52,83,84,67,85,72,57,69,1,145.04056781135515
1,85,42,45,80,17,72,53,16,93,365.1491914497173
47,82,60,68,49,72,21,42,39,43,525.6654085457102
82,25,53,98,52,56,64,66,31,27,464.533213245475
91,65,82,44,67,11,27,85,9,40,319.91857388873035
63,71,59,13,52,90,45,83,8,44,316.6250970187506
26,51,73,93,37,67,47,67,17,11,395.471884846759
83,63,94,54,7,11,25,0,3,97,452.7345892710209
41,68,73,20,3,10,84,7,23,58,592.9919422916687
53,60,48,49,30,52,28,93,7,58,260.05488452096307
3,35,17,4,45,75,45,78,63,83,331.75097596186475
62,65,5,65,60,55,62,51,64,15,545.4762346088552
82,86,47,8,23,84,69,90,99,66,259.7015011103366
10,43,73,58,34,24,48,37,75,98,313.9455199876303
73,83,88,74,54,51,61,58,30,68,235.00925012804146
89,44,11,99,57,24,55,17,39,38,353.86912852820905
34,93,27,17,17,73,58,5,70,34,538.690945641272
83,13,91,70,37,54,45,29,4,91,222.98877005113727
92,17,52,78,85,57,97,60,67,35,334.39238727504426
75,76,54,20,23,12,26,89,89,67,247.06552494507238
31,70,16,74,94,1,92,61,93,98,578.1306200158579
25,39,79,33,41,76,91,72,5,3,306.8924345219668
50,78,9,60,58,6,87,24,4,30,558.0124989380029
61,74,96,31,72,3,11,59,36,72,595.304380652027
29,78,20,51,40,88,90,16,63,2,475.97121570602155
9,83,79,48,1,30,49,24,65,3,144.5827163200336
99,29,37,35,65,27,77,62,10,44,308.09836741484247
11,94,23,18,80,95,62,55,32,84,344.6048316213884
26,57,64,25,60,18,13,39,68,26,330.6950093064036
35,25,86,43,94,89,59,96,12,14,686.615662541946
48,69,1,7,79,43,14,18,13,65,383.47850868640666
30,87,78,87,93,91,62,72,41,45,561.8871282832357
98,62,33,30,75,3,79,28,58,55,434.16612010638926
25,39,19,66,57,28,45,55,52,36,306.32186179059664
48,16,28,10,7,36,43,18,94,66,291.68218180146016
33,29,0,50,81,38,49,98,45,99,249.86708488617688
20,48,27,36,6,76,8,5,13,83,543.7680092073913
33,63,88,69,85,36,1,66,89,70,228.42320384948943
35,41,61,2,20,83,39,2,76,97,465.825818026174
0,0,58,48,16,2,20,60,55,62,495.79590331632636
46,2,68,51,63,13,14,7,11,83,493.66829729205926
10,24,21,1,28,30,43,8,13,38,349.05480369296583
27,97,61,73,51,13,66,94,51,86,362.3953670810353
76,2,77,13,70,38,63,47,60,58,425.59554701456216
0,10,88,18,78,30,96,69,43,87,196.96490802715107
48,94,69,56,72,91,43,97,54,29,575.39388966772
19,42,37,12,60,36,26,6,55,13,408.6323813112495
74,2,33,15,6,41,54,2,23,40,514.0796507776397
78,55,13,53,92,57,92,74,8,70,461.6254927618138
25,44,75,93,49,9,33,37,3,83,264.89462671677387
55,4,49,24,40,28,77,13,72,49,286.36491459127535
48,97,57,72,75,13,60,8,65,17,492.0631904977548
0,92,12,78,97,22,36,58,83,32,211.85161590947948
39,22,75,90,9,77,18,8,33,50,304.838301218335
28,13,2,12,96,94,67,91,71,39,301.2906770477215
16,23,26,16,75,38,61,88,90,11,455.5589855592249
42,44,53,79,54,65,72,23,37,24,394.2799532004353
35,86,93,52,54,63,45,4,81,50,472.64846035499784
74,80,61,5,66,89,77,25,88,26,391.41914039196854
63,76,2,56,35,68,92,7,53,82,416.7471696507106
31,28,29,32,77,60,78,50,44,23,198.56632893027978
36,40,43,99,28,97,82,93,23,26,308.72078830125736
84,14,60,80,47,1,11,47,98,93,520.3239960214327
5,73,81,34,6,19,75,41,95,22,543.0280822217937
31,80,83,10,9,64,0,72,35,31,396.9575021066501
64,88,13,41,0,45,2,23,29,30,223.25954358111696
39,45,55,46,30,67,0,89,72,54,534.4551753580004
23,45,73,8,61,5,73,42,80,82,532.3754531542281
87,99,32,95,30,98,22,22,64,29,326.36110328031816
19,60,69,60,99,64,55,84,92,98,365.8250461969733
68,40,77,22,83,42,92,11,36,78,509.53092946616744
90,4,28,56,17,82,57,90,62,83,354.4820624770438
83,34,99,86,26,52,19,65,77,99,410.1082485081806
38,81,79,53,8,58,48,25,34,10,433.75846548914865
90,51,47,78,86,62,56,72,57,46,449.7261328983428
18,16,1,29,22,19,89,21,18,6,561.2814849610518
34,88,50,39,39,29,68,25,76,18,496.46237563858585
93,55,32,9,71,51,90,64,81,23,240.72381651747702
20,18,32,60,73,80,78,55,1,3,691.6903630382046
0,34,19,2,80,80,79,57,22,82,326.3739152819641
74,36,8,55,47,4,53,66,22,20,549.8401825412831
33,45,41,41,81,39,40,92,60,18,227.42535023765566
97,5,10,77,21,53,65,73,23,84,536.8521241697952
35,61,80,68,48,12,34,4,66,70,528.6573181648321
0,45,85,88,68,86,19,18,53,67,379.6723856371976
87,83,98,22,68,62,34,95,15,74,272.9760201363562
17,87,20,89,27,4,83,40,55,31,576.3234832797439
30,81,57,6,67,45,92,16,67,23,242.23879102744735
96,83,86,53,56,6,64,52,83,97,259.8271780138816
46,76,84,23,70,19,19,10,1,59,548.2981737186734
68,49,16,53,76,51,11,95,54,55,416.00185746679335
61,79,98,96,66,61,37,70,40,31,453.13104914355443
93,95,16,25,20,48,10,96,85,22,138.95341825545577
17,94,38,88,52,43,85,77,55,36,544.0042812721562
49,41,48,70,68,15,37,46,87,60,280.2002369633734
82,61,10,41,0,90,86,62,81,96,367.17045069969936
36,5,50,89,21,71,0,73,2,65,427.84459707636313
