Team1_score,Team2_score,Evaluation_score,target
-2.50919762305275,-2.127289594451158,-2.5271836306660305,0
9.014286128198322,-0.5312868124995713,-3.341758075371935,0
4.639878836228101,7.090947864043606,-6.4769217499427985,0
1.973169683940732,-3.1999122788021577,2.1453334020297596,0
-6.87962719115127,7.392993696243426,-0.46751678982742284,0
-6.880109593275947,-8.23731138046617,7.314019846480072,0
-8.83832775663601,5.535968744172614,-9.357808390358835,0
7.323522915498703,6.950952661094728,2.8773585511025264,0
4.161451555920909,-1.3930693525559903,5.189731383766141,0
-9.588310114083951,-6.690004506726888,7.721479341910502,0
9.398197043239886,4.132082579884354,4.580674856589882,0
-5.753217786434477,2.7064669341664214,-3.3468680035821707,0
-6.363500655857988,-6.0702606608757765,0.06418833503086141,0
-6.331909802931324,-5.76508275895161,-9.718406734342187,0
-3.9151551408092455,-9.170053489801873,-9.860848253934176,0
-1.3610996271576852,1.1948932266735,-7.983856057218295,0
-4.175417196039161,7.158698279946577,-4.795772641284928,0
2.23705789444759,3.3385489491736138,-6.459134109432052,0
-7.210122786959163,-1.2920735320049719,-9.429599503227035,0
-4.157107029295637,9.062402287882755,8.186082928120989,0
-0.8786003156592805,8.603304057251002,4.721642886741709,0
5.703519227860273,0.5517594654433129,-6.957042261609669,0
0.28468876827223255,-8.94346627270556,7.855918791797716,1
1.8482913772408498,4.521697029677011,3.078022927385147,0
2.1508970380287664,-3.944497434560656,-9.893217160606229,0
-6.58951752625417,0.6494181576779479,9.697431322272042,0
-8.69896814029441,1.2883317555949532,7.5566520715162895,0
9.312640661491187,-6.674893393005988,3.1848907410174387,1
6.167946962329221,-2.4052519035670255,-3.10426142690927,0
-3.9077246165325867,2.3438845423393335,7.8729729818096175,0
-8.046557719872322,9.396377292675695,-4.169661436976153,0
3.6846605302431374,4.552622753993774,1.2542308668440576,0
-1.196950125207973,8.452075141879156,-8.005380553122352,0
-7.5592353031044235,5.24424116628354,8.439112602655005,0
-0.09646179777459629,1.8343393778480088,-7.184590844575734,0
-9.312229577695632,-6.1595326172731095,-5.502063885391855,0
-4.824400367999662,2.4675913191981422,5.281860004259631,0
-3.7657784782117805,-0.20428264023518494,-5.357321743996877,0
0.934205586865593,-3.311149457637919,5.143011606148784,0
-6.302910889489459,0.38625385284606395,9.704146518221876,0
9.391692555291172,-6.048881886430435,6.19826240612181,1
8.789978831283783,-6.284460906025844,8.075345227982133,1
7.896547008552975,-8.300674202210672,-1.8030465376329996,0
1.9579995762217024,-1.2750794728568522,0.49868168486935005,0
8.437484700462335,3.1661487901212375,-0.4574046520863355,0
-8.23014995896161,-1.2456635013291724,-1.0475225466895015,0
-6.080342751617096,-4.464917360973828,5.503815385878115,0
-9.09545422178924,1.1634236778088152,0.5353781453898403,0
-3.4933933847347127,-3.059953291756001,-3.6656575594956786,0
-2.2264542062103594,8.657353802532661,-4.836836646830434,0
6.574750183038589,0.04743639944191003,1.6639032376609197,0
-2.864933466128214,-3.4423201196348296,-5.400771691979315,0
-4.381309806252385,4.742648279132782,-7.037321559672338,0
-7.181515500504747,-0.5046198791269756,3.6241851564309773,0
6.043939615080795,-3.27353211459333,5.043097845153319,1
-8.508987126404584,8.410717702051095,0.07153792677183013,0
-6.025686369316552,4.81327162133252,6.147418795849788,0
-9.889557657527952,-0.29964024951917523,2.7118696401637443,0
6.309228569096682,-8.291939396745567,-3.9255809281762266,0
4.137146876952343,9.449227800558045,9.658898432404424,0
4.580143360819747,0.36020862752195804,-4.517276656161233,0
5.425406933718914,2.2837248863802273,-5.946861560191379,0
-8.519106965318192,-5.267804345849854,-1.1569177242683448,0
-2.8306854291145473,-0.3300382978639238,-8.86318858575223,0
2.4659625365511584,-7.876792929050655,1.139041833283505,0
-3.3820395029470163,6.74945039237549,3.115925597994398,0
-8.728832994279527,-5.203600955868195,-0.05952704445586754,0
-3.496333559465059,0.09822902500278552,2.246225776807936,0
4.5921235667612805,5.37494262725026,4.323477539128612,0
2.751149427104263,-8.761069628420241,-1.665018787518937,0
7.744254851526531,1.5361583927651168,5.145911441423859,0
-0.5557014967610137,-7.615791143188533,-5.459974013231587,0
4.264895744459899,-8.945120956755652,-6.771660246248521,0
5.215700972337949,6.683282164168826,-2.5601048042167633,0
5.419343599091221,-9.09697271175416,6.5582412429812855,1
0.4546565876398816,6.879869438840494,1.7823747196047321,0
-1.4491796328290079,-4.751832470213961,4.416326329498313,0
-9.491617465118097,-1.565747649481672,-5.17586450743954,0
-7.842171460133911,-9.201549348724976,-6.637178282105058,0
2.7282082252756084,1.552261612742674,2.3511462641923693,0
-3.712880378473466,1.4181410750428967,9.628314436673278,0
0.1714138232940563,-3.3514661565126964,-3.244880257355418,0
8.151329478521859,-3.68933638673729,4.060633999482629,1
-5.014155417022501,-7.867527621268042,-5.547927269175245,0
5.1110227708609735,-8.010106622540707,0.23804242539247866,0
-5.424036690167551,5.331918894241031,-3.6076374898385755,0
-4.204970941724639,9.401489133334138,-4.74238596021348,0
-6.775574254919912,7.301421987507876,-9.285032110682707,0
8.59395304685146,2.015842986792382,4.088472429549732,0
6.162407591288339,4.017313944877598,-0.15766685828276827,0
2.6680751302084698,-4.295883946391719,-8.115138671909488,0
7.429211803754356,2.615408403452413,-6.566120137430175,0
6.073441537982291,-0.8870090112024513,-7.949309237747119,0
-6.268598822279284,-0.35965320446134896,2.2518561655175304,0
7.851179969799556,5.155531207503159,-8.115792727750124,0
0.786844838313014,-4.361632888054967,5.085646660704322,0
7.921825998469863,8.492835822572733,-5.012484240082157,0
-7.798961509446465,-0.28731403173319237,4.37062636244492,0
-5.441296749161166,8.256016008157236,-8.540633341486245,0
-1.4578442274748742,2.207260156363141,6.422522089703595,0
6.360295318449861,0.9281414842426408,-0.13929756919590375,0
7.214611665126867,-5.005116415412896,6.935660543376585,1
-9.860957389376185,-3.1344902187110346,2.0147954890078683,0
0.21494605155131552,7.04096831609386,3.6366606406571744,0
-1.6517799370244202,1.1843626353691619,9.870031207914163,0
-5.557843790585395,0.29484387513559795,-5.353289081519637,0
-3.247696571927441,-9.679436870897538,-0.7935721988520328,0
0.3758124348673224,2.0642612419900868,-7.615428443642827,0
4.060379177903556,-8.4056985362543,2.9818348107709625,0
-2.7274079524141204,3.662285714460932,1.3432617582678432,0
9.435641654419214,8.651334174119217,1.0685912232745487,0
9.248945898842223,1.5133050599483937,-9.362864749434799,0
-4.964354083492717,-7.477693552491789,-0.6139400727998598,0
-0.0550298821522901,1.6344305494695348,8.492456356850571,0
-3.982433803664607,5.326944262093047,-2.048162613787068,0
-9.262261052909345,7.596754958829358,5.596373512462872,0
2.191286679597937,2.97365906714729,5.678505582837751,0
0.0535804645772302,7.984978365784052,0.3856016479054265,0
-8.970424975000213,2.4701062249467434,7.159038908046725,0
8.165317719333075,-3.8061657778962177,7.773864295695965,1
-7.102102558175538,8.176529954337248,-4.395671860188579,0
-0.21094479444873926,5.208001345749654,-8.937587516019978,0
9.713009082212015,3.5279673782001204,5.911636730845657,1
-5.158894569769991,-3.9806736073675664,-1.6588952753458877,0
3.442710948117572,-6.319104558995729,-5.41766772177202,0
-5.247249120152007,-0.5168410824184058,8.027998824584664,0
4.5643269722371915,-5.484208956987418,6.678332009220739,1
-2.644337345614936,2.3324395633055026,1.0706177071436667,0
2.646116611871589,-9.193322957230961,2.322216008314422,0
2.6705942152178945,-3.47659491743493,-0.5134885889941803,0
0.71549368149517,-0.6288601081773066,-2.1666691424238227,0
-8.194204598911835,-7.040833317811883,8.30953762436663,0
6.70604991178476,9.69308955181679,-7.487745929593959,0
-3.5843987005652833,-5.8180527082077145,-1.6310642056754414,0
-6.269629792002915,-7.39293739913469,-3.1087618402424937,0
1.8178588637648367,5.381222663194485,-0.8473625090964987,0
3.551287236845649,-1.4898868145631443,0.37779063302162896,0
-9.668243421442877,1.3083187950507593,-7.201620455460118,0
0.24186116598562002,-9.579816860272786,0.2628300302655422,0
-5.470084496041241,-9.311373828533709,-5.151623722255783,0
2.9034558081889976,-1.0834890034596771,-6.313373020236175,0
3.81875476204932,7.704777574151304,5.253051175122819,0
8.73459977473469,0.7672620420204552,2.532873666235167,0
-3.17867297899483,-2.2405449120422727,3.5863333062710705,0
-7.730529575188219,6.591316628567373,-0.5899856182063541,0
8.493872365571256,-7.3260869120112755,-2.2420294209654035,0
7.5467870676196185,8.707889793355974,-2.480801807186726,0
3.19968092068358,8.826687855738033,-0.10411290116253191,0
6.344444004024318,3.5323446710501294,6.982644959770212,0
1.104016231989247,-2.7319213600114605,7.494039686534244,0
0.5930115671201293,8.76362345049445,-6.58879243986963,0
-5.162954181990966,-4.4886644738164305,-7.275326969085487,0
-8.137944643882015,-3.3565495587653498,2.608018520719991,0
7.944315159066534,4.016168360034806,-3.975485038754412,0
8.008361143266608,5.306325990507725,-9.628585624698022,0
2.6620291454653593,8.588069676983075,7.772853387259101,0
-3.219404179025986,-5.90395181887581,-5.461984655123835,0
4.519113577404788,4.77092106793927,4.348689017565073,0
7.942205199051543,-8.724108874928042,5.253069798229685,1
7.741728485302346,-2.255537175795861,-5.970770084136792,0
2.8406329230857548,-3.9101915129193916,0.4253550764813152,0
-8.317200700099024,9.658937591094016,-6.558002947002757,0
-6.767425718107725,2.8555482695985575,-3.8913661463393545,0
7.971083770541586,4.353523155869992,-3.570750441043911,0
2.128581193191799,9.532352746300184,-6.807401334944718,0
-9.816058967667407,-2.4559643508472266,-5.8963433320967855,0
-7.9705691426793575,6.03680336905612,5.771036840165131,0
3.2700353821611152,-1.3093807339100927,-6.656082909054632,0
-9.898768323075625,7.390673436299593,-9.43085216312155,0
-6.783838971650027,-6.386849173773936,2.5870988525787695,0
3.837903953853864,-5.624565831782407,-3.3757237075375723,0
3.0392251900520115,-3.475589860381369,-7.626885936074954,0
-5.514613810788804,5.12384468213561,1.4077465073506161,0
4.243584426950717,-2.1248971686918665,8.127084221912924,1
-5.255018250063999,2.1642275353289335,5.681235596569575,0
-3.4920060368146455,-1.108529978611429,2.4503173682543196,0
4.929828102360483,4.847398741795637,-3.698870067848013,0
2.992657980944294,-5.4333749526277835,0.8376034655243991,0
3.152257846006867,-4.001412050538676,3.5789084856133986,0
-8.12650464343815,-6.639598956146429,9.300632458198375,0
-2.645683938811329,-2.9040542068722264,-4.792052825098567,0
-4.695952646365491,-2.000339634128629,-9.630871619139548,0
-5.1202071324183285,-8.85216312623453,0.9121692885430122,0
9.460211095048912,1.66614496368409,4.135810087936289,0
2.622772519945258,1.9561602680302812,-4.764942619259527,0
0.0527418621038418,-1.613306391614234,-3.3879838005999634,0
1.5380776925271817,4.021951747285399,7.2102297317489,0
-6.09514024403911,0.09274575954869846,5.99157288204006,0
4.4490423052301065,-9.85293910891146,1.612395209647076,0
-4.384552751182884,3.8344022826937767,5.46180283234224,0
-9.513680671370924,3.226853578894488,-3.3465402693935236,0
-6.457786411859021,-2.6349978520973387,-4.5085536889795685,0
9.078571540051747,-1.585268748627664,-5.719857736522515,0
8.29728780440897,0.038908102636835196,-0.48946956747613335,0
-2.5968259948911125,8.19860316319437,-3.636495809825937,0
-9.690867669422651,4.3452375173151285,-4.665931387255715,0
8.566371251754507,1.6414026224844704,9.339700360560748,1
-1.4363170336537134,5.956093626821451,-6.798517890265387,0
9.333096380873393,7.287325329119465,5.746516749147904,0
7.060189109347203,-0.4978327013632917,-9.601970325198444,0
-4.111022158608286,-2.278981286963284,3.9805482808418997,0
-3.661559896874447,-8.335538675838555,-1.9422084208673844,0
1.1360252491670035,-0.388801183274639,-9.764698112660046,0
8.72309548321562,-8.624921871550251,1.7577138385956346,1
3.9205959334994596,0.9943451032662214,0.027929571906486927,0
1.4012234017872984,-1.656714420485958,7.46768328742095,0
-8.05647012458463,7.554988097252497,-8.319965709587487,0
2.3001445339833957,-5.920107927812253,3.630520597733007,0
9.801077002085265,6.529292189843659,3.6021939686655458,0
-7.19831969526952,1.153773823709054,3.381600337245665,0
0.3665930472747352,-8.90779393573062,8.846689898700738,1
7.5474614385591074,9.436906026509693,6.461750580137608,0
4.815372355084088,0.25230488206399926,-9.16054547512988,0
3.9403148199053604,-4.18246291536835,-0.5783429859097371,0
4.049681679742186,-0.6118631602148383,-2.04093887597333,0
-2.8101769756048967,7.1571556703497805,-3.797055578183959,0
-4.128163114710133,-3.90193751229873,-0.9732654969180548,0
6.187223109570272,-6.146472070265993,-2.3161163014804504,0
6.202267893583617,-7.418575061382371,-1.3533220024266939,0
7.341446371602075,-4.042812032195775,9.58523731217285,1
8.264811051129428,5.600961740800869,-8.227340505008385,0
0.030325893743992083,-5.4503679261292,-0.39526573057946557,0
5.965903579335503,-6.6763000078050165,2.474844909990823,0
2.999278615555303,-3.3454104697924176,6.603659332353878,0
4.039337545154067,8.798487457714177,-2.7907394170148887,0
7.8001068363513255,9.762481519092706,-1.8096303944257208,0
-3.240096862969284,-0.29539088469287655,-2.505379549284803,0
-2.48834094720112,-6.416721634196982,8.510586432937899,0
-8.12036120318262,7.822801835870187,6.5785978238602425,0
1.5656028199234804,-0.7928925373034623,-7.820000202740478,0
-9.281154524065158,4.193426870090489,-7.83753295045808,0
-0.6880396373507978,9.674231664183036,-1.4426097029401763,0
-4.269174957434312,-8.066108804248657,2.3818619054223937,0
1.816665211380215,4.409134829255123,-7.126167854765322,0
6.452011213193167,-9.21276240360541,-3.668073031747065,0
-2.7961871717747417,-9.563065760275965,3.543814473453109,0
-7.458789746962305,5.489712062395817,-0.3192211954430313,0
0.4448652010960874,-7.311331452609,9.565389719979763,1
-8.29305070012464,-9.457866953275339,6.912526002300375,0
-8.966365576627846,5.670030051758177,8.224686206293427,0
0.6270926313629595,-9.789735509166931,6.412547868380734,1
0.8127024322021299,5.2377978875496805,-7.441001181604703,0
2.748598029964132,7.866089875762455,9.958302688245755,0
4.52182667445323,-1.3432015788565543,-4.828315568944523,0
9.517041589250692,0.7108494619559647,4.484098256167401,1
0.3260069660239058,-0.4603321476469251,8.16069752671443,0
-3.5408705411750807,-2.2158276275312243,-5.286257713385812,0
5.903723895374073,7.748490707407207,8.165171093541321,0
-4.583354974758516,7.878670213399811,-3.8103684161026603,0
-1.2205715858872779,-3.283672707169309,9.528264447681124,0
-8.430872373154681,2.3013950802939593,-4.374799592390508,0
-9.49298513169085,8.538151242917284,9.068716495156703,0
9.252968293558503,9.241169978827031,-8.929106982146502,0
6.719602410244118,0.1791808084409503,4.18544023339626,0
-1.8209411117146033,-4.426113681429484,-0.4424584575453867,0
-6.534113598583085,9.1774374638082,-5.5301137148832,0
-4.995142036708094,1.596591520954501,-6.183810171073858,0
0.984533294122409,-4.3489946496272225,1.0568359196953647,0
4.291918454001246,-4.419834193044068,-4.9350927391949835,0
-4.401322061081143,9.975858716313091,-9.427376123286944,0
9.097305613263881,-8.900673863203558,-6.005434397775269,0
4.757938333915369,1.5708363640706295,-5.153787872251046,0
1.0870810502280133,-8.348556839294456,-1.7186434846436711,0
2.2344149246870444,-6.909583400189621,-5.34539516259893,0
-1.6079987514442013,-1.208741164542026,-0.17301819462429435,0
-5.045380209976851,0.20920262692882652,7.449310465170779,0
-2.8805464269747683,-4.82415183270952,4.241268428183416,0
5.156922209287382,-3.6708573825116764,1.5992396107022202,0
-9.712130227404883,-8.26065959488134,-8.219936440346407,0
-9.079947159564945,9.331168787610881,-6.671714313781203,0
-9.185423953620598,8.894147633449634,5.7273477192339595,0
7.109211680220145,-3.3024341972603004,-4.998864829796936,0
4.073157187600474,1.417078725575232,-1.6590254335819825,0
-0.5165234182534952,8.191907822218887,-2.990595953641442,0
-8.04331678697997,-9.876323547182066,7.176278293497134,0
-0.1676824976633533,6.2136714067518355,-7.469110825731837,0
-0.5305645843886868,8.967391055778378,1.312897647695772,0
-6.535962601799696,-8.17348531332886,-7.158767811138755,0
-1.3229670152405397,-6.771046279341579,4.095916722643732,0
-2.0299053120525308,9.214926055427107,8.101562555889622,0
2.3170019610443298,0.7508028728069256,-1.3078469226549316,0
2.7018730173528756,-9.716067310565526,-0.23815479470048295,0
-9.09391980455911,-4.847360024729417,8.548456729655246,0
-2.5077477074705756,-1.0011265146228077,0.41982777298714247,0
2.5171983142847267,3.858178220495354,-0.24803123900878177,0
7.129796823766444,9.90843025850912,3.784594727259039,0
3.1738726323789006,-4.249776012324819,-7.862332498259372,0
-6.741311458371406,0.7644020373695053,6.422210554830322,0
2.8483855641263123,-1.887094811055249,-8.55302980205029,0
-9.469773789167563,-6.616762123151596,5.723653383964262,0
1.715511625469265,9.549131263676852,-2.461000566274558,0
8.804604828499151,7.0663437333317205,-7.992650098098921,0
1.50948355751758,-0.03333943411525553,2.675580790865011,0
-2.236601475869562,2.064908453680596,7.6026270686728346,0
2.8657643688470635,-5.454778928806753,7.755070188279728,1
-0.8349421901696665,0.875741407834937,9.153269496179462,0
0.9123357863186996,3.899402662429516,7.354109195333759,0
8.829296175530502,0.30334056773177664,-9.957181613090496,0
-2.2779472439845154,9.805703411698826,-2.3951766717321954,0
9.223811276478283,2.226833124954524,6.370851598110061,1
-6.084177304214071,5.443040552316763,2.0309701275941237,0
-8.612773982496691,-6.590749768367159,2.126338947490641,0
-7.984439972451467,-2.3096837258746694,-2.6994939192235385,0
-8.111140784881432,-1.3638580978444548,0.06456690772235163,0
-8.57622703079542,-0.31653935673185174,9.95027491323792,0
-3.6204873941247744,5.880289005319256,-0.12999271854766725,0
-9.534561285283482,-3.1586113068488935,0.2613884572687617,0
-4.362904504532001,-5.234206588938168,5.537206537965629,0
-7.636703447566875,-5.512340404004091,5.77163530216942,0
3.9347433072830125,0.09005848109671533,4.160475679958235,0
2.5788569355976794,-4.783015080758222,-4.915643418666235,0
7.549440270541059,-9.818259300975674,7.241681716804628,1
4.701420876077716,2.96595054597603,7.868869307525301,0
6.06961860769697,0.22187642944795982,-6.116946067629019,0
-4.35930854857387,-1.0896437101367766,-7.390887268972122,0
5.012295032817168,1.4239836792582743,7.366479273007357,0
6.136694785345281,7.268631555787689,7.864722944198935,0
9.810102840013467,-7.210995275896797,7.727527692487904,1
-1.7476464617714704,1.3841292625885533,0.8337364806745668,0
-2.559638284144336,7.359592534618059,2.928034733315993,0
-3.183929194939643,4.36028356254003,-8.975873016193418,0
8.615146512071295,-2.5591286437558525,4.910061707055453,1
7.168255036860238,-8.151009659258667,0.10664066671760608,0
-1.420119452499634,-0.8419940974585707,2.9541814958045958,0
5.017421355829947,-2.1104121832228495,0.052796099510706185,0
5.0908574816936465,7.341203647578947,-0.16377355355088064,0
-7.937522623281348,-5.120093952950555,-6.564217810444664,0
8.051058133591333,9.33468455070216,-4.425725697177021,0
0.10504744895714246,9.162762396089924,-6.822946161120884,0
6.529149322154833,-5.047367138571226,-6.086674087493151,0
-3.599007979387765,-3.0389608904535903,9.459547608406098,0
7.9104645699240095,7.911114817477699,-6.937731084556031,0
-2.215966425316738,9.33244441792215,-4.6145915138958475,0
-9.783246970394032,-1.1312179432791183,1.8117931547716992,0
8.107639528385274,-3.5800590871820432,2.203571524732837,0
-8.174266464277329,0.5218802650308412,-6.920517405123419,0
9.001239341016099,-4.530509692500404,5.704057358256501,1
9.012142938751122,4.729463492381456,-5.253645915922178,0
1.4687577624657226,-8.96685285770718,-4.226673946490791,0
-3.4267090926016808,-3.687335692656955,-8.35533556978799,0
3.450369121540769,-0.17960474662180026,-1.6347183819484847,0
5.0474905887536,-3.585328353768576,1.1860374415365413,0
5.83158087451697,-6.1548416306381615,-6.251774240324462,0
5.792362855891078,-3.810609018227982,-1.0354683578355086,0
-0.11159390594837149,-1.7777316601030275,-3.4524663976920156,0
-8.848824799667113,-1.1057444628332842,5.618896379009744,0
0.9905776464747102,1.5308997990227997,6.8089916327761095,0
7.754083655165996,-5.16797447128474,6.7731430898491425,1
-2.9816997489584267,3.6256422106486763,-7.9284686779397,0
-7.140166358943283,2.146488335861319,-6.944991366647669,0
5.230212634349446,-8.228433207267118,-8.34145694980548,0
2.364361266325222,3.5374455165515286,2.835508088820225,0
-7.977546477544195,-8.71810577927649,-0.5612526848941144,0
-8.317863877700052,1.9228529909979386,8.157812008256656,0
4.019382629182399,4.791623544434852,-2.7362160781830163,0
-8.544739872716129,-5.780602187600992,-4.2569547312474265,0
6.437201185807126,6.832440150855483,0.014698122883967102,0
4.1248445431299245,-9.392923889339915,-0.8810762846267739,0
-8.373024387162005,6.876257273166122,-3.111439075656235,0
-8.30324571829616,-0.7934189871446975,3.874825973966571,0
9.732791570023508,-5.64824120136711,5.191236678278166,1
-2.514584084877594,-7.32443710012064,7.059679380602731,0
6.255991345150051,-8.546688248376865,-4.666876157349911,0
8.944971547677174,-6.018131601281487,4.321869649799231,1
9.720021276457416,-3.0435530513390807,-2.114835290085095,0
5.0675637051788325,2.4046969792224093,3.5416394390221626,0
-2.4748082893816843,0.8960217055219672,-0.4803661930155929,0
-8.329985666026625,-7.48713015175372,9.875462055358632,0
5.542938318548735,-4.205440325235708,4.578042715814998,1
1.1680849947161,-5.224964578279518,9.049826008686491,1
-1.5155598150604739,-5.729142910193172,6.699390989623716,0
8.12708770189472,-1.7771132704002586,8.05802022326742,1
-7.776050353876974,4.080629051833139,6.2883839442935,0
-0.14749791418281788,-5.650941355655281,-0.8168173924817719,0
-9.772927104651618,-2.666422405940372,-4.9642309330623124,0
-0.626787160117475,-2.1816514631767543,-2.5935964909895564,0
-8.873934486363254,9.529130588708203,-9.59527534720099,0
-7.623641674638561,9.093327137581376,0.4798633492933426,0
-7.649475064457903,6.002751655041518,0.10115600540817482,0
2.984206042321272,-5.166821583616297,0.5050092966097637,0
4.920897585308467,-8.639253718166607,9.480624499441276,1
1.667375301943192,-3.661917245587505,8.229080069096785,1
9.243450969490837,-4.664109011323383,-6.76574443339784,0
-4.285758274362785,5.554558201355862,-1.5208764107347612,0
7.3719825637892065,7.166458777577162,-2.7893416429670452,0
9.264450788812226,-2.8064887755386447,0.48075339735173905,0
-9.756910506203674,3.744686869213659,1.4419963394325013,0
7.822862273961423,4.031305312058846,-7.355769543594006,0
0.5540221817259976,-9.803448948604244,4.278291681672686,0
9.859295922386007,-1.816348250830229,-1.2912774219592897,0
-8.524068705292024,-3.412414613958486,-4.107021938749991,0
1.0770856880264148,3.867550770377049,-8.999623581956273,0
0.46195688340297636,-3.918107280574324,-2.891266385509372,0
2.5879727627052507,6.23254028889707,-4.969739206471983,0
3.9149737796923425,-4.121664789901325,3.893434591939151,0
-0.9091787046445354,-1.0734728002687746,5.389707746311741,0
2.551161601681269,4.540370540282678,-5.104209619411504,0
1.6862862384620048,3.858404584495771,-9.011051266413055,0
-4.380736208155394,3.2463582707916476,8.74224987842944,0
9.008229681531176,2.193638165515548,2.5523974796541182,0
7.805275677818326,8.301969089800597,-3.5630672959735943,0
-0.8868649442857404,-6.872757167102499,-5.070441808465276,0
-4.452376340377347,1.3653723253753665,-5.290571659782457,0
-6.237576805524774,-4.506682604241892,-7.245433969657178,0
-0.7260319012003578,-0.5113017170565186,2.243324414462913,0
-2.9329554394789437,-3.324468058604044,-6.669088228123973,0
1.6731222370174414,1.5862680557692173,0.5725967507323855,0
9.48789615332333,1.386099688244041,-4.03916603306171,0
9.724214889592059,2.6344483665316805,-9.298701019625625,0
3.9632342803949037,0.3749569422941885,-9.254922387716078,0
-3.8094476742734447,-5.342828862478115,4.782493342730925,0
6.275900394138972,-0.1599654113583444,-3.639805903714038,0
3.694623451077586,-3.795294325105905,5.926003719353272,0
8.21854368987685,0.08265683836876647,-0.9400379834007229,0
6.450744858463381,-3.543804131042993,0.2576520501914743,0
8.99599826583848,-4.837847136531705,4.260629127502078,1
4.5143901677672,-0.7202916511923831,-4.529942683405858,0
2.268303918715798,-7.334314838356537,-7.568253009329462,0
8.654569667080267,7.35404195838478,-3.4604475351452146,0
7.321277790008168,4.152411714810707,-1.1501737266392524,0
-9.095626597876212,-7.875723448230875,2.938934166746108,0
-9.47266051005496,5.51754508939386,-0.11748517717458817,0
-2.4707326624390085,6.1591465621803785,2.4055763420168574,0
6.211066615636657,5.355292354286753,0.8840000422725574,0
9.74552258629889,-7.720682257615177,4.795927438721982,1
-6.991662177929436,2.878159141355294,4.1187323542323995,0
1.8826143070427026,6.686495914987972,0.6837978361723849,0
-2.3821828673795693,1.5470680243933543,3.5780604171941377,0
9.398287956292066,2.92814750456178,7.471192045452256,1
6.842378462714173,-0.8327304114738769,-1.3545742442366286,0
6.766574094222758,0.5741463976810515,-1.744738545024127,0
-0.6261368041005948,-9.312462832965496,5.284912417047602,0
-1.703609953246696,2.7792604394656912,1.6510767408398799,0
-8.872490066981458,-1.299708113195532,7.842240313821627,0
7.294447525101063,-4.1468980466518435,-9.384337955247197,0
9.994353465722611,-7.331673289535859,5.175882854086257,1
9.93273674147811,3.832868039466364,9.06222170563861,1
8.89531459764856,-7.913738252962357,-1.4431885874589412,0
6.992947813548231,-7.089690344252817,-3.387340902809159,0
-5.053037965136047,7.542551237970034,-8.19362879401854,0
-7.4168116969701,-0.6547800798499477,-0.41918548650772713,0
9.081020545174447,-7.865763617952915,-7.908910836979515,0
2.123492689017601,2.9911201351392354,2.249790141941668,0
-5.427143889930745,7.359991837901799,4.759062405058769,0
3.434013688117135,6.563717386469058,5.345566021072965,0
-2.8367456393431905,-8.494425666966528,-1.8105851622244558,0
-7.72884815600742,-7.75205945647974,9.06145537244274,0
3.4314639118559924,-9.013820257803506,7.308588101653722,1
0.40615401807586693,-4.850415670150614,-4.06996857952122,0
0.40327002223986774,-4.799039194951322,-1.292212077439732,0
7.043630006370801,-2.298838885620766,-1.962025840880667,0
1.0381367754897113,8.859655681422712,1.5143861066240856,0
7.533072053166901,6.699475713659247,4.999739687599504,0
-7.319695430987185,-7.749937389467365,-7.903547181184689,0
-9.42434647373322,4.718408127478977,7.165826711062124,0
5.1027451134723805,-4.498022368817511,-3.804708336296258,0
2.406191027069294,2.7821569398941275,9.42594920613184,0
4.081595361984471,-3.1807605271402295,-7.642797826404597,0
-7.272570488264605,-4.728970410064443,-8.17976386234966,0
-9.709106686642361,-4.417390584514607,-5.37927724105881,0
-2.9882488238680605,8.613445111247966,-9.068401158269168,0
1.7983537370926612,-9.507111907273547,4.102262932779899,0
8.083173889874967,6.727571548207987,8.570441500848595,0
-3.0348906595339926,9.488786212769508,1.8059814351119918,0
0.2797897831962164,9.51203838313305,2.6001427089304645,0
5.673060254822861,-8.694464848670723,6.908384034015398,1
-2.069144353574597,6.436786455058051,-4.063995898963222,0
2.4417340045574694,2.926198673147626,-2.9146855734474837,0
7.247274174934905,2.9468426874618245,8.119038383892885,1
8.990412473152844,-7.433001467706104,8.019269920775276,1
-7.058530381419241,3.0037433289130675,9.529655524017418,0
-0.15767413840923616,8.236371390788939,-7.452559279332782,0
-4.8351122340208335,-1.21738678390299,6.474485722739747,0
-0.8172848752347743,-9.201040534278114,-1.8032304378081179,0
9.600651505709543,-2.7541301999959034,9.816027118918758,1
-0.14763812014260758,6.527806232011105,-0.5543807134239778,0
-3.424967794249836,4.029982029303321,1.0767216500444121,0
-5.197087624436138,-8.897969296823378,-3.565259402834444,0
-7.4224055617870155,-0.6195012056423295,7.91302460803837,0
-7.439083220844552,8.57111065788272,6.053516250525735,0
-7.223456547011797,-3.766941666907022,5.535365427001457,0
2.817494896064293,0.5063652890144272,2.5169333210122,0
-6.3623983120171035,-8.678893843556798,-1.817124241647555,0
-3.086654333522736,9.451364712994735,-4.919577018088745,0
7.935768198120236,-2.7988019613854798,7.1945756700446495,1
-0.5207671947425538,-0.4426529017372829,4.003765185881061,0
-6.553602575967403,3.6502346023240033,2.1913706779692816,0
-6.621298738556709,-4.637135407761583,-6.12599414428596,0
-4.4281932193608275,-3.6866303767186803,-5.8323264198234925,0
-8.225949324858888,3.110199436922251,8.225123036685762,0
-7.587282577987984,-9.20405745328695,-1.924867790433069,0
-5.87332563188415,7.393917697032677,2.974938744733084,0
-2.714602779038491,7.816642965792671,7.423740927006357,0
0.06834541709713804,-1.019244792600766,4.966376022449817,0
3.807896572587307,-0.8139262357385242,7.375144610731745,0
-9.213757203178021,-8.460616339839653,0.7310934202159878,0
5.988207978180853,3.415300508860714,5.037524887383817,0
2.5580077898181557,6.425188407456911,-7.198708812821271,0
-8.364819361022562,-5.106898907905739,-3.0345076927361703,0
7.471572482135546,-1.5739823673327074,-2.2090167103695517,0
8.417448010636264,6.776786735305407,0.22591492492069065,0
-8.778440802902725,7.542409353245759,8.581527205136474,0
-4.4624470370559255,-5.136400394715482,7.485931204443485,0
6.124025595861227,1.0114126908272851,-7.309490154216309,0
4.965193807673167,-6.150136987283458,-6.544206962350736,0
-6.3095796128724535,-7.962424717208869,-2.8471890082217737,0
-2.5905579441723603,6.410150084642183,2.2954190631252462,0
-0.30954029617957346,5.2006980360634785,8.055520955290898,0
-2.621727208604552,6.874575854205148,3.07205905070453,0
4.94941876267513,-3.1520975340828077,0.5040440046159418,0
-9.266335942188043,0.9295272205075289,-5.833461062799206,0
-4.951261113119585,-8.172935145528884,0.4937682418695477,0
4.266991717691049,5.132930987047978,1.1016520287530227,0
7.9041367537439875,1.648701537765918,4.849151284271132,0
0.23354884231332207,-6.26819806253665,-5.602340205853018,0
-7.856559773204479,-6.3150269685465155,-2.7194506157086735,0
-1.0517526635309071,-8.85995224896132,9.188791914823298,1
0.6523453291004628,1.7559689874336968,-1.1211007934656223,0
-5.150589927305407,6.806963551770163,5.10187934596293,0
-4.615135381012381,-9.650035720252228,5.016227627488782,0
-2.454316737907547,-9.019907100574528,-4.689116303935172,0
-9.598576044445473,1.4554055337389151,1.437393787434642,0
-3.5584166883364343,6.389913707721046,7.886057866372962,0
-3.4500529564417075,-3.0077120238455564,8.902350146850921,0
7.810545614797899,-4.51574221751706,-8.516817884519385,0
1.8718490710809732,-9.467832678446317,7.829077462894986,1
3.582046382889793,4.704570362031921,6.953623959244332,0
5.783424772146766,2.5129982588290627,9.851797518676896,1
-0.031156021418855318,1.6151199811131818,3.5878697622485216,0
-8.261594238251526,4.833682579836463,8.73375853334299,0
0.742130836370956,3.50461675124075,6.538980501682218,0
1.736822360417582,-5.882360236433577,6.888526662401738,1
-1.3668090754064117,-7.4777971664275,-2.3527080416657835,0
-4.324481884025511,3.523914927130784,-1.3576564876821102,0
2.9183448266320244,9.254651677222782,-1.0777138574962457,0
1.4155660933782386,2.5669423509888887,1.2963662792039425,0
-2.878065482043075,-6.317973532780861,-0.5898984201534567,0
9.730304975859593,-7.886993091021386,-9.040648828410482,0
2.1154963871377426,6.257019430735156,7.640963720153973,0
-5.25546416528011,1.5751295271999854,-1.1121236216846047,0
-7.964350547591925,2.365700420274397,1.778872970146974,0
-6.94281721631336,5.629241775094185,-7.21624394484026,0
-5.080845432309838,4.065544554649032,-9.932243040347217,0
-6.786372534808887,6.689165057121933,-5.094198127127141,0
-6.268659518973885,-8.875721890802431,4.0917206426670045,0
-4.298096626123058,4.950412734930097,-8.016109397742428,0
7.9353084925285025,-4.277299150833713,-5.699548612876308,0
-8.395325086767155,2.8089454798650575,-5.908127714164484,0
0.4902277914050934,-3.7167587232605577,-6.369840767570089,0
-1.7920634602067693,9.159421329649081,-9.720365740572705,0
9.647572338172129,-9.331528551289924,5.436109369564692,1
9.389408665507379,4.244404103543173,-6.236000366402754,0
7.310142517879605,-6.482194331626758,-4.294440061182405,0
6.3414414189856,-5.292334762032849,-0.4814660527007337,0
-6.582248252198683,8.296698999937561,-5.0529725636451435,0
8.587519782551716,-7.115199577637929,-1.211035534141594,0
1.135257860278596,5.179536637080613,-4.043053032799564,0
1.432253789397997,0.012390646678619888,-0.881681259557725,0
-4.4004181267943165,8.235702247635427,-8.575865649175348,0
5.389858663838737,-7.067708856803154,5.97374741860725,1
-6.259125028849533,2.918557860460787,-5.1339614403406575,0
-3.526415271915127,-5.342417076963699,4.508242463859409,0
0.15220757368910043,3.6685883031454107,9.10197112331372,0
-5.151805351698395,1.873692398174665,-6.139700291886028,0
-7.703263505215929,5.096549167246625,7.6548415241416095,0
2.212400848832651,-3.8107484710763533,6.189464192308691,0
-4.227388935194885,-1.0405668723562016,9.35719848162832,0
1.6247644284522451,-1.8905664733916296,-0.44218678108500775,0
-6.912745694515953,9.681789279330285,4.54794587691903,0
-0.3771979629036508,-4.155020865212242,-2.585786859244319,0
0.6517886510317172,-4.1036552330646625,-6.312635239606124,0
-8.963529263551461,-2.9090358234278524,-1.1384813413310226,0
-3.267914436121588,1.2918816258064307,-6.685019692230902,0
-7.311706461220515,-4.953545114725095,9.64089245572768,0
-8.732500590544646,8.305798807585479,-8.075070177185673,0
-3.5529231005055406,7.916314631203893,2.5292771050811176,0
6.197488917092699,-7.930498727068307,0.7615908574810852,0
-4.907186904724723,3.131254047993046,3.2437177142366718,0
3.630054444478585,8.139710368764874,-7.676384499762181,0
5.204557197793731,-6.625011232035409,1.100370484105822,0
-0.5684762289968326,-0.9423327916897666,8.803521266021132,0
-1.7631817170546285,8.914302168820491,5.241433068794514,0
-3.0226346691400945,3.5364008726009395,9.450289643194854,0
8.590582884956518,-3.968262602528969,-9.248878605196209,0
6.612388155754584,-6.233949501657872,-4.297336496385826,0
9.300538213330253,-3.925299075498012,-6.09154826723302,0
-7.514055530289106,-8.1396518147465,-9.77690825376339,0
4.617349504072886,-7.122640673133405,-5.153485395073572,0
-8.67007465266445,5.911567525151728,0.18006890965236444,0
4.822412985801181,-7.172328915673196,7.756362299299973,1
6.836575535165441,2.868578990346615,-2.1074186018793606,0
-7.20455246747421,-6.056340360638675,-2.550621221757834,0
5.905346237197804,-8.047799237820168,-0.885283719830305,0
-5.967453599045109,-6.663028435888448,-6.459171178801872,0
-6.72688114268591,8.474627917535521,2.6800153483197615,0
-6.714684041380141,6.429425055523815,-2.71694361790789,0
3.303944413924002,3.116415346547857,5.131053201156327,0
7.5440108162621655,3.6534230492551867,-5.801363366530312,0
-2.1510978515472923,2.5746803011998587,5.523037282112458,0
6.331988789431541,-4.677972629253828,-0.2718180201782694,0
-1.217301828595632,-9.219871584743638,-5.50499923645285,0
-2.4611114115018484,-0.8886643601978239,-6.096507699199876,0
-0.7464042866078717,7.8194776938140755,-6.691981909972819,0
-3.972442516717159,1.3899451703715187,5.543223924111899,0
0.05440780184958349,9.832486859224563,0.5328452705039499,0
-5.355746097063654,-6.727675917234475,-0.9690727805388715,0
7.991491465491368,3.8355527828396454,1.5922179845656785,0
0.8710572222797719,9.599108947165568,7.354947801634612,0
8.12944221929094,9.712014679056008,-0.9784785635028079,0
2.484759918279842,3.7335722344825903,-9.692674985305533,0
-7.662039185832718,-5.127704160356115,-1.4711238857139364,0
2.5541610614283563,-7.859417315779238,1.155295181961236,0
-3.3018877068582775,5.613986083432573,3.0267221160041107,0
-7.214558546732254,8.20392248289393,-6.91848535053833,0
5.880503785405919,-2.343332104631295,2.9307019756146513,0
0.6692218395264309,-1.397145358063474,5.010479613934979,0
7.877851661019154,-1.244698900237431,-3.2182477347464005,0
5.771944224490614,-3.792582217837599,4.197908667629072,0
-6.9665024053449764,5.242592409006493,-9.042688021877858,0
-3.765558644089035,8.723531283330104,-1.8427994881817327,0
-5.030217203710685,8.815017184689221,4.100690445266654,0
5.249173714813811,-4.943251986194214,1.7512354429959665,0
7.535312735234989,-8.65430774156971,-2.929022915913258,0
-3.158365025681851,-4.640054662312441,-0.3509705923776494,0
6.425146093440258,8.244164735630513,1.9469860195570625,0
-7.7873652608958555,2.6635734979154453,-0.5507577217021904,0
6.929045834690363,4.421093217957438,3.966266478811203,0
-7.450226753360352,-4.856952977818083,-1.3260613378608088,0
-2.0542541887926546,4.387763111496405,-5.954536365159393,0
5.9459073155910716,-9.437569874441525,-5.721324343979055,0
-7.001651453024524,-2.493573084539724,-9.883924623141178,0
4.445051367861325,-7.0780686891735956,4.978352809570392,1
4.400730730921488,6.460071488938695,5.883254176752191,0
2.8229526577059456,-5.299374023761628,-5.950649158085,0
3.8789688893420013,3.045622256368926,9.180879937428156,0
0.8544888669519235,-1.8960571484934068,0.048055869602535495,0
-4.964018821860945,1.9208719095529432,8.339574980370053,0
-3.086080129921611,-7.850988947421838,4.135305637232623,0
-6.368045663971486,-9.661744001567854,4.448668460448262,0
8.169011226672566,8.191288547606025,-8.299127573878577,0
1.6678358953224084,-4.607399824656344,-5.600177462061387,0
-0.7598839271173468,9.987006009444002,4.32255280953475,0
8.945666792236306,-5.771374840021776,-3.1112342314298003,0
-6.932971937678396,-4.6965851763328885,5.733050321526935,0
1.7245966403359443,3.2571957526933133,-3.2212756012594745,0
0.11777357768932006,9.308972692012425,6.386675045977221,0
2.229084708692957,8.316286963814878,-7.38603492503374,0
7.442478178883029,5.902205650534494,-3.1824692083212707,0
8.642365649672247,-7.285082938001979,-1.8302522223545346,0
1.3026636717841793,9.548763684080246,-3.0259437831404323,0
8.449987623545915,-6.725420842416581,-8.060972147465705,0
4.144772686267972,-4.011537503937868,-2.975659607230239,0
-6.949219141714773,-7.996900049864662,6.744799990309186,0
1.5257672033362635,-4.565648022036406,-8.66405845475656,0
-1.5173865739522796,-2.43368785669481,9.726336845440258,0
8.687340295380295,-3.155489504421909,-4.17454955488526,0
-0.9832125719173579,2.593671905184058,5.527827373054521,0
-7.735239083184895,-1.6767810718768459,1.9185362423346763,0
8.416837652347446,-4.370453950981612,6.6641891382052485,1
7.3979272412425665,-8.59862608557621,4.1123960836028814,1
0.3767611425214419,-8.86748885244884,1.5468345039274052,0
1.8255087148985858,-7.5924370098893235,7.794706695661134,1
-2.019945922597395,1.6153716722884326,4.006127077676142,0
-8.904767223559373,8.575268424109847,-5.966000747379492,0
-3.296055167081981,-0.06513143988031089,-1.4050923784866658,0
6.057068971960227,6.8589096491239445,-0.11914266128533413,0
-9.907359539907944,-1.082267602803844,-8.895647464991887,0
-3.3300165661771164,4.171670915356504,9.092750267201115,0
-2.0366261281811333,4.637454745730016,-7.42845478406243,0
0.7479120587584571,-6.520725881933227,3.949225344534536,0
8.397112328255211,-2.7756788204837646,0.1246207218176032,0
-3.073080112680775,2.7460431307604782,-9.48735500231155,0
-3.0609359620754457,-8.586067836312676,8.494949517287232,0
-5.507903541200361,9.924489860892773,-5.421153277211095,0
-0.9512096773461316,-0.5093287475511854,-7.567542186398115,0
-7.182859592404003,6.321135142286472,-2.732150411357468,0
-6.472260269875534,-1.3586542986676449,-4.89143437907819,0
-0.03264454521040605,5.927814452394177,0.13382402012597439,0
-1.6214910099090414,1.908296032402168,9.328185922468577,0
8.296918021362,7.731908830047967,1.499069864592828,0
-2.7521220176673378,-1.7811489529978015,7.798621117801957,0
2.6452857583906066,2.600373612376547,-0.4950694682559913,0
-9.738110868233328,-1.6523411639905348,7.092151254667424,0
-6.439280662604972,-8.128811861753288,7.372563410207221,0
9.221406349389103,-9.666568988007338,-4.168464608484694,0
-7.026745444937741,7.470685284904292,-7.423738524740237,0
-1.7075175254595258,-5.270501755226109,7.106289287258768,0
-8.293006638427123,-5.769865014364639,1.7483032758533348,0
9.937485036918947,4.72070800852131,7.781847964979203,1
0.04390020662485128,-3.599677738252165,8.756544139847662,0
1.9077003464008762,0.12089384823673122,-8.927432192571017,0
-8.65847045223145,-6.749778694050875,0.019386037177365978,0
4.999209407983557,9.194914429239386,-2.500709018509415,0
-5.801888138088285,7.031628000344746,2.5171679414023433,0
7.961085788814273,7.275792459300064,5.87182394404647,0
-5.897207190359857,-1.8645250285598962,-4.388195680512621,0
-6.186245586726669,5.247224274143456,1.1359676874634328,0
-0.5586610978000159,-9.827619948164394,-7.31137834328532,0
1.2968226652523285,-9.600541348439437,6.281338119025335,1
5.510552333900211,-0.8921018950411845,8.990748742273034,1
-0.9342233050394473,0.3603069781703958,-3.209421617386134,0
0.4878053865516012,-9.850737191655611,-7.837081153256027,0
-1.1847450612354375,-1.5462676068514867,0.1300240207385066,0
-1.98473878249348,4.361363224017216,-8.283784565811223,0
1.1928066261643586,-1.1461259606512826,9.390530466480136,0
-6.89519508138575,4.644384126244445,-9.226300834856168,0
-6.3614373900945775,-5.339620712063304,5.070078022146161,0
7.235712420270346,6.2628400896345084,0.5020479628448804,0
8.922309242672654,1.7686248090690455,-2.6275869500342264,0
-2.533813674404941,-5.784738011401876,-8.683156709826907,0
-4.585106537128924,-5.265590482923342,2.4433384834721554,0
2.8799908647803143,2.5606092913907403,1.7044065878191041,0
-1.8253165780380716,6.5987918642488665,-4.382334538648005,0
-9.492272886793103,-1.6874443594168973,8.204434028206244,0
-6.876948052676193,-4.833991417448155,-3.9177998531432623,0
4.3194445769479515,7.340232138212009,-1.0054917881578778,0
-9.45808014993033,-1.0382902543384702,-7.995362436474278,0
-5.560556761341012,-0.2419960944139632,8.643234384272645,0
-5.378504068238572,-5.914870641272072,-2.509276950979178,0
-9.605789244912717,-2.825149789142227,-2.254176526493401,0
-7.917828360308523,9.912903533486986,2.004050941851613,0
5.998321707463788,-0.3963296947622439,0.27305343642659174,0
-6.429106758913328,-0.2822878762077359,3.8908394807454805,0
3.0549221570374936,1.3170357482134385,-8.890321158641788,0
-5.23634437906547,8.335120062374934,-4.309187794558877,0
-8.011172144813097,6.0163619971950055,6.384611536802044,0
4.445338637113183,4.373985319455919,7.10971909391915,0
7.113929362125717,1.7247099756152338,-8.162078158457875,0
6.604397291339833,-0.15265902597502112,6.689084297833926,1
3.3617027314129224,-0.7212747309021807,2.2441812651443165,0
-5.900314091683581,-5.083628259548507,-6.942257687040037,0
7.926716370422394,-3.291863730073061,-5.681235919597299,0
-9.73996152978528,9.045280290667446,-7.44292364182609,0
-8.28982938291064,0.6611058018942231,-3.7518820464073643,0
-5.842274897079454,2.630887573523207,0.2876649302204033,0
-9.469355922523606,0.8588088897865553,1.7751892713001904,0
-6.371291298204054,-7.412387660665982,5.797362147594857,0
1.6608312193938435,-2.483575619841181,3.1247978649671726,0
-1.5715089881500415,-8.017077754447522,2.1751665025910594,0
7.853434221539498,2.459080883667635,-1.7643594502845072,0
6.3488712347688185,-1.0625160959912208,-0.5238313007972266,0
-3.1636529660424806,5.559699431418736,-1.7095834121963787,0
-4.81153133137415,-5.590590380012603,6.8433206012276635,0
-2.4061518366546615,-6.708678831413302,-5.399990949032003,0
1.8058988502961544,-1.873355380724643,-9.885581369160708,0
2.4829781569826803,4.208436300248234,-5.950756327223372,0
-1.811766956175191,-1.6215275041416266,7.802302726196185,0
1.0409436170396056,0.34544339508621036,7.180926594133123,0
-4.110684809161647,9.691517927522263,-7.872231891718453,0
8.969066139243132,3.328146093898379,-0.09656815506667371,0
5.272115883195216,-4.29191863073155,2.184453255387094,0
-7.1977364846709495,1.7161678843048875,-4.501833250355185,0
7.369359517958255,-7.81035267862012,4.335954333987413,1
-0.25137603500972716,9.31673337615167,1.8983204183774305,0
7.891044537881829,-6.504300242332681,-3.503517805028906,0
5.997105118946305,2.9606063611042828,-9.492570239153688,0
-1.4957299106153314,-5.090910749221392,5.003005625970353,0
-9.550613833597652,4.3512276529707155,-5.704926683498346,0
0.8326842932173388,3.4683945782286525,-1.5941947989148968,0
2.6695643965229454,2.2899892051038506,1.5415488526353087,0
-4.842246291335954,7.849381879040234,7.458974608180039,0
-7.212878518543517,-8.42746578020484,7.272460018399066,0
9.688043614071042,-5.03425040738308,-5.822222145703138,0
0.5138036460537165,9.760279241308432,5.502921554571893,0
-6.5664142830339305,-2.21220440666253,-1.338395927957377,0
-4.553853469612621,4.652253984807974,-6.159160128819918,0
-9.632186469050666,3.6945032776200915,8.088506846343005,0
8.285976131209981,-5.7583752504524455,-6.037916115178252,0
-7.644978342197177,-5.220046395768973,-9.483856636175378,0
1.5303295102850711,-4.374308728939318,-9.5944005246516,0
-4.51889558625588,-1.777454434812416,2.4463071290852856,0
1.0835600503158673,-5.313498686989464,3.233501214350607,0
3.028407767037285,-9.606970345063043,-3.779165898860322,0
6.594836074144034,7.587861136143911,-3.5997802150587326,0
-5.871574564787936,9.31219662761768,-3.210121698801145,0
-9.780083426830391,-3.1685922593686406,3.603170935177573,0
-7.2622873986238545,-3.2298624114905428,-8.837324179463428,0
8.0003728369621,-9.85816374451258,8.582327053826514,1
7.477801551250305,3.605013766607481,-5.549579116451071,0
2.010337208673068,-7.067833992799937,-6.56954612425626,0
3.3007334909251096,-6.806673012656985,5.43092914624755,1
-6.492574427531008,5.8016649994287555,-5.531749101407499,0
8.288238918499196,2.325814967082893,-8.38306396713492,0
-1.6245895021585373,-9.102788847445659,7.498666487012976,1
-2.337229435010051,2.450939809245634,7.175025183817837,0
0.37835410565675076,-3.8216455431246787,-1.9285921510079724,0
-9.0606806644989,-2.625496890583081,4.047922850808536,0
-6.674332624878412,5.394628365937603,1.1413186536783435,0
4.760672328527409,6.218703853452212,7.059122273474976,0
-8.344026641497472,-1.9928674632033871,-3.698880613626912,0
2.0630421893277635,8.943058720127095,0.47344799997970455,0
-5.093017806373581,-1.870745640958555,-0.2925525759089904,0
-2.214087719160469,5.436720704602198,-2.9218834748628257,0
-2.8865456707010173,7.950646530441681,-6.68244150674929,0
4.380918103684909,8.155224873003572,-7.009827209586077,0
-4.057565687536499,-8.251663842578322,1.5381907064550262,0
1.3280928059379438,8.729866626204515,3.14988459969884,0
3.273423307252962,5.826214286253338,-2.185651154907518,0
8.73659478649516,-5.981773206289551,8.931276859574876,1
4.651441944205006,6.102384175093299,-5.06765154618652,0
-5.701192428184864,7.0026546937007375,3.3672140423478822,0
-9.376337298774306,-4.2169933109169815,4.802987873951816,0
-4.754719114003498,9.045201567246476,-1.0374260106968087,0
1.901558614005097,-9.002797072016715,8.75051973519166,1
-0.07267505597527268,0.751622761030287,-0.8415084027820434,0
1.9368569783377847,1.5158494224461947,1.3867040355218805,0
-3.315122183660783,2.903001666018067,3.852268868502014,0
5.418244074916439,-9.660617413690671,1.8438036085843645,1
-7.868034937324564,9.207335492442606,7.573951676521517,0
-8.497244365283825,-9.10823814531712,-2.862226754391976,0
4.563775124072066,-7.138760945531953,-4.002285198883902,0
-0.09017367587603076,-9.71970964947886,-5.723222210094714,0
3.7680479285547204,1.3371686658818938,-9.244340638708097,0
-1.3034532279250755,8.645337678419445,-9.139720712398894,0
-5.071959335217864,3.318943321609284,7.401103862185657,0
6.382046353483993,6.453149369608546,3.5678629281181458,0
5.988317579379585,-9.7343759308284,3.2106483087297217,1
3.893929417088536,0.840305969594521,2.2928563786977207,0
-4.5570972554007465,-0.8087404498895623,6.984382893882099,0
1.804613337381742,-0.020641115584139058,-0.3946614866874505,0
-8.168358533467316,3.6887072213861494,-2.811099476355217,0
-7.263627381620772,5.302976997225279,3.9731396016248013,0
9.004747076416049,-0.2941873187656938,-4.856457279511455,0
-6.297341423227607,2.9651390815564405,0.6606112297651112,0
7.458916717528165,7.447891267096299,1.8248581150122831,0
4.644497728191224,2.26232478138483,-3.704287525660841,0
6.131222957228996,-6.855922328860915,-8.953024663807952,0
3.1756673342143475,9.246761149624135,8.973123154131297,0
3.8455312903570498,0.3673092667064122,2.8298073812857556,0
6.983913031306386,-8.5420309625669,7.53837863741694,1
-5.006639822816281,2.536658088301344,3.521120100265062,0
-0.21150072713719048,-4.9360218597437955,-2.8603261571977416,0
9.753360159932939,6.356441471323812,3.514935206943541,0
8.881186793732265,9.578947117093236,9.20504650402875,0
-9.211463772629882,0.0373906204900738,-4.92661081756607,0
4.111503450313769,-0.9008624054452579,7.499541172482353,0
8.504966348313317,5.069512108929612,8.481556105885389,1
-6.388493097453329,-7.350586873161468,3.408310293179131,0
1.3589046110525889,0.9383102758624844,8.625332548026755,0
8.309765951760838,0.9249520026170188,-2.0424282504526303,0
-9.321080428284024,-8.210537543792256,9.060323520808854,0
-4.053019852548985,7.065695971344038,-9.159884651623763,0
8.487923907530607,7.123072439893207,8.137456636381057,0
9.421164903307357,-8.01524670160638,-0.3105438193361483,1
8.885329782268677,-8.185582345043382,-0.793460304443343,0
7.240853019786268,7.495321251079869,-7.012309064575442,0
6.890987970701406,-7.421948298530021,-0.6166790286520278,0
-3.6179905351348873,4.3999360525489255,6.622544334354913,0
-9.259847305690148,2.4627570749565066,-4.5416567935125745,0
1.92539756964106,-2.8786540176171034,-9.950908271123115,0
-5.3998232542459395,5.77827925931734,-1.6857738170030334,0
-7.588662284454424,-5.326191023492727,4.566310209874693,0
-8.460935967415818,2.7840365877991964,5.97543658229257,0
3.925775517562794,-5.286349308482301,8.903795222540133,1
-3.2025007246386767,4.273205662243075,2.17009225941573,0
4.4953354305752296,7.473560691214974,-4.907462666942091,0
-3.6941932433877938,7.33191377191007,5.506315077607521,0
0.7898258475067443,1.871505088285959,1.4885696600628897,0
-3.6249499413586017,-1.4491628928057594,8.486327100148582,0
2.517827528740181,-6.782794130298042,4.247880569458433,0
2.317263763646091,5.177362688358993,4.260564045781933,0
-5.340810504927324,-7.884069594544021,-9.194436745292244,0
7.401977478018598,6.292501120518345,-1.8735393630884154,0
7.49403345368399,0.2703573348354009,-9.538290388964597,0
0.5787426805442397,9.00558447222814,-7.332375267245144,0
5.975664715473307,-2.116190108001841,6.0457763272737495,1
9.958682210666751,6.964062571057909,9.764069854539482,1
-0.40248759392182265,6.935700037394909,-6.659164373236948,0
2.5501092643674017,6.638830833761041,4.3529117268548525,0
7.4735422837267755,-1.9296001511957765,5.0995746629832635,1
9.681669383985902,-3.3340028025894997,-8.220489282613233,0
5.365468277290365,-0.16143951921741362,7.224987703661302,1
-1.6446643566533243,1.4554501947421805,6.262100942216875,0
-1.5728599544585968,-5.233255787440061,-9.331939868451311,0
4.751646031777829,5.879101694311812,-8.17831170239897,0
-5.224457084633953,-0.2703446853515423,-9.017462122162954,0
-7.790517737372107,-3.319089031600808,-3.305129364012755,0
-2.9075568471844697,-7.863580140720188,0.1857798135985238,0
-4.255220166918365,-5.223096791927862,0.6469545590925758,0
-4.073837590880198,8.985623435119674,-4.646664804611147,0
-5.327844979001801,-3.898006263609468,8.231937731205484,0
-9.158136207272761,-6.622814212659294,-2.634744202561736,0
-2.313467056806367,-3.5370956544116545,-1.8355635482353598,0
3.5929456538613973,0.8821724787893714,-4.523149618014816,0
-5.634922242698717,1.034247440399339,-7.373535004713652,0
8.999223679004508,-2.868821576462226,6.383290001924596,1
5.726900288311041,-1.0539448749479874,9.922904842483838,1
-8.21177995375481,9.310358364695329,-3.4091573295223583,0
-1.6483844843014328,-2.453030455393767,-2.3675791164679216,0
7.582366151243292,-4.83546373480034,2.3607504935391415,0
-0.6519697750026054,-0.8447077459173169,-2.159409303928175,0
2.2682277842141545,5.19040297433888,8.098590339636303,0
-6.659321078158495,-5.880236316230536,1.2000797845783673,0
9.823372522739533,4.185922542815362,-0.9921984718813803,0
-5.3665659723311325,-9.577003533011673,2.933455063198103,0
2.992932979847369,5.517301304055737,5.89104588843411,0
2.154735897577183,-3.225340884511372,-9.199737389297514,0
0.25377022033017127,1.2747420289079887,-3.3538017852008073,0
-6.271234757114909,7.050852897510008,6.525382997251622,0
5.591689471335066,-6.036072271566637,4.626901903705431,1
-2.997494816665398,7.487960634166615,9.786665736565507,0
-8.843146468732073,-2.949415173989653,-4.549047042139418,0
7.675717699268514,-3.6154940442762307,5.332453303489723,1
9.898156452928706,-7.467257489632512,4.682490873139374,1
-6.522095015610255,-6.429604214548026,-7.918480871635061,0
-2.075159621946825,-0.1393974968239533,5.786669646811047,0
5.164769514081826,-8.361231219237077,0.6466120517420535,0
-6.922081873202899,8.875327644240286,3.1155460356836038,0
6.316662499812356,9.529793222957743,2.8323999742881796,0
-5.511188563266787,-2.474813413391561,-5.810275545608006,0
-5.523647703547539,8.465720420278714,-9.392051703769477,0
0.739488457868271,0.8964935134686343,-1.3275482619665233,0
1.8587986968340626,-4.605150682524659,1.3902373868884244,0
-8.170263252044903,3.1780361314971444,8.56433591295189,0
-4.687999148225879,-4.699054251814334,5.076069675370897,0
-7.4097015743439165,3.441190053234708,-1.2139345534400618,0
7.774961597379544,-8.959524899411061,4.921643131457859,1
9.113029964595068,-7.727079226065612,-5.903969501216661,0
7.2425523453090115,-9.921632500978134,-2.5787053039293717,0
6.19032149449756,9.989213621193464,2.684559976272297,0
3.1048396127804345,6.045473942949556,-9.636840687858424,0
1.017147412182787,5.734460294670816,4.44922620677908,0
-1.8309357385860263,-3.9986583418912014,-2.0171667781209717,0
-4.804924324793475,-4.306505223070727,7.025644244330621,0
4.468402273771698,-2.4805755614172176,5.513092706520668,0
-0.08248529842458296,5.126201939605881,-4.2370102193325,0
-8.379075681847041,0.7932357780630479,-3.5204778687692206,0
-5.596335961003773,-8.450327468890347,3.5775646478119327,0
3.6651752731919185,-9.639419820821756,1.2639618489632234,0
7.024138280975375,-1.7900257260524128,-3.8014018154166713,0
-0.0970694597205135,8.663858340980365,7.999665537573083,0
-0.38826845346704,2.748049624184432,3.763488734445268,0
1.8481556931903516,6.036517997510302,9.71948635371039,0
6.493619318502983,-0.6725081099090282,5.340250599615388,0
-3.043815841956139,-2.766678336099144,8.839488642871803,0
3.560323051181271,-7.831992545667545,-5.676228522590492,0
1.3146392799158217,7.518660443724098,5.429697496338514,0
7.57259972710316,-6.637638048045497,3.4152004342306785,1
5.948520432138562,0.2452112775252111,-0.614354437595173,0
3.1690366931685094,-0.252503841575102,-3.064798561598627,0
7.011634581884838,2.501831053730573,7.24808704586178,1
4.167259534300696,1.5954288352495922,-9.553965902027128,0
6.740266567273441,0.8043453355723713,2.19010244898862,0
3.949429233385672,-8.99354134130672,-2.6433555135808717,0
3.6028154352060078,-8.74185047963952,-1.6867799699910169,0
2.372227564303685,-6.253064173464223,6.640814784375518,1
5.054332791152824,-9.350584566165034,-3.803204569446434,0
-6.827897894138526,4.867057911400249,8.860976212752401,0
7.617415183978569,4.466606079879263,-6.407323472557184,0
-9.415054339308817,6.721578015905617,3.4421013402752934,0
6.516335011295254,-6.904279303077761,-4.956096771441636,0
-7.422602650531096,-3.9764882600528235,-3.504987820655961,0
-3.297622914817162,-5.0204620167727,6.695969851598807,0
4.870165125832155,-2.553858028539045,5.236105099099049,0
-6.784802079033836,-4.906724682200762,-3.4180823937048093,0
6.359340482381242,-0.22098147123095835,0.6791309386986768,0
6.64268355915484,-1.851842372906292,-8.766394074938091,0
0.14935467521672408,9.731389815586532,-5.825082352027415,0
-9.872282565663328,-8.881472997435488,-0.2835888227920176,0
-4.259237336501744,-7.156372472252968,-8.280525294415767,0
9.62372356054847,2.516823899647516,4.3601242021529565,0
2.636270540333367,-8.909814451725609,8.872673412969895,1
5.596907903022872,1.2318901542438851,2.0043722212393877,0
-7.860387223460831,-6.583725873875785,9.539421092525217,0
5.220558050040561,-6.04619393771025,2.842582937285208,0
0.825331573522206,-3.6236535425399063,-9.384268622785068,0
9.259840077179891,1.8699283164370293,4.4760555326104665,0
-3.1625566792262783,-5.797644481195709,8.109373842748312,0
2.652437862678962,-7.673365457334775,5.911604995886533,1
-7.949805440186415,-9.560363703807543,3.4260702618703256,0
8.744569744729024,6.0539481067204335,9.803835785033435,1
3.7577144460162675,5.760702991500441,-8.186758229813233,0
-3.980728661063675,-7.287467679853732,-4.3320461085881234,0
4.163441772905632,-7.087427065891532,2.801807931723401,0
-8.652987970624565,3.9486323447438494,2.1524715176787765,0
1.643409203525465,2.856131821723473,-6.930863357836758,0
2.4183103553495418,8.749623447982092,2.432591560864271,0
-9.085159323749743,3.83854726533184,-7.435401053924517,0
7.430736123047524,-6.882969268971131,-4.696382497393543,0
9.469779383547937,-5.131147664691786,6.704910954760049,1
4.993036634858495,-5.813878483315829,-0.23879687460674148,0
-7.398275197387361,-8.549553660910371,8.822806702916807,0
-9.50826167082397,-1.9494728901971587,-2.207479652839792,0
-9.557528969420055,8.400801050918073,2.1291555108709126,0
-3.5277956170091755,3.0051014218732313,5.106778590079443,0
5.4081483561558645,8.957131345073215,8.309459751470303,0
3.6659075321301042,-4.828854727195083,5.53280148745246,0
-1.0819458724650328,-3.2557501918742844,-5.433383268133792,0
-4.527466674366682,-1.9547917263291588,-9.503813399148683,0
9.942490003154223,-8.975514071913736,-2.324521392887524,0
-0.97225951340649,-7.533630178494155,4.207752948765961,0
5.8961909749985875,-2.9858042401583145,-9.120567167570904,0
3.8736445156297723,5.456801668530067,6.731875582619022,0
-5.584607744224792,6.063410232654622,-5.025134674176355,0
-8.352379087683147,-6.93174235221824,-1.3554584901791564,0
3.6099860414942615,-2.668976252415476,3.3586747091148474,0
3.090224285622705,-2.532936779363366,-1.411624262954934,0
-4.534809460035813,-6.971791121278299,-1.174243944001132,0
9.017271245008207,5.96907010102381,-8.687440093285193,0
-6.978842164381995,4.144566566708466,-1.9711290147999243,0
-1.3533039791479613,-6.1923642740593055,5.296957864399669,0
8.872318403351976,-2.6655618281240194,8.303526743731954,1
-1.6054536614775543,-7.883899502869715,-1.7300572587325647,0
2.7705189532817105,2.564131941860879,-1.5282834624184218,0
-2.0481120407441145,-7.572561509027606,4.052542126473043,0
-4.515695953026599,9.718683372498354,8.855440022105533,0
9.679552959196563,5.613641493757246,-4.6587811952127955,0
-1.8133198736991396,-2.1952290083200987,-1.1971158692412622,0
7.881984073582689,1.571278645587089,5.9194648710460225,0
-5.737905919498334,1.081985607916522,-7.7882731207209055,0
-9.377318342309772,-6.510030272040897,2.5546547112453144,0
3.033336507517701,-2.4259328883768134,-6.265074308053462,0
7.28716499679274,2.8842603197923573,0.582065353208769,0
-0.5358018661688568,3.0144876866760058,7.524067244499697,0
9.363868558294435,7.336429713769782,-0.7501145197512376,0
-6.289489685937577,7.879461149250094,-4.411151555282116,0
7.372463359112217,8.395851435588725,-5.380673035679369,0
5.531937055834835,-8.103016134936878,7.485037533686722,1
6.895664562337753,4.810190424366372,-1.482628782337125,0
2.5244064326283073,2.1343240394000773,5.466080802287507,0
-7.3751024463522485,-6.664253296326517,-0.5125472005076208,0
-9.349476410174962,5.948411078833287,-2.9771261888637586,0
8.416956956313737,4.402226670298914,-2.7780071874706636,0
2.3330062904147617,-8.277284569019274,7.044284134459588,1
5.930745819523526,-0.7238035065124748,1.0754790858887624,0
-0.3695529697489981,-6.520452009563929,4.357357022625273,0
-7.65383622075211,-3.2504590857405624,7.940770325013691,0
-7.496284155948992,-9.638378155886292,8.034833520812839,0
3.711305744579427,-1.9934026317848357,-3.4298189132427375,0
-5.989505465993266,2.3916518565417366,-9.50248235970789,0
-0.16810906517126156,3.269806902574201,-2.4632887796766862,0
1.639428038287976,-5.690741854485399,-4.5072624036603415,0
-3.7927608215285247,-6.867743702147003,2.2462676969384443,0
-0.8955970183639756,9.495201626723905,-1.2333444877129232,0
-9.767589201837987,6.850764587972741,4.5346967270668515,0
-8.551062244108822,0.01753211779198338,7.898212851293316,0
-2.150128871866304,9.628428498440506,3.4839874988572124,0
-0.4012233056575294,-8.052465417839915,-5.91066559604849,0
2.0004109623860735,-3.9386847764979667,8.653638047210045,1
-4.166748425813935,2.7644883008122285,-4.71014253305043,0
3.8996377225308514,-2.999862630536425,-7.0021140934368375,0
7.20244794378409,8.567451039615836,-8.200654422780783,0
-9.207623493032857,0.9882366412192916,-7.7247507503869635,0
-0.38986105484342204,1.8173253479022904,-7.224482317747385,0
-7.901396431636503,3.0545624755444827,-3.9993903880900668,0
-5.159099682749451,-4.886675533363711,-4.366939806310723,0
9.733251865342929,-2.7086714496027113,2.0847902066428468,0
-7.150089141969735,6.873610593299553,6.33490558945363,0
-0.02223693097287871,-6.101144620596804,5.226993124057849,0
2.3631146863623815,6.537356943467241,-4.7503109056704655,0
4.049299410882078,1.2531084580548484,-5.0937900402804015,0
1.192973669738283,5.2437502238816425,9.315830602139354,0
-9.804583051616326,4.272147325269431,-9.835275168160798,0
-3.4707738351201627,-5.849770092302419,7.594410661204314,0
0.354232867694229,1.3762547286774574,-6.005429617551901,0
-8.242670017103332,7.354463056101849,8.945686461795358,0
-2.987461375816385,-1.3576752639614131,-3.153854303449606,0
-9.33593782417267,9.331815404466333,-1.1929645221349539,0
-8.428430056899586,-0.9556979979656397,4.142412278887619,0
-2.061534475968079,-7.144287266642307,1.7533810294652064,0
-7.345684919138793,-2.211306398446535,-3.641213405863544,0
6.011733982181656,7.361963197341257,-9.153301081950158,0
-6.650348354818605,-2.9962695133607786,-0.8386612185421747,0
-7.908643193311995,-8.334846838987357,-7.363267643929716,0
2.728604990872734,4.491158183176365,3.286885829294288,0
4.129514529738023,-3.7697540197202795,-5.718950875451316,0
-9.36827710348716,5.658472285151447,-1.3429778640865813,0
8.724244924873798,-1.1469030347913378,-6.046581262514621,0
-8.960574326970551,-0.29466515314756947,0.9696717149824892,0
0.8259267060214093,5.558188134970736,-7.6789308123086215,0
4.181210389018329,-2.352733378767442,-9.537862944250396,0
7.419382474921711,-1.1374530935417084,-8.977367237866057,0
4.2817386426485555,-2.4761906246075576,9.085168830306198,1
6.034561661395838,-2.653189694454401,-7.154275627781283,0
-3.210996149143879,0.5189315380291877,4.169565062736705,0
6.296502274930244,6.175988890023014,-8.641475915543475,0
-8.397703072306497,-2.7646337615486827,-7.836792955296357,0
7.896333121210553,0.4850944107547335,0.17752502818669313,0
0.9518475230747256,3.414546508852016,-0.7025813969131267,0
6.345955399249874,-4.611211073926899,9.03160618879739,1
-0.9536343096339976,-4.449543901952149,8.896709060414747,0
2.871553903930499,8.668262540469097,5.592172850849302,0
0.5280532187222633,4.470691466621773,2.042036602546995,0
4.6317904351066375,1.5437335244661767,-0.9007936521397788,0
-8.367400359388208,2.95440108841224,-2.8764293134315793,0
-8.792958320188724,-9.414011137931633,8.94175093951111,0
-5.057935319797071,2.3620593112339368,2.0581762284937106,0
7.435671331844034,0.9149935955887134,-5.361977564621703,0
9.517305116382627,-8.370522045741161,8.90377159519089,1
-3.262084164577863,-6.133215327758956,-3.725294823106921,0
-6.357641686226014,9.014894264253435,-1.1482195335108258,0
5.793970142849583,-1.82600875458132,-7.707201128285863,0
3.1741555100175223,-0.6663368833827157,6.73848659818584,0
-0.03608567093722037,-8.945804202931221,-9.447363342881388,0
1.1072710187526251,-9.248675409120388,6.679815241981931,1
4.384035565445277,4.3436289409351545,-7.194299744240665,0
-5.4309051733740255,0.7618932824222249,7.731282252623043,0
9.926678321134837,0.17411968432533342,4.595452746723147,1
9.495863242935663,-5.137509391546626,-6.706594749853898,0
-6.009150981417097,-6.635268417830162,-3.746873712895611,0
3.6045648486258273,-6.2013051267796,-6.435338021768331,0
-9.386949955883878,-4.274402757761182,-1.929544669855412,0
-0.7475408652136739,2.9047528910666323,-6.6022665038676,0
7.365450108167611,3.0194349043708897,-2.3386864782844263,0
4.543381395326161,6.490341395998584,7.432336926577005,0
-1.490133311038493,-8.538298179476996,9.03207124999576,1
-3.0813001490607412,-4.526672301570846,8.92617798416775,0
-2.5792247403079465,9.60010926393634,-7.1020268138530795,0
9.752991274721158,1.9251715046540419,-6.4537749295471025,0
-9.19781617175035,4.1947416960204045,7.253481406637782,0
7.340629922448972,-9.85284340749171,-2.144781621505616,0
-1.2276916162081903,-9.249426849363937,-4.52256360589258,0
4.50515320830273,1.38460424182896,1.9525798639111986,0
-0.26662117150594256,8.415416992721507,5.985319319199361,0
7.468464761633211,9.368382610008158,-7.3322276581348085,0
8.014037280225171,0.8110535077784835,-7.789172711665293,0
-1.5655814625308917,-0.8359038949556812,8.441853071446634,0
-4.463444055298968,8.90034188496988,5.0229673564516535,0
1.8470065718672437,3.4721966399339017,1.795592015561569,0
-5.786756219886668,-0.6854884466500479,-1.4229127738672318,0
2.631204401850411,-0.6039135710263679,-2.563940174509285,0
4.66226044830562,-0.8906885598727659,-5.118108550147953,0
-7.368646297454804,1.6428960562948411,4.580268425859373,0
4.316499293641771,-2.8645901930149753,-1.6065541568546333,0
8.180650413312819,-6.714591010881438,9.627542086523896,1
-6.406337822595161,0.07438869179912544,-3.0102963538379797,0
-5.249133501522447,6.60405768691524,8.434548410621318,0
7.0877018673915835,8.710460455177145,5.964423631760267,0
-0.1544428710393042,8.244151424983642,-1.3385098971086968,0
-5.055378511936459,-5.813032012318025,8.35049454460696,0
-1.0938948999466902,4.826174167015244,4.886074346747321,0
0.29634707859380427,6.552205226983066,-0.6606518167240427,0
-2.8153326120046867,9.357291319027105,-5.443984885742877,0
1.859017028698549,7.796727881766216,-6.012997421106274,0
-6.729522548299545,2.0106953641282956,-1.4913761148730877,0
-2.1783692669647863,0.6010467842476164,5.109893140284299,0
9.38824644670575,-9.443178974748275,2.101429703615336,1
-4.837331345977449,-5.066871063104443,3.7725857980108657,0
3.134733290825844,-0.8077049653414718,-4.353472985361151,0
-3.496198715506102,2.570078001671357,-0.3712930808478898,0
5.469462513732013,1.1450366663682132,-9.11209470061346,0
-7.3825267856330035,4.85271979363381,6.3506483191624135,0
9.396420901570895,-4.404661382259183,9.797843244797491,1
-0.924209172327215,1.2990521530494643,-1.8624187475065828,0
-5.278990733070721,-8.237155132184157,-9.780726937369133,0
0.3954789711203528,3.8680170685808797,2.2415863640771843,0
-3.2599364713742744,9.81285474344358,5.757294391710879,0
6.577667317652189,-4.4421774802448795,-4.922319780778636,0
-1.3822495267638821,-0.03621401652041811,5.272638310942682,0
2.3428997320806015,-1.1879377188165048,-3.5437100457231345,0
4.135544337708916,7.139002597387762,0.9097629611392399,0
-6.659161841981003,3.6841815037697323,-7.054523830033466,0
-6.647615674233647,7.648823826951634,-0.9487099312883469,0
-9.266571461329141,-5.929777833362271,7.623946791112818,0
4.728040301312809,7.46722235682876,-1.5761724034921833,0
3.276090552436102,-8.804754516432311,6.791334129508439,1
6.113403059001065,-3.7082473317186704,1.6221248939579276,0
1.7070872879350425,0.241771533973278,0.1196665831412691,0
7.365425610265174,8.813803754464637,-2.02717329607232,0
-5.8831757992646345,-9.044372706371892,-7.607391209678593,0
-7.7616076120454425,-2.955380498585094,-1.6658267230554031,0
0.6233905600206402,-6.01686204805866,-1.68166934134568,0
8.732113845899228,-1.5041163733717653,-3.892370360630726,0
-9.213129186629807,-2.2889499701666143,8.510886517244469,0
-0.956019434331294,5.238687514861942,5.1571624414420025,0
-3.67687790046499,9.767411334431422,4.081713372846709,0
0.14469617376784782,-0.6944493744815343,-4.7976803396920165,0
-9.168542818992158,-8.835243383594495,8.838099456766582,0
-7.033135980758223,-4.754513563700302,0.6017699382884789,0
-9.901200381311808,8.951302526480859,-7.995773018989509,0
9.03623570846478,5.336977956355462,3.4742329544169763,0
2.782398756310007,-4.634255991444547,-9.84480703325151,0
7.358365890400442,1.8160906703583173,-0.4941404686898352,0
-0.9052028873228188,4.428983142191441,-6.1439619466708155,0
0.31192057158500575,8.82557857813596,2.5475100887072433,0
-9.400528202546441,1.2428950765517008,0.15568373902242172,0
-3.8414011681761817,1.054077800910802,-0.08319937791951837,0
-5.962930957541033,-7.477246839676958,7.799317374933629,0
3.4686486664983462,0.5906723004491496,5.716009303759488,0
9.398240922145408,-4.622769100419868,-4.074884933664318,0
-8.121985684211632,-9.579261950790627,0.9001683144788117,0
3.4520423645025247,4.456784078004246,-5.5220553338863,0
-1.1249956139085775,-9.350268066196701,-1.1216660390692041,0
7.362845087550106,1.9055368220810909,-0.3157386848041881,0
-6.457004211052282,0.7838758825462868,6.632800803386619,0
3.852519044523291,9.376293811556089,7.920567306499862,0
6.762305792962206,-0.31573721304716784,-1.7075987520704423,0
8.892284389480466,-8.727971272444053,-9.645911098535256,0
3.664960565792917,1.0337593561292344,7.235476795787093,0
-0.05650471983145344,6.821923412322029,-6.5144264299727865,0
7.378099689574363,-1.3931365262185498,-9.500581991317375,0
1.4121949327765932,-3.59402515006515,-2.0098704947887143,0
-9.392258806063262,8.13306593903998,9.719206042306997,0
8.618973910139555,-6.175157418477573,-7.986127977923938,0
3.5302677155449302,-1.8857115163810452,-3.8570009962009566,0
-5.6864969520456565,-9.178352700888894,8.101762467765287,0
3.177709404653143,-3.0542305138860453,7.386802158147102,1
-2.1227118869168304,-4.695429549946509,-5.246024793875423,0
3.024659540829841,3.721823078869736,-8.376244258991377,0
-7.868139393840186,8.975809953838365,2.5427678812223498,0
3.156906092060721,-4.639056252427245,-3.272625762325805,0
9.98827451541333,6.229318783033634,3.441687812121261,0
-9.03575922278888,-8.89280366123181,-9.357604878643711,0
9.543483684426345,0.7624202007962637,-7.332015296450212,0
-1.8618407855425883,-8.588998725802108,3.7274446554528673,0
7.415069006745185,8.680659822612785,-5.752586893950045,0
5.64770968116547,5.327025611147803,7.151753515248032,0
1.340325219733355,3.158998224091846,-8.828182245797292,0
4.768984185026531,6.477927632493284,-5.690360344288507,0
7.570311226026959,2.9503959114032625,9.971204969701372,1
-1.917193566979341,9.378887943485822,-1.3384779482641473,0
-3.459336768735226,4.279158957295429,4.05931327089287,0
3.3518677112716944,8.493172191644934,-6.346739022859726,0
6.15691883882517,0.34263784021275967,2.197374699710755,0
5.245702695532316,-7.658711740362747,4.522121367388369,1
5.95627297717269,0.5635544284603426,-3.7104672826697893,0
-1.2883337037413405,-7.462543438738134,6.577942239517554,0
6.356684323500431,1.8498695835281005,2.0683515694456656,0
-7.595818892587831,-0.35013878944674204,-2.2175398076993957,0
0.8897819592169913,2.451507956655634,1.152847866863171,0
-3.5082834019945945,-6.103190166892718,-6.68929414612268,0
-2.076546167814892,9.010071231782696,-3.1313882396101373,0
3.9093441337972443,-2.3278191928968317,-1.9819455484174782,0
-2.2288379745930857,-1.5125594789273062,5.222211769705158,0
-1.026127547549386,4.293921780132443,-0.3492318506665466,0
-5.24911738251345,2.075855145722361,8.806323064785285,0
-5.454607454736971,-1.7836720886514446,-1.6859284343014203,0
-8.536081524631127,-5.646004022855351,5.739136209580828,0
2.0689718676275586,9.320429182604173,0.9204918664150057,0
3.3642559711003255,-7.387312368852806,0.940562928488955,0
2.3898069201922905,-2.563264308671611,-8.93319673989633,0
-0.7301191239885529,-9.483220555599775,-2.0280067456308837,0
-2.404284396415404,-5.5644101613290715,-4.58532535156535,0
7.266672991436504,5.609422767603098,9.986702456622307,1
0.38163570272436154,-5.976495354222411,-3.832898587353794,0
-9.487158683871286,-0.5109364031095343,3.5246747008095483,0
-3.175043447476873,-9.80061530530963,-3.1816718161581914,0
-2.396087624282859,-8.304676911473337,0.8706875674824737,0
1.6034473845466461,5.429466897192128,7.667365960618238,0
2.1581018558688925,7.090308718214992,-3.2085371758366072,0
5.297665230842565,3.6635112647963624,-3.2955363957285666,0
6.259714774321871,-8.953342853986744,-9.159104078481107,0
4.362461524529888,5.65697235973315,1.9647551970379311,0
9.110473919098695,6.910216216811207,7.09640105984376,0
-9.635348346472767,5.981642915439089,-2.3685122434896444,0
-6.0844402863290785,0.1695807061605219,4.80071889968354,0
-9.848742500437158,-5.341963227010367,2.554008272014798,0
2.9494942830920596,6.906599513774534,-2.487025290139984,0
7.960610978999739,4.543256194802769,-7.1788040101540584,0
-5.1303540684740145,9.61522348777703,4.186477055519347,0
8.540690895926133,-6.886148044881342,7.091303378824808,1
-8.794652194208783,-5.486708338958898,3.717089848029838,0
8.688720536110285,-5.764037002369946,-9.642430319303639,0
-2.9675462552073117,5.850795352426735,-5.675342112180175,0
-7.97158343101567,-6.261854070997637,-8.610400302329362,0
-0.28256481627348684,-8.666803403533878,1.4077219915245358,0
-4.864468645589842,9.971216131712573,5.129553576808249,0
-4.302541960761543,-9.503655771097018,-7.788416258626811,0
-3.8542007014742685,6.704881203177312,6.7667564118677035,0
6.060517956653268,-2.692663168986944,1.1101795679096647,0
0.7832255335050888,6.832309195156306,3.7993802428344985,0
-3.7738460168799275,1.0924098242228997,9.428036972172926,0
2.2066756662183664,8.032624589727202,-8.326380235046054,0
4.323013484463871,8.523859728292532,8.024480459555786,0
-4.547519985329325,-9.81803637438448,-7.477946080251813,0
-7.562278133261049,-4.99282540858289,7.028773926622286,0
3.622357079299656,7.76544393023012,0.1274334709029077,0
-6.371233046087461,-0.8011609741207444,1.882092765508503,0
0.5032676733412025,2.139462325485308,4.162946691971143,0
4.1809252344486545,-6.230002944088778,6.655173369054282,1
1.3462443925780718,9.346562227069395,6.201386164584552,0
-4.868744325972725,-4.628021341708051,-0.37447698976766475,0
9.258537504751597,-0.10348096798907314,-0.9875314978366205,0
-0.3290870656015059,-8.277677789872524,-1.522004960060034,0
6.119850995503164,1.1827331292593684,0.18423170492085106,0
1.0045308431252344,0.05566883693361113,8.901011067892071,0
-9.131749342903618,-7.111270316898448,0.964075455843032,0
2.663027511880447,-1.1586757376385002,9.063550765262786,1
2.0322364029266247,0.43661750610378647,4.482719576652663,0
6.383777188535802,1.7130867085759842,6.2447907721749445,0
-5.4384045610213505,5.220119658991107,2.1384456045308085,0
-5.759103201835467,4.260285837234816,1.2962556217236454,0
2.219619777019835,-2.674272275869556,7.218609651573921,0
-1.7794306038659062,-8.941281288623635,6.432931943290001,0
8.000462467960222,9.10350320956265,6.971753140617562,0
-2.931572413945638,-5.196968079559716,-1.7186276111911507,0
-5.262588820510359,-3.5295077252592417,-4.926063400083784,0
5.610510304877236,-6.323742210363701,7.395371360278517,1
-4.503879289037278,1.5387224668967932,-1.3595040073251674,0
6.452286370273569,-6.903172107050901,6.167293803536332,1
-1.5252349270247443,-2.876121130772411,-4.73192776088311,0
3.3509979858294088,3.9402602786852583,-9.921413571555643,0
-8.089293723306636,1.2023196601869675,-0.09081614194111154,0
2.4771864935314607,-2.2707487134412947,-7.995434867142315,0
-0.9646464252554168,-1.595007963849163,5.087519110498192,0
1.7321692635094816,1.2422176524645892,-4.478497278611792,0
-6.639715845102732,-9.882705442256775,-1.1270870679304252,0
4.737474898883642,-8.429802630927803,-8.259328698168915,0
7.25594155086457,7.625161355260232,-4.266815031054946,0
-5.665203998184487,-8.442420218174185,5.62980486517144,0
-8.085708889596766,4.136071924210103,-6.96824176195361,0
-9.527228279073272,8.400763282181053,2.9431912225391486,0
2.839430008865321,-4.586327913965378,8.348517056090024,1
0.9339482542814004,1.3784281168943266,6.220433785844538,0
-5.361058077680491,7.634179392771692,-7.820567413921684,0
-2.181880081889707,8.838111745208405,-4.985363479958911,0
1.8895267037234618,4.791264962225361,7.89077704481182,0
-0.06466282281661151,-8.267604782906119,4.302112272361784,0
9.755710404297744,3.383083110697015,2.791076527546224,0
-7.271204948865337,-1.7939255625467592,3.2753347224339997,0
3.902891080951875,-0.5859800101787691,-1.7159889139071325,0
-1.9136246379141575,-9.017032193096458,-9.108867367646935,0
9.825119874043764,-3.9667551673770234,7.995192307365148,1
-7.432114210917495,-2.3196185207008373,-3.276806700298023,0
-7.917807012316674,7.087990266513604,-4.113565115375282,0
4.486776342574823,4.979980348099138,7.455926501588856,0
1.567738340128182,-4.5536920563783445,5.939753095179709,0
-4.516786668803883,-7.649963195752534,0.299596212966895,0
-8.411612620220268,-4.960035567118566,-7.385305210843001,0
-8.286835008071389,8.415129021094675,-5.698570570698951,0
7.883817493282365,1.631776756995107,3.1245598081761337,0
-3.5325687576895852,1.9278719938492301,6.729463833319425,0
-5.46687195546024,-2.679434685069695,8.999100186644082,0
-2.9000738833612534,6.142140406390254,6.112738505498363,0
-8.611523145078133,0.46572498600499657,-2.4490915400888564,0
0.3811958181654074,-7.66504194462409,5.773728584628481,0
-8.647748728155701,-7.418697503418741,-2.9711665305863306,0
6.007130156447232,0.7371829300523665,-6.657998244687322,0
-5.3257583617913395,8.731404361416782,-9.332135902682852,0
0.8002382920902118,-3.8329575664760256,-2.2856657447795996,0
7.6015817512291655,7.390823377184365,8.071186073945636,0
3.017547380943883,5.281911731577587,-5.22026824488647,0
-3.513324937692488,-9.273185033675151,9.396415704820807,1
-3.339961738836042,-7.963054697152345,-9.499917742988158,0
9.88278722442335,-6.006605239187066,-3.5726008851825934,0
4.613010204784922,4.509363369003257,-7.207153395808328,0
-8.797153147984297,-1.8726718944507699,-4.518915851409044,0
1.245936317558197,-0.2985418171460914,-8.69614395630618,0
9.152505690107603,0.816541279430794,-9.001550286732417,0
-6.493941152846807,6.367212827904332,-7.688866023273224,0
3.800097816413315,-6.566436099135662,-8.5726597222124,0
-5.9813262268188705,6.156629036532447,5.211162310398459,0
0.7165536894616249,3.857568553933044,-0.288675954331417,0
-8.066471007065608,1.1174162839791872,-3.1421581730204062,0
-0.9925812748362972,3.9905574080514388,-1.6326217973598567,0
5.123266577904921,-1.7596452209668723,8.578934711452465,1
-3.0485695152203585,-7.232048280637509,8.215036254762943,0
5.908999215794584,0.49344613371244606,7.693647548433756,1
-5.307158362890929,-3.2400243794301993,-2.3778134798343427,0
-2.0136816838138376,8.137331546796716,2.2742436370845613,0
-6.951679733391652,1.7473973715115392,2.472518945945284,0
9.849670043167503,-8.291950314182523,-0.36600323975318005,1
8.540019358485907,-1.0039201859114257,-1.9868430312409338,0
0.7991426056111912,5.127121094872686,9.723606232173903,0
6.840665887528424,5.882691234645447,6.422472522354489,0
0.4191595454408432,-0.10805894472482436,-1.3003960422390968,0
2.471713760055195,7.8949514166260215,4.54584954479137,0
-8.217511357679667,-4.646631256114048,-4.608766134950811,0
5.1054084099361585,-1.7880260552346687,-7.996613475253403,0
-7.445730327295303,7.971938211379403,-2.9513794889451876,0
5.640561753407718,3.714255376493618,-9.669257508786584,0
4.174893954859529,7.179610942444402,6.295840032717919,0
-3.937432881093428,7.299899524155528,1.60836331560294,0
-2.7972718505696186,-6.433369751435674,-6.500063424988321,0
8.739156460621256,-1.6406298397222585,2.1737505576560157,0
1.0760448142475258,-4.976159907910656,9.005681003409713,1
-3.8895137868395295,-3.5886482796700196,9.975000687826338,0
-2.0603696585143316,-7.300430278567158,-2.562797693338112,0
-1.0559491899032878,-4.07646468882003,-4.023938718334508,0
2.0118866672123463,1.445676290840023,7.167121103181934,0
0.31358855392995544,-1.1629258381787206,9.972228540749086,0
-0.060730341883395766,4.92904257714228,5.902814450230448,0
9.843160296466252,7.870199427866357,5.634917176305489,0
7.028499154901915,5.13578445804794,-2.893205835609061,0
-5.829789712853284,-3.3599859576464164,1.485407605141745,0
8.611904292878325,4.8888433567510745,6.661138825284272,0
-7.672672042290478,-6.960396350518976,3.7622775252211085,0
7.559486408901389,6.1540473808811385,-7.1104860681078925,0
7.361133802149006,-5.073035055153962,-5.340555758439218,0
6.118508002352424,-8.734931822026407,8.109789549826512,1
5.800608726141228,-7.365809295872898,-9.262134221784637,0
-3.9064172180391843,7.1748993705916035,-5.603985760761525,0
-8.381614338974956,2.675665694945753,-3.808612955235371,0
-1.9403964246967718,-4.935976732600467,2.3376814393278966,0
-6.529509700269827,1.1059165065636272,0.68203380171731,0
3.899021778049235,0.5515924485070087,-5.6346103429322785,0
-3.078005469244289,3.1087195688132248,-6.715178655536911,0
9.512204017198297,-5.336248911567674,-5.264039308077624,0
2.8194415469066403,7.288059743887953,0.050592534033111036,0
6.449611272687218,-3.812628758399743,-4.576444285775931,0
-7.349506545163031,3.8826330795247372,8.952050032154443,0
7.2402896454524495,-9.677507072555702,-0.7226955714230492,0
8.455143810267888,-2.5468574021170554,-8.82407966910726,0
-0.2587616236212824,-2.965803640823834,4.5853281167326685,0
2.1250587550195483,0.8696885716602907,-3.4230942358202077,0
5.296196018059909,-8.545274764456071,3.0697786411649517,1
-6.503227454791749,5.802627474522167,-4.40811258953536,0
0.05132152926884892,-5.644383964648629,1.4148748346663975,0
-2.026739444553738,3.540756297640204,5.4430500961492925,0
-7.072520156755018,6.064242464881865,8.560174835491079,0
-2.649311554169371,1.2375391248302634,-4.7774571113384585,0
-8.636553812290128,4.81766413443971,-3.3028609800203768,0
-9.48376186101026,3.2372062443001113,-0.7146715942812065,0
-7.296674216903545,-2.8894040569598474,8.543496754719776,0
9.262302231783476,6.177170780671307,8.02773713621314,1
9.3164432230644,1.424258355030343,-7.361403484923783,0
-1.3500424333973609,4.907954782830791,-0.08981645338723432,0
-3.7636773382948085,-2.4208818037498485,-7.867614543891531,0
0.12283725680488189,-3.944647847651499,-3.088382533026051,0
-1.209766227341797,-0.8130797965435459,-7.032292435650447,0
-7.886706314765122,6.359269886983071,2.7208071026377176,0
2.816526293804124,8.598435262913295,8.989908634783234,0
-5.679236349808008,0.9016682571978034,9.934675405887631,0
2.391759097956591,3.2293241064730367,-2.495177350061704,0
3.0040218479630667,8.065472444778283,1.9802527422922456,0
-6.959502937427038,-8.029062971741151,7.125353070481626,0
-8.773007457786637,-5.358428442676699,-7.65075854407232,0
5.615231721368797,4.178000125031648,3.7912882210392986,0
-0.8039915246135969,6.474889238245993,-1.8231267654986354,0
-8.836724089890485,7.140580566611558,-5.877076794396718,0
9.897326343395342,-1.697856462901349,-1.944927625051161,0
-8.844388780072666,-8.213201954162663,-8.480794260701662,0
3.900704577171064,-1.2443704540076013,3.9081429717861145,0
9.67357850526827,-5.385308195858924,-4.945146625030938,0
-5.216397915681488,-4.176070900067517,-3.7718870991024396,0
-7.1550126262560765,5.445351136750116,-7.578374035170745,0
-3.9344970486480886,6.551624349614041,-0.13111441434522852,0
3.843226833882639,1.9212786220119007,1.3886536618970915,0
-8.754164037398747,-8.20695537528642,-1.790137709173166,0
0.1884425629957942,-3.252818432854408,-6.149401691237211,0
9.933937077059536,-8.205981619703085,4.902654969967999,1
6.2794053901203775,9.230874457622193,-7.458874692846513,0
2.3043887646202172,6.145232986525009,-7.92252419442379,0
-3.874927584267766,-0.8073449128707963,4.202900751930068,0
2.4779167258327703,-5.527949033526578,-5.8232595909603235,0
0.5408292782330335,8.669102104997044,-3.864544972943353,0
-1.4783323221925713,-3.1080680854605642,-0.49545065996519533,0
-7.38579246519601,-6.780311366252505,-1.012973665409076,0
7.732084304809334,1.2632877690790973,4.171582501299984,0
-1.0043070235735492,8.875482406896321,2.468635868867219,0
-6.107549763584698,-9.923394189993548,2.887923245637314,0
-2.6448129824542077,-5.237503134920026,4.281086613109146,0
6.5507579113374845,-6.578280662856759,-3.553333763990527,0
5.386097872826795,1.4037443159960894,-3.8507565393294785,0
-9.779374711427057,7.2368764658965965,9.69875737941727,0
-0.3731169672935266,9.891285133690495,-6.706906234879408,0
-9.616154463538866,3.5834339907598576,-9.88811688236261,0
-4.803735825099316,-8.518501855791046,-9.144334635054642,0
5.2057964624427004,9.856642633639506,-5.118730979141494,0
-7.257805885420019,-1.8421152643961918,-7.714174283262869,0
0.706202629051834,-4.251949323090349,0.6667622978514416,0
-5.69596255965525,1.1575836715577115,7.159904454547174,0
-9.757584507122134,-3.9138481635827134,4.735004418264548,0
-5.17597084800917,-8.270849857596954,-5.687818738356192,0
9.517475098201075,-9.971433138416465,-2.0140148794842823,0
-0.24291912147275063,1.4463037126015301,6.782432062123295,0
-7.8052760264499295,9.984145978868817,8.19436623815552,0
0.95918977947386,-4.263067087056001,0.18490501005750382,0
-0.9124533088007816,-4.390898704798893,3.885494928717259,0
6.88714165479232,-6.805010795321116,-7.763992575321257,0
-8.038348384315109,-6.718728234693296,1.305779199079641,0
-0.23517725956443591,-4.296268079799043,-5.026163810577298,0
-6.999026706120315,5.856800905470543,-1.365662299467779,0
-3.506481462198801,8.115135812728958,2.6810101661343886,0
4.747141547755993,9.501743394153625,-4.860281242924378,0
-0.47963741262466897,-5.354206918070947,-8.95629884406478,0
-2.482234297084613,7.625950912281834,-9.79532287182485,0
-2.110474428599294,-3.434898214453259,-9.55680928910957,0
-0.8110646318802672,-7.743189109662312,-9.833005249724607,0
5.700330876741138,7.400498510403313,-7.7928988688424905,0
7.841693778804689,2.722112692872372,-5.210225708597402,0
9.106693730078565,-6.705382078378765,-5.575569716354016,0
5.738067725105902,-1.403374849739949,9.735931883597935,1
-3.6918620850397454,-4.254846102458647,-3.879877895821135,0
3.762694121730842,4.7358913742039395,-7.451584332812018,0
-1.2479375188921615,-0.9316753875146393,0.9112508833551587,0
-4.906587559078977,9.785598902127699,7.159149107950167,0
6.817431588518453,-8.905100354808098,3.5612075357535034,1
-9.2314730207535,-2.8996946772750665,-4.078358217290994,0
8.03523984270847,-0.36199665780045187,1.2323231958290997,0
2.744029536165609,-3.6812835522872644,4.562089847354846,0
3.187078444115654,4.584804981951361,3.3307691059537774,0
7.902354814130728,7.494941469779494,7.416208495512361,0
2.7333936433441473,8.77438603955726,7.402109166882088,0
2.2786716952012362,6.101867535990525,1.5787311881400647,0
-8.666959188786201,7.011603946131988,-1.4028726177757544,0
0.3681604389040807,1.0109060123999107,2.831405911301996,0
-6.996619983659167,6.51776452853629,6.364240027409263,0
4.7486753744297125,-3.929921817040956,-9.886957903176306,0
0.24443841625348917,-2.0304247578157124,9.83994018029702,0
3.6045555841670662,-3.661739723629114,-6.342124553416015,0
-9.166541987952314,-0.6522532910414913,-0.5950202868004766,0
-8.304159679083936,-4.288407675227273,7.440594696857335,0
4.326467761253646,9.232228845088937,-5.499192019116013,0
-8.558313280026532,-3.7431074398866375,-0.46409552199233595,0
-8.574865444694828,-8.039109237781204,-7.348356396376417,0
-9.757830495302251,0.5363433210082675,-2.098473492236148,0
9.130027965989601,-8.858018431096472,-6.457290904139949,0
4.750167189180139,-7.78913667382839,-2.72744502457686,0
-2.934971829958717,-5.612212216075074,-2.5307156641455597,0
-3.005935405083009,-1.3349813538194422,9.896260586075446,0
5.4930706236236375,5.993837240055823,-7.704274426787752,0
3.2274122214082883,4.789493077682268,4.5193755865669445,0
-6.517813293318313,-3.3259158484874014,-9.396159693256227,0
-8.032087005732054,-3.6706243187700283,-7.893322115100714,0
3.206054394026763,5.479901745880181,9.309713140158678,0
5.287453244434719,-8.958551875574605,8.817270957893946,1
-4.6990714334999195,-9.743567009787883,-6.121443594386391,0
-9.581100779381744,5.910887838532961,-6.76655328892577,0
-8.356566650471454,-0.4570724802190149,-5.18929826968106,0
9.357200696900609,-7.382377228928481,0.31093988150284346,1
-4.091104450451595,-5.288681308109975,1.3940926407081982,0
5.384462956762672,8.65007906194765,-5.568131391211053,0
2.493271377085275,7.19005951249796,5.132455761798905,0
-2.3612072069420815,4.195701004479451,-3.8089366119469847,0
-5.886254756088897,-0.35549539325346835,8.442626510588205,0
-7.572271636811871,0.4064725238277145,3.134454129134612,0
2.300259360777332,9.504890705679173,-1.2729761139277667,0
5.492675612755759,9.31540887768574,5.7982400340569065,0
2.878085070822614,-5.694619084283314,6.358292520933297,1
0.6060426649831658,6.222091326106362,-4.190367887821127,0
-9.160975531367274,-6.055146676659664,-3.2057091232783126,0
9.369775551887678,-5.729250442320972,8.719103074572068,1
5.974283833091491,3.5218606832915356,-6.705179232734562,0
-4.143559265980706,-1.8999780282490324,-9.156991660741316,0
9.599406587177015,8.630888142130402,-0.9188935478090166,0
6.235395761802749,8.082273209590102,0.6640132873808042,0
3.1295721466300535,-6.869415731685176,-7.998706568669334,0
-7.4380850726759995,-2.6672459980708707,1.773779486720322,0
-3.234649880110032,2.382428000933924,5.567912287064232,0
8.561672806520995,-6.812102304571956,-8.133437594603471,0
-5.507687763122961,9.360443440914775,-6.546851978048204,0
-2.556659523249733,8.294986574553207,-9.754186776886582,0
-1.3584623411160806,-6.660996419310616,1.8730515889362067,0
-1.2119002061109558,-7.576890774780292,7.734687838918088,0
2.25879164989051,-8.291830343834693,3.4132663200419895,0
8.86151675489415,8.188873280732622,9.640801751819641,1
-5.1861457633499,-6.127523804090784,-8.739326950004768,0
-7.569972473981639,-1.674301429112905,8.060021703029925,0
-6.050590202801254,-1.022972686959939,6.281365747733613,0
7.7384980041853915,1.9802208842713505,-3.7151695900099018,0
2.916216253104121,-8.5652931250515,9.470531036745037,1
-4.281864215216798,-5.4648276519896815,-4.2412450365717,0
6.3189387793723455,8.62980773837852,7.786094476564369,0
7.227399927268721,8.168202145371389,7.61497154148379,0
6.9302867738055625,5.625812948113843,5.153152332059449,0
8.37853067279109,-9.611975087635692,1.269409476257037,1
-4.955179596532768,-3.4598646300779574,-7.599945007662239,0
5.100838574925566,2.5591747068581565,0.6394346899299652,0
-0.7892100545172003,-4.496195764530486,-2.8640748869013084,0
6.839971057801229,8.191733901075548,5.844340663107035,0
4.569813543232264,2.677789236648838,5.1625841299368975,0
3.1232367536214305,8.18011177671406,-9.703396751365842,0
-6.451424610605862,9.15533316352445,6.182064336460922,0
0.9005383779387657,-8.44575163216549,8.769241062493375,1
9.693394790490164,0.6472046972262984,5.786008982163002,1
8.747761329942378,-3.932714355716591,-7.396110802592666,0
-9.136525284059767,-2.143218470371952,-8.374417903182245,0
-7.365424530908761,1.5614420402482505,2.5749045165614213,0
6.814060560224,-3.195540110974859,2.48849854368785,0
0.8447441098369666,-1.306437033670596,8.735478990460038,0
0.1672109383255993,-6.177887546177101,-1.4665203876839055,0
-4.049030973623589,5.375283614423207,2.6982847062412834,0
1.3004398571803222,-4.688248033852802,7.12598653432234,0
3.7777060410018137,5.34466788318446,-0.18780623376521177,0
7.466458317216155,-5.882253784668013,-5.666267125892146,0
2.7258270795849615,-3.566272625973812,-6.60553120504254,0
5.22243074086316,-0.6902605512060127,-9.996845108438865,0
-6.79856730090854,8.863916993869015,4.364759899625685,0
-0.768850511604203,8.634628495076491,-7.77805582308019,0
-5.06642270956754,-2.835619175138544,-4.042473369544133,0
4.529234302260097,-7.012012230924554,1.207597202735366,0
9.83619902698727,0.19970158626994206,-2.0408544540846147,0
-8.016438008255681,-0.7883489861066693,3.4934798404632357,0
-1.970113682774235,8.015203249014647,-8.887226813425945,0
6.00141937398319,8.600107555821452,-7.521216114711211,0
-5.919287307422023,-2.328652179854158,-0.0157699293346667,0
1.1016989860457258,-0.16524113962021048,-3.2607042430634037,0
4.661425920593496,7.924724982922662,-4.083732744972806,0
2.319709005203581,6.1341561549012305,-8.659438419249545,0
-6.239505307691678,-9.926873773107015,7.914383494960028,0
-2.892308626285212,-3.5988087163283495,3.836371722501015,0
5.675835689707945,-1.5645151612774821,-7.567636863607012,0
1.0845302826403334,-5.405674326335365,-8.699080845257187,0
-9.895407729141745,-6.008567682081225,9.497450668624861,0
5.219815200561877,-9.244309868086408,3.623451008790097,1
-9.293772901195219,2.8673945013952107,-1.6508785781251696,0
4.914675654624643,-4.7497941903366865,4.034620815115698,0
-5.950388796695252,-8.953056431373739,5.126635729603182,0
9.161469602387605,-5.380413789438727,5.599244047775587,1
-3.461367673238418,7.029783632930933,-1.4023448375030405,0
-3.887915690195703,-1.6785865918262761,8.53114230283676,0
7.533015236564012,9.557073870035634,2.066157567778861,0
9.926686752544946,-5.988706808238602,-5.9369212562006375,0
-2.6338093898630337,-5.69281434290783,8.392068388428733,0
-1.0277873809091496,-4.1626564592720054,8.29863803540593,0
4.441418764054742,-6.544853634378254,9.783683287321917,1
7.723915609301489,-2.4126880359162683,7.481131262779577,1
1.8608866837356821,8.216684539795075,9.955687756401296,0
-2.1694860364434128,2.306956812571485,-5.106276237534548,0
-1.7475631830275251,-1.7610690277547274,6.844991703984682,0
3.912362929936137,8.688215891424296,6.4605661759152895,0
-9.935634727914426,-9.030715350483554,-5.381192815585325,0
2.3917867491968146,-5.794476441962773,-8.031249019980184,0
-2.890139791172852,1.31777210203518,9.588410273551993,0
5.883946625541686,2.3110524638635823,-4.079508969587793,0
-8.140187203537357,-9.208849868747738,7.41783580935612,0
1.7640453389678097,-1.9392248418573566,-9.917456906507923,0
-0.38054220227752467,2.983079296617454,-9.579503855607957,0
2.846510518104548,3.961410928068032,-0.6825738260726322,0
-8.702928110340633,2.7627980503253866,-5.225706321298729,0
1.5996757485626247,-3.5887355127815095,3.7968256687192863,0
1.2296917591904748,-8.12959752804181,1.3112865113590857,0
1.2132018883234181,-1.457751071613318,-8.45028405099017,0
2.069753331929096,-7.424911252638891,-6.747434073685659,0
6.099779993615396,-0.4965826795474353,-6.287918720891337,0
-4.603585597435713,-3.6548165128626486,5.844446944878571,0
6.500988203601242,5.326081422378001,-1.6785952889343996,0
-0.034886354730927494,-0.041028148354723015,-8.131362663150014,0
-8.458834417313376,-3.7993195197509984,-0.31314195455750315,0
-8.828981415120417,6.239354847816035,-8.183236378771717,0
5.697939542229351,3.4601633257735394,-5.207803359435895,0
4.153618694818315,-9.060711551846655,7.190554104949797,1
5.772299293448128,1.3264576033306419,8.49225064665944,1
-1.1960200408901898,-7.2699397583283565,-3.3184556516430552,0
-7.0509494658743215,-5.426584972307933,-4.551071177823367,0
-3.4361449278137695,7.649902101362727,0.9831138158047832,0
-1.3196126765224943,-9.59756556293852,4.437063210662247,0
-8.227991406407655,5.0545427565195205,9.867455763203495,0
-5.587760945775775,-0.5245341497115419,-7.368585762421476,0
1.9645058812747767,-1.0645568232078624,-9.014160019523912,0
4.713262284783797,-9.858069350102257,3.88711777990542,1
8.662266626871155,-2.803501987268671,6.926975597328465,1
2.85130399070383,0.8153126260108579,3.5692709815432124,0
-1.5750389341185596,3.5460137267131877,9.080316082383742,0
2.7235472941646535,4.052591528758317,0.22009527089173808,0
5.71303236160464,9.119601176521446,8.276295966724248,0
-7.633276181532254,0.6267990647321824,9.35624273983046,0
-2.3233409613391203,2.842204700510422,-6.075686976594095,0
1.4374454245437303,-4.036992874468888,0.9624012996363689,0
-6.310474937327212,6.851090029303627,7.555166843854661,0
-2.7552911669542324,-2.7563679441169686,-7.999366578656925,0
-3.309774225161357,3.2093944272886237,-4.845198773769628,0
-9.476065829358705,-0.5836716126820374,5.035978890374171,0
-9.516164722172896,-6.021404404099233,-8.100267100453758,0
6.633940873515471,2.0337321724093016,-3.5847117195659965,0
-4.025488528224539,0.9322987932734215,-6.837347085612708,0
8.813584902306811,-1.2790605176284195,7.2120898069941894,1
-4.814064822684525,4.973443505019816,-1.0491552906745145,0
-1.4068637452212975,6.558499090906249,8.340434237611131,0
7.454605009692038,5.42486148066356,-0.6426017273213684,0
6.838671335836175,-9.223741043763958,-4.499194821185332,0
-6.277971643074453,-6.117424591080556,-7.163423426246503,0
6.052866195914209,0.7321501852754864,-9.925098105774303,0
-0.8362622652421479,8.696440808876027,0.6431496996967123,0
-7.330400551681125,6.850690167036035,-2.1654447273764355,0
-8.387969724857507,-3.935836124806502,1.7854352247417342,0
4.558786139475304,-1.4110420584259487,-4.486282061945994,0
-0.0707769528940041,-0.585881053681252,-6.4955141526776945,0
-1.262985947696409,-6.852568333001791,5.494432452186832,0
4.590164573047934,-9.378637395110873,8.935823445632412,1
5.310257979822195,8.938057989210336,-7.99119164276068,0
-6.821836646612929,-5.185748286729865,-6.888193512299843,0
2.204502989552825,-5.201021925527374,9.200253145054372,1
-7.292918354446289,-8.33241892462481,-9.244315563755075,0
5.027501720580913,8.57015503887557,9.552646731009446,0
3.139103125342791,1.59474229879544,-9.907110338300225,0
9.13229242166916,3.340737142507077,7.473373113026625,1
-8.620839672871575,8.23153774526105,-3.8534963802450095,0
-8.858905576974914,-3.0875966219842095,8.77177716354593,0
-4.3562585061359975,2.4301462227616817,-3.6610942272882907,0
-4.765886325281881,-9.22401090542225,3.0861264306811194,0
-5.060424018560004,-6.264549435377413,-8.399348604681267,0
8.125091610420732,6.624916101798849,-5.15340377092522,0
-5.009076003009878,5.335367126766714,5.473586929585014,0
5.187965248359275,-2.4637874445157504,8.559381235740894,1
-1.0052031509891997,0.6710886710715886,-1.4249718331729149,0
5.534211139103624,-9.99517990629731,7.396247316278462,1
-8.692676848712296,-5.175113279239443,-1.02089125043525,0
-0.24857612653231342,-5.835363827835711,9.584965574039707,1
-9.327727996334348,-4.990341065004731,9.196687627977536,0
-8.74693593089291,6.118116850668827,-3.4172658888783936,0
8.128749066888219,-4.406522869071137,7.718473408336063,1
-7.215092577648097,-6.169573558997037,6.952227484312985,0
0.6484136455043412,0.08526921586063096,-5.786392053448743,0
-1.7780879479858687,7.31290072745464,2.4858080156653948,0
7.99666691374545,-8.429275144144025,6.734214411669232,1
3.275793723511782,4.953036491299557,-8.58370597228471,0
9.267888684271007,1.0138108938958919,-1.9956180892237754,0
1.2033636692368397,6.33586739148695,1.5384427719928695,0
8.736449240661837,9.191842952184679,7.09833917119542,0
-8.954842414279526,5.85324953503234,9.484850510434729,0
-1.6241336185167725,2.076061576875068,-1.2101497486027277,0
-4.796844180758977,-0.13316823895238983,-8.791061540294596,0
4.616419299614595,-9.198618273034667,4.982311580517413,1
9.625941809944933,9.686439576280826,1.3034651244787483,0
-4.869398751115044,-2.3303775484991496,-1.0421731031107377,0
-6.0380473448051974,3.3341771079291345,0.0479705568707125,0
-0.7213502662332765,1.7155654186209528,5.140237354947207,0
9.440106592630741,1.7353581568918237,0.8778739298528215,0
2.170545453929332,-1.0854035819426162,7.536955483082238,0
-3.0098725582636243,6.722372310900852,0.8708782929888415,0
-7.718084302241333,-4.70065876889114,-5.234751733201399,0
-6.975063425301309,-1.0273481676453162,7.02183764464289,0
-5.493661400975299,0.7538425718194297,1.144380898600879,0
-4.98066677319404,3.2724944153459923,-5.863179237128775,0
7.0123211568227575,5.679437010111791,2.4701561991244425,0
1.2244557656504984,-2.103854342434879,-2.845664701151449,0
0.46781822748732793,2.920938881931921,6.888112245841317,0
-7.704622562615651,-6.9877809386296175,-0.934005227069143,0
7.202793866988699,8.65296201084957,4.528827162148335,0
4.456286064169674,-2.3388238715799297,-8.089275847275257,0
-8.646632761999967,4.590428439528768,-2.079513073953077,0
4.156701944595373,-9.593178362356447,9.664828729447976,1
0.8707643468529209,-5.89625714190386,6.169205789542968,0
-8.365493085064434,-0.25834911352843903,-6.801183952661427,0
-0.8339871694268712,7.565049354646931,-4.444719010454898,0
-0.3060742573990609,0.5451029990135421,-3.403683822872779,0
6.999507429613239,-0.19101806528100163,4.9905321761581956,0
3.380446746582166,-7.605064229989362,0.19748112612805713,0
-0.7540887799878568,6.053124883044397,6.216410756763025,0
-1.764689168309829,-5.06069175065875,-1.2584383448504983,0
3.0194693430190824,7.992249787446301,-7.522388694088762,0
0.9086373881381089,8.216484406607922,1.2888368330762656,0
-8.754537882362287,8.866202237482995,9.046027692022133,0
0.25005297540663385,0.40460978206180087,5.859873027850227,0
6.12807234465679,3.5418756956728874,1.5740129538448482,0
-0.8152024480608393,5.5703176012332705,2.936113206981938,0
-8.960868448914631,-7.3797076269906885,8.611240540711453,0
5.725563987680662,2.0191438999499454,-1.4331441113007912,0
-5.972724357280512,-9.314041973933767,-3.3721172211472528,0
-6.705872931354082,-6.903146367595452,7.268862670206669,0
-3.3956987025700496,-6.3415414807583055,-3.5391283076279523,0
5.1350301137727,-2.69904866614797,-0.7243880527815438,0
0.38771719007874594,-1.3512566656699398,-1.6984374198440193,0
-5.902374516985748,2.4634484906437457,-7.018086426571322,0
7.556601563040818,-8.511431631229687,9.156386476265183,1
7.591637099030585,0.07383522474889226,-1.913751375604825,0
7.41156850092014,-6.347497394937978,7.506581652758161,1
-5.224075772369215,1.4795035006348378,-6.212875446386699,0
-0.9752131163802389,2.7480922452236705,0.9574162127443948,0
9.699793122817503,1.1341851310570767,-9.520772297514604,0
5.440249526199807,4.765910209566153,5.28440967684617,0
-9.456651575488804,-3.2878151151819734,1.6182779649255679,0
-8.695908174790159,5.302131832662617,2.5117916693950537,0
-0.7213724637533439,-1.3446583658361266,-8.965582348906931,0
8.184404117231203,-0.31631003354806353,-5.779233395827692,0
0.7740359590542845,2.962042545221429,-8.513382552928396,0
-0.04374983931419507,-9.63283232001552,-4.221713683923765,0
-7.890526000867388,3.0798844284049665,2.548780153643019,0
3.135602094485881,2.371702981442308,1.3237196863475038,0
6.442063212004509,-3.8030576649344017,2.2429964322678053,0
-2.3915998498487534,-8.28411430201021,0.9850254275578862,0
5.51223701850655,-8.181291001739178,-4.539424086482812,0
9.289533078016234,8.464474939704573,-5.109850053111495,0
-5.924670817446218,3.785586424516742,-7.258806329268374,0
5.857088380676787,1.8496598780319289,-6.269779749918804,0
1.5518673176231506,6.711434101812973,-6.45581240357521,0
2.6916483510060747,-9.126781425739829,7.4607120305227355,1
5.958283192317882,-5.267337370599822,4.854617275266387,1
0.6605773449227996,-5.972017944122252,-4.760488714429649,0
-6.84090354329304,9.180483519459319,9.589015262256474,0
3.9179823633760495,2.2680369304434222,5.944791500456004,0
-3.664766458649467,-8.660178112083049,6.9512959255698945,0
7.143585139975059,-9.436173191055557,5.17863897229363,1
-4.461910252443822,7.62971639177821,-1.4689429151672062,0
9.67042945430444,-1.6817269140498112,-6.2809310921794665,0
-6.315503215239477,-1.839190767943668,-4.6497628529226676,0
7.879794200157409,-6.174452579252058,6.401187314925071,1
3.0858510464992364,0.3423586171383892,9.912174230288521,1
-6.957914335554543,8.161673741197088,-8.467603721407027,0
-1.1935316326330199,6.087488282754013,-0.539297498325995,0
-8.330718300212334,3.851456001551636,5.77901793082467,0
6.072070708830704,8.149263526928511,-3.0201012939617815,0
9.342532305183408,0.6807222640931325,1.8993671468294053,0
9.682206380729955,-1.7995242651651395,-3.4490545812301416,0
3.3583999760725405,-0.36010164534265954,8.462877754337153,1
2.6934254650788283,-8.590786446660834,-4.612861636390118,0
-6.6809020940843,-4.4371271910217835,9.781489309474093,0
7.638555166092878,-3.509867016621053,3.405273736551834,1
-1.450206241587697,8.902448974897737,-0.729770392828982,0
-6.755331884350413,-4.346652789176819,2.2678085612720977,0
1.1951136727676506,3.4260884712855955,-4.516522849770668,0
0.547992442453527,-6.756332551842452,-7.728909123130123,0
4.387072447383172,-0.2711522571625107,-7.718994045892025,0
7.805161060356042,4.770780789518152,-3.046565170621774,0
-8.41186830713941,7.33710426054132,5.257109557927432,0
4.629929806807247,2.525185493248534,2.15942335196325,0
7.163541063143278,-7.474330548308621,7.04473049951822,1
6.381270277233121,8.915529944926945,2.0273525398013277,0
0.8158750997108868,-7.348518450310353,9.217111535695594,1
4.20485597246623,5.493458743635966,3.403709348224151,0
-3.7129977363250326,-4.703673564433624,-6.49650272591638,0
-0.5766420213437069,8.671862874025031,-0.5243327538435558,0
6.432737954209433,4.399190787389591,2.9699519509440826,0
-2.844034693491164,-5.618816538802333,-9.701794716903843,0
-0.11575105499400173,-1.1392004672967833,-7.411939988028642,0
6.564985048744369,2.356263891785728,-4.966711299090585,0
-3.2958390525825454,5.399472364132018,-1.4090175295864888,0
-6.524768137285124,-7.9208124817522085,-0.2511905248042332,0
4.240280406615614,9.247306329090566,-7.239447821242065,0
6.5195642541616365,7.804413411091119,3.4678315823166166,0
-7.987250429529333,-4.593028190088313,1.9227612339306965,0
-5.2025177448811055,6.455204860646639,-4.110718023176796,0
-7.160560204780122,0.3664784607964684,-9.72680233129416,0
-3.0411717683566675,-0.7638703687596262,-8.447041692934185,0
-0.9929804218917475,-3.7113178837718923,-2.166104489783212,0
4.976526739266129,1.6193717326318495,-6.920512976686322,0
3.0229516976334825,4.597782354071956,-2.463607877040584,0
2.418571349568623,-1.7813419007448346,2.5636520902071034,0
-2.952501067806912,2.5843838601658415,0.9447485575856707,0
6.8289510616952,3.986258423106076,-5.376482337252115,0
9.58209876030309,-8.960678037376395,2.2806239689730123,1
2.682842765914737,7.194956113701338,7.217100560868975,0
-7.474705168709946,-0.8349337046990417,5.0642687747775454,0
3.523551241508681,-4.751678366075711,1.0680005366682987,0
-3.49791969136602,-5.164709850406368,-2.754140033670276,0
-8.607177036751885,7.736630789379184,7.58834620528792,0
-6.502371256480812,-2.4330483663470615,-9.215128479189072,0
-5.456408859529702,-8.063625380255628,3.2875082170312453,0
6.7408225048588015,-0.47886595697876544,3.6227539814478114,0
-4.414478230911792,9.833722807854713,-9.240043253905156,0
2.8576382011741526,5.408756055846739,2.1105854978254435,0
0.25309506290105865,0.02882947395821489,-7.884421862118661,0
-3.8937864660653743,-5.3275047270286695,-4.441559784612819,0
-9.336212908751476,5.601680474699295,0.9997683173190595,0
-3.921071975185524,5.4244963058080735,-1.7316684965218254,0
3.0632558106256607,-5.437992441952297,-8.546356883183782,0
8.766096368969652,8.444466363097202,4.282430548046111,0
7.424089645261041,1.8513636552965362,4.057016467920651,0
5.768946865065974,0.03871161561721337,0.20525292441298504,0
3.2996980695199056,2.1014250687548746,-1.3243119558525471,0
-4.79426284867994,1.1978106369157082,1.865421859759845,0
8.143900614116596,-0.2718992892764369,-5.332090965431866,0
3.4146462381166813,0.09865608178800223,8.825181283552954,1
1.2088126196087998,-6.471761791442276,1.7758905836045908,0
-0.792834575961475,-7.378402765905938,6.1136957775378455,0
7.291272190453398,5.323142031655559,-6.767678785394051,0
0.9329644037557685,8.648879567547016,-4.143287550794792,0
-2.391989020591807,8.946137984739241,3.590160454731109,0
9.536006570213186,-2.619645351776545,-3.690215870355522,0
-7.785588133473686,-7.28966252878492,5.85003363722932,0
-1.5490314337611082,0.3679925326613027,-7.3909302564527835,0
-9.159506496571893,-7.747815413015586,5.253723409092171,0
4.798082415338607,8.679748370252344,-8.632965702988676,0
8.361531043983014,-6.32840745289708,-9.748147746650105,0
-4.399253408990211,-4.944682800976718,7.964470376643241,0
7.166833535982416,-1.867269462300591,1.6267843386459724,0
-4.155635390762045,-2.3367106288174844,-2.9634620582637705,0
8.215403232878305,5.893257847957781,-5.348107260722992,0
5.079238071935679,-0.8736635889807527,2.3377156652163222,0
6.098135536828771,-6.584634799933262,0.18004367073476502,0
-9.639868887990911,-4.655802090278518,9.831955510599705,0
9.25620714148052,0.18226770375044055,9.664319733074915,1
4.533419841406465,-7.050921651477302,2.7004913228321925,0
6.58789329717694,1.3149461310229178,-0.1771806173067585,0
7.455076791322558,8.754092307587353,-7.968509115292372,0
-7.74839219176126,8.245091222023113,-3.4329585237856364,0
-8.069310596091183,-7.368693867212908,-6.083215162115325,0
-9.751919274453705,7.901703455326292,5.695486423255787,0
-3.9746947847999925,7.186499021409521,-3.290467788782605,0
1.9671496859551763,-7.7996455774491285,-8.352940193264837,0
-4.055243845827656,8.948559961195862,1.005910463662591,0
4.863863974632068,-9.813794184752926,2.2986835583429492,1
-9.03714328043293,-1.1521251850361285,9.543754782648367,0
7.045277487823629,0.8775584232223501,-5.757492025561202,0
3.35609366452813,-3.2289194512589736,-0.5381092380125061,0
1.8644314021476855,-0.5313013281190244,9.37227630691859,0
-6.293396409425711,7.376021916356407,7.964583863256603,0
-8.420616756183428,3.2380315294385724,-3.325703030484142,0
-5.209796601809238,-1.3190226304363861,9.84076947557189,0
-9.306594665470334,8.111642751462643,-8.940541879077983,0
1.6561367016697925,-7.604800671356056,7.112052541080562,1
9.908750323826197,0.6386595510558291,8.545297404139724,1
7.113921876750787,-4.309760805151117,-8.188292849077964,0
0.4289137808717882,-9.058776042461052,-7.73145146508317,0
-8.727181814267153,3.370933902279706,-9.336516844884525,0
6.627470287714196,7.255415549184512,-7.909848747145518,0
1.97957016354421,-6.7419469104521195,-5.811603663994383,0
-7.701340058808663,6.24827315247801,9.40153237820002,0
-8.122854303532876,7.067914670738833,3.3572044447936094,0
8.192536388731849,8.28680885332967,5.571060510370842,0
3.3840052587615688,-4.694298218278952,5.5227880738304425,0
6.585735986335109,8.079061303797786,0.7014749955842916,0
1.4354470409664444,1.046760269110056,1.9161506477993928,0
0.3489270351008251,-8.989850583354357,-3.709078047932848,0
-1.3914517935801953,-9.122378232625127,1.2222021753680146,0
-3.6610682441776143,4.407464254644058,0.6701717226902701,0
-1.3080807828257655,-1.1104004404441792,6.4690610751864135,0
5.477593114603128,-4.874152492615648,9.634544347633181,1
2.0384686203026305,-6.191730079501796,-1.7791486915813888,0
7.8504657990969235,3.399069817184362,5.267813568827194,0
-1.1323997124162446,-9.991969119493202,-8.004739919237329,0
2.1417915743750804,6.117823383937086,5.536627388965771,0
2.6261510618397743,-8.415007877401424,-2.571661760135358,0
1.8339432461265108,-6.170207701837612,-9.212196742206267,0
4.052675461710326,-2.2752720940182076,-2.7350764287564555,0
-5.251330632503874,-0.30282520567792837,2.2128550184328954,0
0.24727555091581266,-2.900097683721164,-7.614996646370669,0
-7.915503943833047,-3.585756700314122,8.480689848605092,0
-2.3097734471037494,9.278320241463767,-8.446551734543227,0
-0.24665862757471224,2.8315936248678852,8.600134396663325,0
3.04448519090945,-9.531340892652235,4.14275035871373,1
9.010621051724069,-1.3964818311137357,-3.4057564917159278,0
0.12532118990405472,-8.108873104512234,2.0294220176241478,0
2.682080627526627,5.167695431798355,3.4328584290989035,0
-8.581355677324531,2.1202766387216254,-2.2167076697304005,0
-2.762938135897226,-8.928468807851841,9.797349680757868,1
-0.5501328998697286,-7.190019804089653,-5.721542590005646,0
-9.087025089952325,2.450987924262275,-1.6428762695573713,0
-7.199518048933646,-5.843523170823284,-4.1635362485206535,0
-4.463713844173885,0.08140159496848653,5.3022302087969955,0
9.430653818021014,0.8976337205878693,5.280252513314414,1
-3.373059857938985,-4.329856194581212,-4.151090780052082,0
-0.3591788377583498,8.968503110829857,-8.372193667340342,0
-6.078045745232141,6.849282136711501,-9.771346466555919,0
2.215601421515366,4.447470152655971,-1.4509893351502896,0
-4.386335689680514,-8.440122671811817,-1.793248113284582,0
0.3314525689195804,-0.144373082700886,-0.6039584860464071,0
-9.889884016791584,-6.785733016180286,-4.871632608491588,0
-5.6186238179628445,-6.829595319451811,-0.1786410069284301,0
-3.222787013224968,2.787728429081959,-2.3416718534045184,0
6.051713591596258,-7.419271822211502,8.884473489475734,1
1.4409728673860158,-1.3936714391521825,1.7901076835085092,0
0.25335451912832774,-4.505899343857127,-3.1099628971507665,0
-4.130223535837567,7.755030493433761,2.5133436126318625,0
8.635074388656328,-9.188285757306097,8.208221791562323,1
-2.059699175256167,8.274549880129186,-4.520187990548199,0
-8.25814466408457,6.659882771060008,0.10233436941348728,0
2.3413303223560256,-4.048585671183691,9.173813078235106,1
-7.723232130467972,5.785813093542094,-6.552077134030947,0
-3.0955371439661583,-9.375728793225049,4.393278511934231,0
0.1482387743561766,9.337311005867871,2.289620164059647,0
7.484450493703516,0.5318988517957877,3.5935026228126965,0
4.045175320633286,-2.7483357481064585,-3.7224125303247018,0
9.856336779981408,-8.671892930790053,3.68419341176741,1
-7.370217602040368,9.786990280840783,-5.689134297909093,0
-4.50536948960961,-9.214161096986151,-1.6069051028198977,0
-1.5634364292233727,-1.1452814458708342,-9.833903177533404,0
-1.7795784946890851,8.978324363774302,9.40114720076139,0
8.1522200511311,-5.080005193864096,-1.365940426871619,0
4.280652889337128,0.641736478760226,9.386992288396506,1
2.158104281814076,-0.35287582834494025,-7.193529604643478,0
6.475807684425895,-8.63979536095159,-5.9805193441752085,0
9.101210229699777,-6.124217399532903,5.8014825392654945,1
6.423965651004529,-5.708703598143003,5.674059775219504,1
-9.968697896170543,4.763015096833794,-7.747857019213765,0
-4.847855593325563,-5.695123589980926,2.2595468317872065,0
-8.809505993044567,7.232499001679567,9.71267240175408,0
2.0759090589877545,8.843709089792771,7.647930695327275,0
3.731798269852135,0.36985949884480895,9.13127857122338,1
-7.710247238681898,-2.953822315816435,-3.1480245756376117,0
-2.3232223391004103,-5.318844499650018,-7.888487155610733,0
-0.8752698208891587,-9.004379969539125,-6.2330625342109975,0
-2.618939564781668,-4.629998476050092,0.009897901532276876,0
-7.579499990296139,3.0847155989063584,5.864593565466443,0
5.023560956168362,8.880825565618547,3.194630645215142,0
-8.579846709334891,-2.0744547501659882,-3.5284479192097624,0
-8.39639971836193,3.87726684656789,-3.1759585521569296,0
-2.9045741632803157,-0.21354505049757222,3.238354603158527,0
8.834514232378503,0.2515243184842326,-0.6600116093355961,0
3.371452934458281,-4.64451370791765,6.240665860519879,1
3.5733991334512964,-0.9009844631600057,-6.881629806743459,0
1.873215824170769,4.132850434978678,-8.715295038851583,0
-9.797376319445132,8.812799983722279,-6.1189223950879,0
2.721920928190844,-3.4135744503499144,3.122994290063307,0
2.2514693668963837,-0.07409748998720644,-4.946407445213019,0
7.473971869326903,0.8892266429833722,-3.4561678834217417,0
4.479461109321877,-6.631188977361695,0.7424149657347989,0
-7.5888316719261955,5.209292125521333,-5.7685438702139535,0
8.049066145716836,9.698582168829834,6.223125231750114,0
0.6793494509552751,-6.057879223526957,-7.094165760684367,0
-7.157257524130847,7.507264798015214,-0.7234053636673572,0
-9.765867785381918,4.0898727282336935,5.496555333092427,0
-1.55931479744722,-0.9230687238617676,-3.253409377931704,0
-4.099185846916875,0.8122198864945815,2.662136454354634,0
-0.27999012404793966,6.992003499649162,-8.995737570848545,0
1.5439977346910165,-0.3973012072325375,2.17377521058636,0
-9.125218553821053,-2.535852617897463,-6.946940399987859,0
-7.539934097525087,-0.13505013948028477,6.611666502289026,0
1.1728479290085065,1.5825960807009825,-2.8910107283904303,0
-3.1366529365468354,-6.218446924433023,-4.368922745436086,0
4.583469750988961,8.018154605339813,6.8177795342297,0
6.912087259798135,2.665378346749778,-2.0678240133131043,0
-1.4013784521970365,2.0834787634518364,-4.303992515008983,0
-4.49237651489163,-8.426046496092019,5.018567870334445,0
-3.873730024435746,0.5462179128478653,-8.721536716161225,0
-1.071609671968357,1.7762054031244645,0.545982662575879,0
5.96760681036705,-8.215556638855228,8.017357888031583,1
6.448447473365569,-1.380338743054832,-3.7410876530328308,0
7.151246753225674,-6.504265699096841,1.483239992191658,0
8.332704716824146,9.742001718482332,0.015105494819721343,0
-1.3802955897340752,1.2230042487034876,-0.20878187544788496,0
-3.6226636335772238,3.7487372188173467,-0.8778920096557474,0
1.6439749318822763,-3.491634386347844,-5.887410489354375,0
-2.576551531247448,-8.105221704413117,5.114198449847855,0
2.0214833360046587,9.517417255670733,-0.9732793452142268,0
4.111717252876492,-4.2748192923363355,9.170325500052115,1
3.768100369842738,-1.5238362965285148,-4.783831456144474,0
-2.508942259597573,2.9972784340515,3.654876792540822,0
-6.662795966024944,-9.506054046277775,8.81434159278217,0
-1.3894132307558493,6.205182610345737,3.26916646032185,0
-7.148117118361825,0.7315638005724061,7.425458152347893,0
7.801940703676166,-4.435656258623557,6.549619195140121,1
-3.0824507852428518,-8.767840294150615,-2.797645690219923,0
-6.910805055533524,-6.750031690511172,2.00247879878993,0
-9.491044801884982,7.9006771770687365,-6.874773203772888,0
2.916447725729686,3.72048447871782,0.7105176539119906,0
2.7380463490948657,-5.001965567262204,-5.391560563713256,0
-3.187916668374166,-8.68798470109941,4.874736299048912,0
-8.56576222304698,3.8123062477327263,0.5611684378424915,0
-1.8074221020953587,1.4481545193553025,-1.7754527473667903,0
-3.775650098732129,-1.909609510835299,-4.624058076660448,0
3.542412794700187,-2.727771016198723,9.973969636825736,1
-2.7081254360492,3.3922251307503526,-9.1287863885516,0
-5.642148914900198,9.41336055587741,-5.654851990122709,0
9.760719323111836,-6.485695083263483,9.421449172556393,1
-0.9199675760777026,1.9423324003100682,9.584763366399688,0
3.7654847156047406,-1.5162988850804755,3.0985546954427186,0
-7.1889406484327845,-1.066225565106702,7.602133344128095,0
-0.2882060068120431,-4.917054397443712,-5.720765383184093,0
0.1091023582089985,-0.2948879170551777,-7.144302997208706,0
9.280348142354047,0.868117043965281,-7.977496236366834,0
-9.38088418161313,-8.281792235943591,5.619488014361046,0
-2.24026480106261,4.282382818498318,-2.666656442507338,0
-6.799501270736119,-6.075314366242887,9.55791975572253,0
-9.532958073436282,3.801507083775954,-1.3115972376334106,0
5.124272279003536,-2.1924710790609225,-6.991028984535674,0
-4.2151045605469095,-0.6164500781445668,3.580743308448797,0
8.001663660329616,-2.6458298374491367,6.6445156100875735,1
-7.677220795989488,-7.987600455548199,-0.8246342008681413,0
9.118376579106386,-3.8073637999430847,1.87213652098335,0
-3.7206656524529436,3.274687213878769,-4.653105756822933,0
7.768073446173624,3.3156880293774194,2.91833052811028,0
2.058857529589231,-4.275513855200113,9.719438879006873,1
6.53414719482975,-0.7979474688462407,-9.018928548244123,0
9.680263264209287,-6.1310554397612504,7.730613414103356,1
-4.2318912436250855,-5.7925583694032845,1.2456500553504561,0
9.22270970815186,-9.539058231867852,-4.958026808754001,0
-2.210362101951593,7.9349309981548934,9.09779420018516,0
-2.289761905261553,-5.785866698501875,-0.3329139388220206,0
-3.192257914909886,-5.449322461270734,-3.3661949665322872,0
0.8281521469517035,-4.407971347097364,-6.370047434583177,0
-6.917099136430258,-7.4518385660914195,-5.110955794866758,0
1.0742297071602245,2.785257663627256,6.65698083182885,0
0.8340962482000798,-8.497140936448268,2.2882001863433175,0
5.2380362520974,-7.315951473472994,8.264912389766323,1
6.672999238751711,2.895134531801858,-5.360630956844283,0
-1.1911729937515183,-3.206787590371145,-7.5772285230219705,0
-3.9533350129701255,4.1589565340237815,-9.8782493804882,0
-4.813302053658111,1.148494893402841,0.15724075231987555,0
-6.107523265902561,-4.879576538769738,9.966138607639763,0
-8.847048356019503,3.0165590097865618,3.89930537637278,0
-3.1510404233057336,-7.6745263941423865,-3.8321081606970786,0
1.154176525000878,-4.642528343651184,-9.691696678469215,0
-3.054459219389849,2.0800999547900023,6.337209610820448,0
1.6093520198739206,7.42667184680565,-3.9894648552300804,0
-7.21606597308609,9.978093995261535,-7.006530708327978,0
-1.119125015955941,2.1552553748684904,-5.473383205258509,0
2.524686428421276,-1.9058825134165964,-0.6284039124972196,0
-0.2220433641509718,-5.4958579956759674,-1.5026414586397792,0
-1.9644239869135145,-4.858078212097765,-4.2222540125154655,0
7.60629524297854,-2.6544459743858155,5.244615792843385,1
2.4681191631888026,8.276290452498884,9.802195674698343,0
-5.9737578435513345,-2.3293097513204604,-5.1038207717573325,0
-2.097245134713628,6.732404207353163,-5.646682478681235,0
-9.210809342182014,3.015766416938037,-7.266098510219274,0
0.8604916791532631,-3.3171395523227565,2.108007439066883,0
-5.445005277935808,6.358083536648788,4.110053213262745,0
9.280576943310276,-9.232722772885978,3.604267418673359,1
8.18909221874484,7.415943446762263,-4.153333774332351,0
4.442864709118117,0.2549979958785915,-3.393779892063069,0
0.6677325753072516,-2.034995302731744,3.6302907088467578,0
7.3993831929536995,-0.05665438564628644,-3.011047184327433,0
-7.386953123530741,3.348310610676622,-5.74753620761374,0
5.8101958854977,-9.744691469642053,-2.513276926065209,0
-7.503583720663034,7.431037129164956,-4.558316848440446,0
5.8842132509881075,-1.0652094937721444,-8.233745575628443,0
7.541811620363777,-7.235088687318858,7.062227783140727,1
8.880841876507958,-1.210692512831157,-5.604993996662411,0
-0.7464878986921306,-1.9270661101304434,4.77654874702359,0
9.619747563253704,3.573201876537942,-5.769427482731726,0
-0.3318512805370677,-1.5820694248154794,-2.1312902112627956,0
7.270950450290904,9.228351556931468,-8.717294955252335,0
1.7746304426263961,1.9855503564718369,-5.474608304831296,0
-2.4934018416079624,6.149558713038179,5.858045566592715,0
-4.284328889482596,-7.812881937810423,6.087928938304039,0
-5.935538178278255,-2.0541741410818855,-5.858303502245792,0
5.235963827553945,-3.263045971056946,-3.281723097866209,0
-2.2691898635394425,1.3896477627318369,-7.315231618125129,0
0.22550924401502215,7.2222704012285135,-8.516547394301552,0
-0.15349039997636105,-8.433235644759867,9.84343428896819,1
1.5455805846626252,-8.548504039105785,3.1118790248967834,0
7.311542912491046,7.006354163151979,0.841930183966376,0
9.614786871668588,-5.742998279232852,5.30997000810599,1
-1.8483158285236616,3.3750650889962746,6.801543193754483,0
6.5503784421260605,0.8575626472161026,6.134295360894551,0
5.2905558930943535,6.657871897744588,-9.669211014202467,0
1.470579029111466,-7.49822180327193,-6.263842036190031,0
9.120942872238661,-7.4043406855477745,3.098106042356621,1
-5.990509689431944,1.1363672055661507,-2.4848130439207416,0
7.079239339108444,-1.700044832584915,3.3080958527650814,0
-1.2170036673250344,-3.4611579949061007,9.13097817458413,0
6.93937708414121,2.1337864639577155,-5.971070367084124,0
-8.750848127618571,6.738556656892474,-3.5729538836954937,0
7.669295259721213,9.909672214664397,9.791296164756137,0
-1.0336188926115568,-9.548628335952458,-6.8462265585370545,0
0.2086497800846452,-7.742837105744755,0.3267963767665307,0
2.531850221864204,2.1893552673324397,5.856890676742438,0
-9.61767811140472,-4.295113153864669,-0.6383187962470664,0
-0.46313063364365803,-5.215778239315625,9.727115910114822,1
3.754440848611214,5.739515987624017,-1.4938369939769345,0
3.8506486307421603,-2.6123470483482976,-8.909206786496986,0
-7.311297411837563,0.11618445184659443,6.8442016042052,0
-4.012088232566375,1.2069734870064686,2.9633609795908704,0
-2.8256894916597304,4.572303135855538,-1.9195979427437297,0
6.088744153590099,-2.903085531386836,-9.676609200909605,0
-4.4248025517089395,2.2536868934921443,1.833376411870077,0
-5.785900722655937,1.7075084558191271,-9.746843430316757,0
-9.822734297730623,2.809665862844245,2.321971242987093,0
9.956417113639564,-4.811016578638474,-6.219658653308915,0
3.5364259771479123,-8.30702492830742,-6.162249005638094,0
-4.107612073076137,-5.508352346921979,-8.926056241212514,0
-9.7136944466588,0.003958710455705727,-3.7318887705088732,0
4.757390371230601,6.808855010920404,-7.011361957159618,0
6.682891940013516,4.025866841767682,1.6035273959306764,0
-7.142994253983228,-2.9804875214781728,4.42271707198087,0
5.068558445139381,-1.9069251670289962,-4.895375661628691,0
5.378455642152819,-2.1263622801877435,-8.215004967268321,0
3.1708103134010983,-6.162536311909969,-8.426326861162043,0
5.322318655911724,-8.77566683712856,-1.476969030985524,0
6.918428793554643,1.8183218565445358,8.9168881812543,1
2.2720822847491675,9.784333668411723,-5.645419315059508,0
-8.227905720606419,-6.663405900994743,-4.865167973169013,0
-0.2474438066557827,-9.066303602014525,-7.982223957882821,0
-8.447013306567898,5.590633636478659,2.1114054778786056,0
-1.8491393793513833,-4.948279866305516,3.5974574789434968,0
-1.8578702174874469,6.592876107058569,2.8586241632152003,0
-8.679803117195169,4.078733340690308,7.2226048608956255,0
-3.023589320610414,8.913470741016091,-0.27148329947856453,0
-7.780038024173703,-1.821455284866559,-7.310859184658711,0
6.164704200184442,3.239396789012684,-4.2118973859117474,0
8.953760519289414,-0.7029043837345856,3.2485994684270363,0
-8.553670494841228,2.611773946170871,2.262439474831197,0
9.10230414583403,-1.0080218798452538,0.6200625948592489,0
0.4515319867349028,-6.227355071518503,3.6592883737737445,0
-4.0086864409225225,0.15794832006761794,2.7478170074659864,0
-8.46275849447673,0.5716840287488463,7.626497789299034,0
5.890310889814973,4.7104141158716235,5.572027174011129,0
-8.995479770720525,-7.73225808894855,3.5636516917813594,0
-8.54196329264193,4.4123258132743,8.043882367653513,0
-1.9425343473472587,0.006103127090295146,-2.285353442003335,0
-4.0941901190411345,7.881990722123184,5.582083746772932,0
-5.352313538879043,8.397418682610855,4.495786023908707,0
-4.379910021825728,-8.89686818796429,-8.80947606256355,0
6.069654865937693,6.4128312070895745,1.6301661924814468,0
8.58456107263708,-9.246052191546587,-7.396213015983952,0
8.122220042649943,0.8459995124215816,6.228150054013124,1
-3.5700859750423604,-7.037984027457451,-7.805523975057598,0
-0.47126027312416774,4.926276251381536,-7.564960047046432,0
-5.479420043680006,-9.832905916557229,1.889477098252378,0
9.57962230349618,1.6159365970695134,-9.301882818537814,0
2.0698619208675737,4.287751240745848,0.8328301566610623,0
-2.8437183177290226,8.332862053878323,-2.243098006283062,0
2.9563489198105675,4.109933038692477,-7.978470152565147,0
-7.541586430692249,3.435585405097319,6.038407845119654,0
7.773181605307972,-2.113177072986714,8.30153530557612,1
0.06167901559672728,-9.974311489463972,5.1318786802826,0
-1.0130051592071592,-7.596814825287561,6.448446200325545,0
2.495677255788049,3.5025977168883937,-4.7285409816279795,0
3.6523444244680476,4.613580230567804,5.301268627311281,0
-5.161366393689408,0.4372459066435752,8.95834157868994,0
4.279052650131796,-8.516476088113755,4.336744134678053,1
6.450695887683935,-6.159674980641023,7.629335297591119,1
6.0791701510504055,6.799964464878858,2.7739818976634503,0
1.0500193481577824,4.4982549324887895,-2.2468019888240187,0
0.4033978462150234,7.895239740249899,-1.4847677013938956,0
5.506923008062712,9.80445069230148,-9.370856095079478,0
-4.571812391065713,-5.811865721001328,3.9095120837815482,0
-0.06609154364106828,-9.76440247426716,-1.231422159776388,0
-4.314518141449666,9.948458781071082,1.0443013610925895,0
-7.323432740006137,-4.378522291097737,1.1532249524483262,0
2.591153937834731,3.3603890502511984,-4.452483733333972,0
-8.913359303541924,-6.466353716473896,-0.4821497834101862,0
4.972904682524,1.604570643982834,-0.5847955666459548,0
-3.6482640947776668,8.080699729091187,-2.23145557544286,0
-9.997306139910293,-3.5963766514312283,6.41350766802141,0
-9.062961829447937,-6.241928224031669,2.0728904901197573,0
-4.47660884358201,2.4959079743745054,7.910402407616523,0
4.139529749114324,-3.270992963649797,7.324672457178451,1
6.786769847120048,-3.736358985927297,-4.599900070699721,0
-9.923601546828337,-6.423178629844013,-9.300350233838744,0
-5.063522615961955,8.038322156757655,-4.778664002093416,0
4.818081123041429,-2.056262273657423,-4.425853087585827,0
-7.96215223867973,-1.031843179681342,2.9848546567594134,0
-2.795321623991443,-3.5892766638700895,-8.365920807955424,0
-4.592134272309489,4.88838507626652,-7.292428079777977,0
6.854238043211097,9.424398237709887,-6.886477489160492,0
-3.733041648297137,-1.2393268660470635,2.608434963378464,0
5.778649435520144,7.220667999444807,4.708280510140062,0
7.8374428962146965,1.3172614711923902,7.192878211307921,1
-1.3236516084694099,-6.85528669811533,8.81273101612486,1
-2.453638920736143,0.2686899425164029,-3.804550305519019,0
9.281568329802163,3.0121304650420697,-5.193542385103386,0
-8.21420950948854,7.7937482514333,-2.824768650677245,0
3.7403853300648553,-1.191308586879078,8.29330214847499,1
-0.12371919086142569,8.023552464347112,1.5022513387872305,0
-2.247023890887059,5.013380285633097,4.763837946489982,0
2.6542375749720186,-0.2279014824403056,-0.1976152774643598,0
4.077141832686625,2.0644427131592735,-9.42284173327751,0
-9.91273460699382,-3.488377349619771,-8.716090280043714,0
4.260921012686374,3.3470232610079194,4.375780696400513,0
3.327708271564129,-9.123062950067402,-5.69338944942537,0
9.320950102573544,-3.4675618850398244,4.438191479846081,1
5.22075580501566,2.4662886751811506,6.213315469670249,0
9.01545415462676,-8.873334444015203,-1.7620504327577748,0
4.050810030696139,-9.522316173617146,4.928384656882098,1
-4.0389558272111366,-0.999515209443949,-1.919400993430802,0
-7.892701554982871,-3.3461964061466,3.5670125891004005,0
2.8829844295183182,-4.746133802399896,9.838532366162216,1
-9.036279752134075,-6.705645061140382,-3.0920667587280786,0
-2.798990681980433,3.782867139606754,-1.7791843885077707,0
9.135996309685723,0.29142232535600954,-6.6875988117965735,0
0.0080229142040249,-5.996915775012663,-5.918538831963862,0
-0.84600789681412,1.8361581532665188,8.340911803089522,0
-5.822345519896725,-8.555413034550444,-2.1079009667751887,0
-2.6258565827040954,-7.0509398146764095,-6.403111063289176,0
-2.603734880256468,-8.535087917852199,-4.298010012340119,0
-1.66991136192242,5.0662586375851415,-5.328418337562675,0
6.443597736328467,4.326506869520561,4.719689775141591,0
7.006960022397909,3.3877084733973835,-9.843101575187536,0
-5.760118906026839,-0.4601616924365004,0.7846105467296631,0
-0.5543639167403658,-9.232768904240507,-4.675434273650636,0
7.6031347584297,2.429288453135692,2.0658302122403462,0
3.556264006200884,0.007167207687803767,3.1004939281018,0
-4.093970448563344,-4.4514653039804175,-3.0684402424844155,0
-7.267981926976548,2.85604100324165,6.718481460556269,0
3.0327952095455313,3.856023972598175,5.168919139997286,0
4.771949162646614,7.41935199725085,-3.57489653172175,0
2.8966520804462768,5.395446147711711,-8.563849091090617,0
-2.0973818477699346,1.2271164837867587,-8.114480442021279,0
-6.015694502118938,0.5562421659124155,-8.966756483420205,0
7.804300052723487,0.35259656795934546,-3.261462500719232,0
-4.251808070688405,1.557541628818182,5.063994038284587,0
-2.644280244876942,4.986307102848688,-4.113036669692438,0
-8.838160958393004,9.293809576569217,5.266161543602596,0
-7.769755753574472,-8.528732915684687,4.909340764141106,0
0.3172380542465625,-8.931307952179656,-5.083457347335674,0
6.709604514843889,0.5975125103641226,4.955532765442015,0
-9.706132226900923,2.2980602913387216,-2.0509214866594627,0
-2.4181190265612766,-0.3515279681054224,-5.7915903251696355,0
-3.2530890646181465,-8.12685094785051,0.42541613783738264,0
-9.61344738164798,5.36178756837333,8.427951760003928,0
-7.512632019989796,4.9444929017717385,2.792334648641239,0
-1.7271465016272955,-3.76593357014376,-6.541550047454776,0
0.6187535682418766,-8.552854845173467,1.8305759471074605,0
1.9026334981136301,7.622102967131315,4.681280700462159,0
-9.801523577443287,-4.8667662020817115,0.2989470302888968,0
-0.7180968109299215,1.8596949551098785,6.279679491466172,0
9.269984817751766,8.719883580035553,4.443111586332556,0
0.3806456025909739,3.562450030732929,2.301466800370214,0
-3.7627228416623364,3.790684178108304,6.718982218231368,0
5.479827563055251,-3.120407273672596,8.718111706396321,1
5.458429637522302,-4.454831673016278,-7.260697523814104,0
0.42592095308277855,9.933665558693594,-0.2351774113313887,0
9.52027646558427,5.015804623595754,-4.822225160589911,0
-7.488995704746932,2.894399547636352,5.090466148511293,0
-9.661046702208381,-2.894207135613625,4.432592720094,0
5.403164235141919,-9.016783416899036,-7.182297588592026,0
6.143110747297651,-9.378862479296888,7.540545425232743,1
-7.595855417588475,1.0836251089759763,-6.380538720439954,0
-9.648952732667421,0.747583808877101,-0.8603928074399025,0
-4.133827784388706,6.815701438782291,-3.434554128836975,0
0.3592105542515789,-2.6649584714811976,-6.647714877067412,0
-3.0380881366342383,-5.258592176516439,3.2378110940180065,0
-2.5652141018733943,-1.0545406368575598,1.0086077589424107,0
-9.972927485690636,-8.55247213611755,-7.558291566975345,0
-4.0039894486952825,9.08263283142145,-7.746042791233496,0
2.9291748327586102,-5.534891978612782,-8.55378850454417,0
9.483888876327143,8.446155509671694,4.875346947470883,0
6.941216539677988,-1.482136899266365,4.2376417045857835,0
-9.528100707089418,9.710482665104362,-8.831380182908497,0
7.9712120934967885,1.0811676692042145,1.2054015119394599,0
5.663968265972519,8.616657283516147,-8.306476895146202,0
5.607522471419609,-9.893020226115542,8.074915412178832,1
-0.8400848199285704,4.964776123618002,8.142348383602648,0
-2.0398941409099436,8.061013062050307,3.964659796262602,0
-3.941685423336148,-7.2055886604209185,8.523778428789,0
-8.686102820912684,-8.077482965356971,6.229060608273812,0
-5.067927300439507,8.673578122658704,1.394157011398665,0
-0.31845860579596774,0.8477312038087739,-3.8788160356764827,0
4.948888131933879,0.5491292744346428,-5.644017697671568,0
-0.5238034320410669,-7.177477634013563,-3.455999559221416,0
-8.843111011056788,-9.984209778135625,2.5699086017812416,0
9.155796019764079,6.202801814909225,-6.546869283352022,0
8.854486381882246,-8.248508740275236,-4.827195267253568,0
5.703790862968168,2.67699637470648,-0.6387827440907117,0
9.82655803128441,8.29232909030383,-5.338998029507689,0
0.889646656005258,-5.82696173683138,1.7728733943212323,0
9.255367005064123,3.3054567247382156,8.463520569126597,1
-8.487899187664985,-8.42602846584981,4.96178731406253,0
-2.6863850347725737,2.0751028767522595,3.3285322829782604,0
-5.492374639864684,-6.721365580935945,1.6544295196755758,0
-6.083338317314599,4.719071210303561,-0.24104181485870235,0
-7.183941022146478,-3.975374104121836,-6.268722807306806,0
2.448272831319933,-0.7321798239070745,7.894209108537311,0
5.626437114946102,1.9886108405524343,-5.029279959743274,0
-7.060745808235806,4.832756372352417,5.000303584573905,0
6.222475398669417,-3.947193187263709,-6.487689313376672,0
-2.23668587746009,-6.834338986012527,-9.434301434180405,0
3.4826059107212597,3.7623531841270044,-7.258641149191039,0
-4.8019004151433435,-7.436238543790765,-6.5359273848017585,0
-4.189909886571592,4.96750498856365,6.740155916062346,0
-0.6002346368412681,-4.759299909862509,-2.533691872681181,0
7.802822747920292,7.634346127907925,7.4915295343640125,0
-8.755935476705945,-6.071173695544283,-3.4921915287752103,0
-7.053939114420594,2.2769189001544845,-6.985260139376632,0
-9.843168184561664,-8.245647165600714,2.4111839083799715,0
2.6184358045832674,-2.169258007967416,-1.6026081825938636,0
-1.046531491791633,4.266434590025446,2.265666936837974,0
-7.314502981954489,3.188464936998326,5.233498107883673,0
9.15868242113541,2.49401338813216,0.9140603206589688,0
0.5931944789123982,-4.3491827267511285,2.5526070980357574,0
0.012071423094150546,-7.941077105994276,-4.018713807823138,0
3.592406654702156,4.3804564086720195,-2.8167212273209374,0
-8.47521564052871,0.07777593582547127,4.354067234186738,0
-4.50592369904216,4.175312646913092,2.2261103411077343,0
6.139309817679873,-5.021129504062545,-6.429341909205704,0
-0.8067025919467756,-3.5112354272986757,-2.4770537997901965,0
0.9315428406458981,-3.315693254797707,-0.6432397375057004,0
-1.3436799558106145,-9.485151805055676,-1.612203240632212,0
-9.122001147139898,-3.1790425433875296,-6.434503833559184,0
-6.685004403596881,6.066091470360671,8.488601835685245,0
-5.816290691841443,0.36436631271854836,-0.3728833578429551,0
-9.000419426806426,-0.8899660956155948,3.601220566136732,0
6.872993281036475,-9.383507626012594,7.945653442710437,1
9.623850583282316,7.584086751707652,-7.276517152768576,0
5.862857479934789,-9.739795731482545,-4.992538985860446,0
7.07569843409334,8.895001604204236,0.8540249451329007,0
-5.160457393659092,-0.21567502623818768,5.980207427047173,0
9.212539510263994,-3.161310128505468,-9.274902091169452,0
-6.061485910931433,8.484368696853203,9.680363003927212,0
9.028596207236646,-9.512180137798065,-0.901867942352057,1
9.89638587931902,1.6284978973817417,-2.81537718756554,0
4.234456114920974,0.9786504899867516,-4.145511243204563,0
9.622874635836439,-5.6135919757723585,-6.512865846982567,0
-4.809164336478194,3.0452801188754037,9.108283294921932,0
1.8712187075757196,-9.985662825868404,9.048413895069125,1
2.4468652923449223,-6.709492552143752,-0.3789774504736343,0
9.623556735245892,-5.328391315552816,3.480523582522654,1
-6.197847004325448,-4.730531086123035,-1.300316416590741,0
5.851902325767666,-9.243597268959293,1.1744681642510475,0
8.874031856404414,9.72699845888324,3.925269506010663,0
9.202712088108946,-3.695665252454279,-8.943507110317267,0
5.146204142688777,4.389199353399437,-5.258454248875708,0
-6.7665712752607625,7.091373280652817,-3.526744379283995,0
-0.46199787064059983,-4.8609540098306026,-0.3737924288341343,0
-5.053193683618334,-5.538199631092883,-4.2529267651600655,0
2.812303670977748,-8.869686184064854,1.8497280926385002,0
3.332009580932384,-7.93210126739917,-4.044258535414023,0
-6.746005123828683,-1.3698376030471522,-8.890185578578787,0
1.301706249055126,-5.401632582767348,-9.94944900336182,0
5.432538219572153,0.3189175705084679,-7.9769788416314285,0
-0.02208670928116163,-4.930124934856193,5.845014003280365,0
-9.819230618414156,8.118879358525291,-1.4606760143756148,0
8.523881368635639,-2.9115201602522767,-7.063036618531477,0
-5.426464407927824,-2.377062359305288,1.0206270536031408,0
2.6872737774337434,-1.7629543371100613,-7.106901959860464,0
-5.5584825861335885,4.551586442698881,2.2242866239766013,0
-3.566600206809028,-0.9672200896232415,8.665173351617078,0
6.9608417920296795,7.134598930117949,-6.086029213939208,0
-8.092014453735787,-3.281076932421323,-9.52995154363352,0
-1.4259595802713285,1.213889627513602,-2.4900551735675798,0
-9.416604727094711,-8.09886926334871,-7.785029843389819,0
-0.38219706793982056,-5.990619044672821,-2.9504911680860113,0
3.2486802340213607,-1.7306846657967974,-6.529261607222329,0
-7.629947528036968,-5.8759456819644225,-2.533900197542252,0
-4.222301221816687,7.53120981577435,-1.6495438778493927,0
-2.043267489956861,-6.8342748788180385,-3.9881775443816325,0
8.390620493120995,-0.88678356893816,3.1324389894625817,0
-9.101774020087683,3.8372781632168884,-1.9880925178945539,0
5.22015846990784,-2.3386126054698657,-6.153136870499571,0
-2.5655186719531358,7.381981374494572,-4.585544836080333,0
-2.1508362754103993,1.3663830215585104,7.080016469927379,0
5.085299466940453,-1.2098443910489642,1.4327944654029583,0
8.368528642908174,-8.655187318959268,-0.8997793538608541,0
1.5424517207664152,6.4147168163146056,-1.0054538335243617,0
1.2814805766703543,-7.630765898110363,-8.32194916343604,0
-2.8284307695025372,-9.72720308328238,0.33306978522485764,0
3.1326214741575225,-3.935609065628176,-5.498833089706558,0
-5.192021742129862,3.9598094299558504,-1.784458209514188,0
-6.168141085303485,5.805198078833875,7.53695996502913,0
8.364781733508742,-4.084943307593411,0.5502903977708957,0
-7.963926341009262,-0.08692158233505864,-3.3156941325848033,0
0.11915815469863311,-1.5776219113183672,-5.842232917900059,0
-5.582944340739822,-1.7895443129714437,6.006497188129785,0
-9.22140073348665,-5.37302573599699,2.4903603072869434,0
-9.279623634171472,-7.272577899410832,-0.6386907914753763,0
-6.495564557883453,-6.066228835375737,-5.650312922740439,0
-4.350425120459467,-6.037385163528459,9.19686853477037,0
9.009183411505916,-9.815982047492412,0.4017987521166866,1
1.6324458597838714,2.5451680127195644,-1.9860143751349408,0
-1.2677162046246782,-3.672491852246342,0.42844084696647755,0
1.6017766933890911,9.462894228538172,5.579770117992172,0
0.33396770452535485,-6.125658984474043,-3.197821269942624,0
5.175525075146503,-3.0834285938081223,-6.425877581347823,0
-4.350078680542955,-2.8431768271693354,1.698722366780956,0
-2.938992167993952,-9.83097007875079,3.3040820696213444,0
7.881886050665013,6.784159060789179,4.254360059170992,0
8.929130263008108,-9.360110797113506,7.639751815322594,1
7.851164549729489,8.803596694584826,-2.576517586217739,0
-1.611040120853728,7.841487021872414,-8.492902075422164,0
5.607310060137634,0.7104383217192716,9.166971672618843,1
-0.4732853339780245,0.8719114982258418,-1.2997614512504967,0
-5.906397818854321,-2.2589997613022605,3.3261064625658463,0
1.82260606517033,2.94444566795711,0.9302741740240705,0
-6.277282044933042,-9.104632226230262,-5.8948494052745986,0
-3.368706018656125,-8.919047453005469,5.102861002322829,0
7.100604032398703,-0.8553916076091124,6.075039486081632,1
-8.576834296531343,7.756352806716379,-0.2287767883031684,0
-8.619848147743674,-7.906787321842074,-7.721236337440294,0
8.815690410062157,6.452958543877788,-8.320966770004324,0
6.217571620158367,-3.6679513034517424,9.073129019265423,1
6.716518558210321,-1.9968945426920204,5.672454848868595,1
3.872361149475905,0.0714014880710998,0.3529617803521017,0
5.422456317037732,6.0328517966273445,-6.652649385466973,0
7.517661670341141,6.975351705626284,-7.8614879510551035,0
0.7818910547201732,4.121162292760616,-0.12402208568507866,0
-4.350551472599927,-0.19091182960430508,7.479960232261664,0
-1.495436291246122,-4.846087036216407,7.74582003554659,0
-9.248578192021853,7.698534936899332,-9.780681678871055,0
-7.442663975551649,1.5404080338111665,7.725914895027994,0
5.310935010317216,-5.577047797786133,-4.570315650002829,0
-9.999767304892677,-4.617604947239792,-9.220552720631538,0
-1.6686834303541573,6.0626617787249195,6.955805407257486,0
0.4502036217117684,-9.11708875825089,7.277335119764167,1
9.461563259446656,-7.392966405704165,1.4886751459271679,1
-3.916025607274383,-2.104493664566343,5.7261910542055965,0
-3.921149754899453,-0.1556763342506624,7.802109468854081,0
-5.391666757653002,7.613011549291556,1.054948951934069,0
-9.970523558273772,-1.741776208215736,9.352941854656173,0
4.5868958817599275,0.7498750734646897,9.922936618666768,1
9.336909995985707,-9.014006751816602,-7.669107800027348,0
-5.514130334299098,-9.953050522650937,6.990875191082441,0
3.2609438360684493,-5.104002539965482,-0.0035548450282192334,0
4.837926539174301,3.6116618583753457,-2.2486732340033573,0
6.968507581810496,-7.574702132817266,2.2614461976542994,1
-1.5474160597278175,-7.724760823909012,-8.88068885475986,0
-3.9413818871914152,-1.7807878392819347,0.1292223753415982,0
-3.494097319539378,2.9567407721645296,7.417811400533335,0
4.252426661970256,4.2414398449586095,-5.730769677220624,0
-6.367720644867947,-8.408237052559151,8.78961775429751,0
8.038803934983001,-4.786672348757966,-2.8326473533520335,0
6.133870393894785,7.066929952174476,-1.189267037532435,0
9.697168055249517,7.269829009256366,0.3890553303511268,0
5.084965193641615,5.450451835250888,2.639826882629377,0
-2.1360959794415546,-6.623327866948598,6.0138560183346215,0
1.8127566798927557,6.436029185084006,-0.9579558847137157,0
3.220285084946406,5.385011184831734,6.349618701802807,0
0.8899391820773026,-3.2559592966209454,-3.2303897926404463,0
-6.653573919978792,-7.562215758392821,4.354445094869828,0
5.612634348511143,0.19514133801742872,1.1609795125897513,0
1.675455610282233,1.7052175101969311,-8.86770053730553,0
9.044435713951891,-2.8132201896842552,-6.602342496783502,0
2.0310775859964814,2.8201211464140243,3.4684160049374118,0
-4.0688017558813865,8.025184155931267,-9.633026766527347,0
4.288483281424844,-6.7215947590611025,5.113635540990398,1
5.18010565043862,-2.3718238019375315,-4.693150503861336,0
-7.9496807186705105,-7.182627920982774,-3.799563075677952,0
0.2770892841353536,2.498875408156639,0.5581965588784854,0
0.17781111182111786,4.577410189771916,-5.681487981220849,0
8.658497251393442,-4.422561474780702,-8.292624413468694,0
6.550126397464425,9.004224117308603,-1.112352753978703,0
3.9441876381927354,-8.734746563586505,6.988445389097798,1
4.286532714699952,2.060277267291763,2.316877888424715,0
-0.7656771237376176,-8.8573456131334,-4.153409683147331,0
8.419890421931516,7.875483755238896,-1.5847958444707864,0
3.891908545065707,0.5961811414010825,4.133887606850292,0
4.579621233116329,3.3869670152559213,9.465214867277986,0
-4.51856821315618,-6.993787550320625,-3.151343832352465,0
6.141418077334059,-9.228168761237324,9.96395758575715,1
-6.09518794087016,7.577622918257042,-9.929906729378835,0
-3.0931609551022436,-3.7013354508213503,-9.447404883831698,0
9.570509367782812,-0.6307752582582697,-6.01074626333896,0
4.023397231805195,-9.380587931549798,-5.257038535269956,0
4.541135232307802,-4.502086834858245,-1.4779969203827967,0
1.241455888051421,-9.34400251446208,4.6113254086680975,0
8.94181334217038,-1.5932922160900205,2.4867105310241104,0
-0.0748249423527696,7.902000581324884,-5.247575648791591,0
-2.389645802602109,9.653048229871384,0.06540896201168778,0
-6.73929326136818,2.7409510700725512,8.524282107971374,0
5.724113045221159,-6.767246124308164,6.300155539675153,1
4.688878641511829,8.116987799986116,-3.5362043033641317,0
-9.496131720815413,-6.925013757941638,4.17240800870262,0
6.779946554360215,8.434533389033227,-8.751012886664364,0
-9.771640330918528,5.14938101446206,-9.296785734227226,0
4.073995592581019,4.634105454463031,-6.631841019799401,0
9.40514219452114,4.183614075888094,4.557117361002936,0
-1.2467734370359302,-5.993203578071153,-6.3252214831514415,0
-5.300531900080944,-5.779866165849478,0.22973538417667072,0
4.097420200867635,3.765859968545101,-8.134797596383365,0
6.342562840311704,-5.605544997792062,8.417723156603902,1
0.9286063215569467,-1.226566063939023,-3.120787728328649,0
9.340705505122923,5.640036511878828,8.162641131212617,1
-8.966625566840777,5.6790503619568184,8.897512838210886,0
0.09591196609056318,-0.9347645494828072,-9.877427053726384,0
4.369078946451001,5.843798765504902,-0.7172962560253602,0
7.252809422983578,6.772435923961137,-9.506878885862143,0
-6.414887761844199,3.0955150256852058,8.173855326058117,0
6.000069635273629,-5.431482953831597,0.3681508946915173,0
1.0541415143709045,-4.51976439228905,-8.501119746030064,0
-2.068926360200736,-3.7031768918252927,-7.794465434468663,0
-7.365699428418129,-7.6639178453209595,-2.329819510145219,0
7.30591517817825,-4.536807592601098,8.804683857457789,1
-6.854535836405693,-5.809615513749358,3.8581830313616177,0
-3.8042428158180153,-0.8934250038279572,7.3523773237826475,0
-4.1990893607512625,8.168750957445297,-2.670867073200407,0
7.428280683817086,-7.910393664920838,-9.135726009000035,0
3.45405988417796,4.405358478947912,9.486352744088283,0
2.497481992139978,8.451448098116,-2.6264515230171064,0
1.4349196628749734,1.369444043136392,-9.798191899562369,0
6.656607535765421,-2.7254895772863152,3.7831446344901654,0
-9.756864570452263,-4.852690831967319,9.312514456751849,0
-8.96328401760542,-9.205775848555056,-6.3750438786769,0
0.9771733015471185,6.788160752185441,1.310778292393202,0
-4.247345419126436,-1.0365830595736298,2.746096528566488,0
-3.864468009557176,2.733858287158835,4.7883582733173125,0
-2.9408299309528685,-5.575243603866326,-6.378992790557049,0
2.4258489809922033,3.5414742531689587,9.18014173528869,0
-3.319000686624616,5.444805517865532,2.774785125784758,0
4.653981011805609,-0.5357362623120245,6.940938377411097,0
-1.9094522885226066,2.3545384812358865,0.8013143056834355,0
5.675196849682145,7.88182738515691,9.543658131899917,0
-4.28483350814588,-0.0426163897136167,1.6424274163967212,0
3.708877664438031,6.02704116540497,9.065847927325798,0
-3.35087685702576,-1.7899035730328698,3.5070925401731845,0
-2.521579059743728,-1.878357348804581,-9.929782981786987,0
8.888971653886067,6.524347515504402,-9.19960718521988,0
2.8346879459711634,-5.447349283612153,-5.982975678977674,0
3.4295829733441394,0.4887269171549864,-6.2798313628800955,0
2.6456430727527973,6.121934959214951,-4.904824096003093,0
-6.020157220811264,-2.9304504974324246,-3.901307246046784,0
-1.6333227179543979,2.8441927400539484,-2.7986901289854345,0
5.018795967266366,-5.087368519023709,-1.5892461986224689,0
-7.972542048936817,-7.814411092636801,-8.022673230879708,0
-4.442944478205755,5.887684501857127,-9.152761360944359,0
-4.473617830682928,-8.020627531825863,3.478888981460468,0
9.607374818843702,7.102188439948801,-1.1171159555976082,0
-8.649949066323561,-3.070614258426656,2.6887988233670477,0
9.413530908194883,-4.634479590928866,2.8223893010395873,1
-7.733929905450716,-9.180435555002191,9.071444476703174,0
-1.927979952768176,4.101265684107583,6.792489917231215,0
4.091088560548906,-7.984943120808474,2.8943367562948588,0
-1.545427262121354,4.150456379560856,-6.458581561681205,0
-3.0695166409456354,-9.376501817761575,1.2104436979017983,0
-2.047752428942589,7.403933809844844,9.626565822768857,0
-5.893341225864004,-7.4537624250655,8.552765983802946,0
-0.3392060488222004,-6.4865540406283095,-1.8533015899347856,0
-4.629324878647854,9.205327169841333,9.976896543692625,0
-4.250766702054998,3.8633872050769202,1.5844007045511574,0
3.1351212694911403,6.0274307092727355,-9.15462011528131,0
9.370746633997843,-2.0473002853449396,1.7350959338277612,0
2.0727440111875026,-3.273745449900889,-4.508546086408067,0
-8.460410658700674,-5.310319864336601,-9.350373559282106,0
-8.48832772291866,-0.3870394337518217,6.417066093893268,0
9.02846441691132,1.03657467068337,-4.485407260384882,0
-4.054184193853327,2.635496873055107,5.93097108092997,0
-8.158660278350492,-4.85762992002611,-4.23564834088266,0
1.980891743007632,8.973081618059812,-6.113472922524514,0
2.4729755658053225,-6.604830035857283,9.47871148208855,1
-4.651959442849174,-9.702877549849925,2.027524228863209,0
9.300307389089436,-3.3326432376687443,1.2094696434700367,0
-4.98213908617795,-1.0175317213949846,8.293914870424292,0
3.5205257610509495,1.4132915796157803,3.4888214273373706,0
4.132597397574191,-1.2882168397458198,-1.9253399179013968,0
2.2001483415897134,-1.7030629939681,7.247607690485481,0
-3.7418521157270357,4.6544683082661304,-6.378742017680712,0
-4.578074924718685,3.717525501729293,0.88473515220835,0
1.9533656540540623,6.665425640716958,9.011007438875126,0
7.321912672233829,-5.000820375210089,2.507952597608254,0
8.934674578467913,2.1905701950812713,6.339369009497524,1
-7.881883911924847,1.7038957078570771,3.0712145109038573,0
8.894725175661591,-0.27884916194638265,8.889757596904872,1
4.730704566695852,-3.724357133885425,-4.5415654493452635,0
7.659876496595462,-7.163112047660296,-6.606778374865623,0
-5.947347317293136,-5.723975786745344,-0.32018499334920136,0
1.7517174221880367,-7.889727071975978,4.0372485364843165,0
4.022791888349474,3.6613915038024825,-5.456174936355678,0
3.6022377089394535,3.2145478621830303,-9.917970991396658,0
-1.8369661826660373,9.012127431597456,-3.1412976832658934,0
-9.69210216617383,4.593568272944825,9.377186709355769,0
1.6585211360852625,-8.959083224877372,3.8993492121169346,0
-4.937969216407825,7.684903478579084,-1.9734911211755204,0
-0.9949150771421937,7.253503258914517,-6.148478053063194,0
9.151620301676346,-1.133593584546027,-2.8782065249050603,0
-2.019293647151306,1.7172610105584312,-6.603211333975041,0
6.796032133288534,9.521566649450378,-7.873883573740972,0
-6.229187885014977,0.6460872769633248,8.134847451451076,0
9.540139088778869,-8.339224843796272,-6.717711208084194,0
-7.962137982541265,-6.178962625826343,-8.909548822434406,0
-9.83360115545616,-1.1849011311736426,-3.405377857075753,0
-1.328344147347714,1.695136166746094,-0.766816384771694,0
-8.147490338972656,6.324557037256003,-5.903575058482911,0
4.967686993524627,9.765242302863737,-3.9715017640288313,0
8.29097327697118,-2.222970070517672,-5.982585286166846,0
-4.825767156891181,6.023430065906496,4.251558864945215,0
-1.3119336198678049,2.087614381656163,2.699030315219634,0
1.7890797896939432,4.846204910674487,9.390650830700402,0
2.75376493791871,-0.007631760024759515,-5.539747171762439,0
-5.159558400382456,-3.8957093974228174,0.5126205600073934,0
4.2810544675625355,9.47485164076987,-8.174988614355094,0
-8.172170273364472,3.2672522191298565,-1.2710320235377441,0
7.54940093308964,-4.390735515906952,0.4414714227466625,0
-9.725088919773095,-5.156331088124646,0.8489161215441356,0
-5.032474792603995,-6.565800220526237,9.176019085176957,0
-5.711870340136709,0.5966777792414053,-5.879651914172479,0
-4.5838734392605485,-4.200252147117163,3.0966271678800723,0
-5.048804594402272,2.5781028984723005,-9.132066116878963,0
-8.749474085143085,-7.64122650251533,-8.671671910371302,0
-0.8211896680635924,3.098822091346431,1.0365644844717004,0
4.654669495723303,-4.334069440045956,-7.901216393441011,0
2.1346344943487274,-9.995141311309744,-9.553064231462853,0
3.4574333719615957,-7.461278846516473,-6.569740047039556,0
-8.377016429275217,8.672307556701881,1.2969834199914878,0
9.029814203535743,7.347092782307158,4.066819090378647,0
6.769836676860496,-5.327819359275264,-5.9504287171724,0
6.101806369913255,5.567438090909825,3.36518874416349,0
6.459676100835349,2.1714318634794854,-6.350473378015414,0
8.654210162655225,9.41809422899739,2.2691485326251417,0
0.8850793222739544,-2.527886809318818,-1.7608064020840235,0
-5.994359642647482,3.629212250343425,3.0759901866723354,0
4.85762987335878,-2.0750530636718807,8.756339304651238,1
0.4289804833376021,0.7796174890024119,7.708775287246116,0
-8.630825613328438,-4.242409933303108,-8.67018409650467,0
-2.577741231397443,-7.594580737427863,9.060931723196898,1
8.415332169267145,4.070566803630609,-4.363486418006306,0
-4.62292971235613,9.018827037316687,-7.754544833421808,0
7.906921783063385,-3.9255229673634844,8.886644714965833,1
3.329260950536714,8.421389725991627,2.2149698990861904,0
5.747740535046656,-3.581291233611193,4.317000310536221,0
-0.9130915386468974,-4.954943322896592,5.2393948919430695,0
-5.03232782513585,6.476034998410757,-9.095407381595702,0
4.109216605669726,-7.937064782432779,-9.962545121616628,0
-1.4479733259332548,8.860414192914725,-2.987014340919627,0
-1.149089703705089,5.90145762362328,-5.170715436015678,0
2.9864464915376328,-6.374994888968962,-8.753645499016287,0
8.725612429378533,4.2401592239632535,-6.409434150126665,0
-8.719873067827582,-2.3008255472488575,-7.510022034641044,0
6.494864746940152,-1.9541064384736266,8.297567612347407,1
-4.152337791756137,5.665801848777328,-7.1946557308166215,0
-1.1216109098724445,9.255696159614644,0.7529692797535841,0
-3.979078443313739,-1.5873952624236125,0.8697891541726754,0
0.05262485260260874,-0.38116783831392986,-8.01887131568024,0
-8.87647845305122,-2.4737636609000475,-3.624032764988976,0
-0.1780854123366975,-2.7362175256754995,-8.974593350736935,0
8.542212577168545,-8.95462664876807,-2.0866017180736796,0
-7.892135637843896,3.7107724112524654,-6.22802137456816,0
5.288814561510087,-1.2757116575990928,1.2326506656875953,0
-1.8065789324801464,-6.104123947121465,3.85616787698201,0
3.1034742904867603,6.320670046041368,0.642397204094129,0
-4.795268040295413,6.051214963032557,-1.315266067772086,0
-6.810154749172835,-0.2721674382221231,-2.253331582866151,0
-6.790747714575471,-4.03098677704479,6.833835361940075,0
-8.590161087137107,2.7618545159290484,-5.612638698694599,0
-6.28706590197514,-4.236957284451939,4.684366790577377,0
3.2843876997793657,-5.279841393525759,5.149646494802379,0
7.63381223687016,4.610293080526533,-1.6159998545853114,0
6.282513711823235,-9.193495205580986,-4.053988015487214,0
3.7026861974896814,-8.104630579308122,-0.5891702790804949,0
-7.791362731777946,-9.864236519528205,-8.13572148214603,0
-3.8038624935506204,-8.620199825790811,-7.767936010962164,0
-5.0008610720475755,9.916047355598373,-6.257099370755476,0
-2.862280496577796,-5.180074840081641,-5.28715336000626,0
-2.92421682527128,8.722511430802694,8.703240214935562,0
6.571111958121627,0.40320446048791325,9.098158178700068,1
5.7858569663937125,-2.7036380738428623,9.178092096904106,1
-3.844083366385087,7.4678291581843865,6.751254693526477,0
8.275768877465186,-2.1001945890193507,-2.723499184045588,0
9.056300340050122,-3.2998286008460838,-8.546321779947538,0
-3.465149159399184,-5.854349549005288,1.3763746353298973,0
-2.9115010241389028,-2.4440635218117706,1.1736288787446743,0
0.11268306843917664,-3.6663128796614792,6.999515342191913,0
8.82241625067347,3.546079185962821,9.919821018922104,1
-7.948640748328204,1.5439949284512284,-3.0959193792043145,0
-2.1453851345716757,-8.682156699360545,-6.2819657688746595,0
1.0674237949954364,-6.174216866069713,-9.904003503652586,0
0.06264945103080066,-1.8518945677730247,0.18227384977758376,0
-6.1227386412621465,8.738985078173908,1.1103733340519142,0
7.176335423363092,-2.4549602856860915,6.498769596347948,1
3.5388156599367466,3.2814824239966818,0.09153935785601242,0
6.758167497036073,-4.898255551572037,8.329366973321129,1
7.1752855869894425,-7.4593284805353655,2.5616695314287092,1
4.967117073314796,-8.829267998398997,6.806724764421663,1
-1.2157879750056537,-3.8917300291449735,-7.033965303845058,0
2.2109351003084914,-6.846779464061841,7.106722606046294,1
-6.792691877605137,-6.519791039677516,3.502877088876968,0
3.4729083494981534,5.215186167739001,-6.595339351233389,0
-6.414934885214385,-9.683238581102515,-6.204728837079783,0
3.8789918102031358,1.1562025147086885,8.530012380884425,0
-5.408036784920627,-2.410772388130704,-9.355692790992542,0
-7.6489739969956005,0.1309999981709442,-0.7493011340858775,0
-6.694310197140851,1.2566047442920585,-3.7304942013179687,0
-9.960157295618595,-3.7326461108544358,3.301548799968561,0
4.374792357070605,-4.097822796314294,6.792587751379841,1
4.648020981167582,4.668036986698114,-2.7924375688686087,0
-6.772743978892326,-6.148367350829442,9.638355690028284,0
-8.328913249786204,-8.047624789297021,5.678330193584056,0
-9.61742067125426,7.955916127840517,7.944082618635829,0
-6.685036460695586,-3.0020907270520265,-1.2247555869674045,0
-2.9145734556556864,-7.483953273078974,4.32183835663027,0
-7.893090310373337,1.7866328989545615,-7.8113919032804136,0
-5.552773905036594,0.5028170353925923,-4.590617887669824,0
2.155053661913051,-0.9626191069544436,-1.3530452332373688,0
-5.092953716675779,5.938950080312917,6.548914719592265,0
-8.845356815497656,1.8085220621578273,-9.506726234039784,0
-2.1793426174520274,-8.061653458660103,3.50647053614332,0
-5.608921535403962,4.054765985791738,-5.261442769776354,0
9.197256054269104,5.8540681156150285,3.872696814552963,0
1.137568863441917,-6.946836709184325,9.245561203049263,1
-1.4211133313971143,3.5468369216303266,-7.993378935758626,0
0.8181000767616169,-9.511462341187336,-7.0343492420816816,0
3.9285961407221457,-1.7650466481951366,4.040713369642843,0
4.042921923636589,-3.340995060752534,4.515177509065511,0
0.0022550415325390816,-5.677283753781586,-3.278432245155239,0
2.6283784243675274,5.956047444172155,-0.326391084842669,0
-7.6921071564216525,9.5701193386538,-1.1727984262875708,0
2.1127577864682294,-9.786597459876745,-3.227206106270632,0
-7.143160703713363,7.1970898067024365,-4.685072476266772,0
-5.874957723276948,9.620589782301522,-3.062859781422209,0
-2.16281253623948,2.274159390874946,-9.268603752740836,0
-5.913672332020594,-8.288008943544634,4.9354088923885815,0
0.1561012791755818,-6.330842304822699,-3.4906202264675468,0
-1.6145667766795597,5.168073460684063,3.364740339546877,0
5.855162271456255,6.337559717875656,1.6237068546422702,0
-8.619081873708005,-9.721019626161771,9.17395482730797,0
-0.5148995804609271,3.142376781225467,-9.571202667537735,0
1.2135658987789988,-2.698121595363883,4.773053011762842,0
-4.934552329545698,-3.1504956162739166,-6.642146163899733,0
-9.800424466831013,-7.8407510377832885,-3.4635938749653583,0
4.468873247098239,-8.607082645034687,-6.550963202470692,0
0.7131319869515718,1.7787204512509565,2.026167276294082,0
6.427767258013887,4.84402018242265,-3.6585246127388356,0
-0.29810680040919735,-1.5510841993824176,3.8184114014238997,0
-3.3274320832626874,-2.0382564352753825,-1.5732036677790333,0
5.8311640518274,-9.47106194804665,7.080310609109187,1
-0.9741177394149005,-3.2888559660668566,5.430998705756343,0
-6.33115607193131,9.520403150489884,-8.706689122988587,0
7.099480391229488,7.471111524541776,2.422505981816581,0
7.651197535446947,-3.4124386593156464,-5.293488980805008,0
-0.6738048771965985,1.755908101327444,1.150365293345505,0
-8.48600545380425,6.94593491070988,9.137768852659324,0
-2.2434782016613752,-1.1745132649986267,7.581240091045004,0
6.070753189252066,-9.64084272499698,-1.9096719376973663,0
8.035480570924573,-8.509790763627198,-4.169722833112932,0
-8.66052775949457,9.388787513517567,0.6502973951304014,0
7.547009062656773,3.8641908443773545,-7.7150309348388735,0
-2.2119012204224937,-8.58167617122861,0.9855001625649713,0
0.8352192853512648,-6.212782484162744,-9.97332721018416,0
9.361316241015178,5.426462864337001,-3.523007385083103,0
2.966360149041911,2.3538917237718167,9.424375799215639,0
-8.517891548502659,2.888463392596332,4.544846391399579,0
-2.490621430669993,-9.433250992332308,-3.006932390755246,0
6.076290903868934,6.570605191630172,-8.14309826938759,0
-1.330555344887312,5.765504163416592,0.3360118938124792,0
9.943647078059008,-4.819297117933057,-5.731042373479154,0
1.181185698932044,4.173534399310139,0.7285909179671552,0
-3.5767569472809306,-5.702907871500038,6.707247083577851,0
-5.597773481904937,-9.19339677896974,2.315851042027708,0
-2.9895893142767633,-5.9772691481924545,2.6757683909000445,0
-2.549334524808984,-6.4274224649140095,0.82060578125623,0
-8.62572644552078,-3.245040065303055,8.545312652628184,0
-2.6085160114645367,-1.6310100564908385,8.638053688412064,0
-0.7152296052155016,0.17077782995415802,0.2544640214710441,0
4.454755044776093,-0.4649224898334374,-3.884810257129912,0
3.13458969443216,-4.586507880694213,-0.8082598824111216,0
4.1753131045830845,-9.41658662851851,-6.268841756087687,0
-9.832726362462857,2.1020324447430134,2.726886306361786,0
-5.646652008389279,-2.085103403052912,0.0018467156446639876,0
3.2336857679971303,-4.026556852249006,-7.933990443734402,0
-9.893730486633082,4.934866155963196,-0.4073608760094629,0
6.089892848636445,7.155310967448845,7.751779814377166,0
5.456191465806748,-0.10034410575078034,1.3278144126219473,0
0.9683832598712527,-7.38137495746445,3.630700004169416,0
5.330300990651693,-5.878524401256495,1.428227860884686,0
1.674271754627279,-1.1754066181656633,-1.0524035472386508,0
5.639199543159183,-8.69998422102223,3.1825982524632135,1
5.034939847916808,6.506168048459649,-8.988488678419792,0
6.060041439156741,-7.481187179049988,-0.13399567522081668,0
0.3601613280924969,8.061950140986195,-4.080147497120661,0
-7.193509636129701,7.2846120452311425,-3.4762987744418155,0
3.423149467593774,-0.7083447112150782,9.218348631161227,1
2.409475701039412,4.887364086079813,-6.346103745772345,0
4.845063743981743,2.388901476363065,-3.7750949484280616,0
-6.602379878985294,6.061512846754898,0.1978515146174349,0
7.808190344386571,5.716169684886999,-1.6665983358725907,0
4.999555969041417,-0.7508636586970407,4.877305617763421,0
8.16456977400646,8.819315756855875,7.127481964296049,0
5.174306423278415,-0.2725579834970482,-3.799672883563021,0
3.082654740557473,5.701437231270255,-2.868875526232875,0
1.576135090238811,1.0897822864234143,-9.113062760927978,0
2.647826486567748,-6.404043730098492,-3.8315782234263995,0
-6.870465679927989,-0.6448353808484093,3.5881711519025963,0
-0.5215755976779448,9.361450058193569,1.308869991306853,0
4.327942239161979,5.059723860783702,-1.2742128141261144,0
-4.581146033672692,6.223252077582643,0.7989645444276867,0
-3.723463835511689,-0.6428107473168012,-1.3856675678397927,0
-5.169987440143331,2.932422673151107,0.03405968352698174,0
-5.701747259272083,6.600653672561492,8.023782439092034,0
8.156770277670681,7.048777712837463,7.356570043298653,0
0.14119293477436656,0.9680187348382336,2.884828016519638,0
-6.24159238369354,-6.053720588478802,-9.59318337864798,0
-8.460566612382518,-3.654895671006,4.492626737987873,0
3.9231229027585037,-4.361408964968785,-9.288962449018898,0
-2.344024711272244,0.6171806857695152,9.947622536276263,0
6.436618931707187,-8.966286401777364,7.452733753823956,1
3.1902153728154037,-6.829276830001529,-4.053125049199087,0
-4.561079211631025,-7.347920185063779,-2.371178357887822,0
3.847178449221163,-5.332074610837461,-2.8766606937111394,0
-4.718760306125624,-0.9325878879168528,-2.5532436322923786,0
8.78136958900583,0.34241776226661,-3.634469077610392,0
2.7274856306674877,5.272209592283172,2.422668136966628,0
-3.5097639964931577,-1.0533514666762436,-6.714726725587521,0
-4.609762754154547,5.797292420710775,6.919625848920262,0
-6.18146829856713,2.3669261409091487,6.2480496806263055,0
3.8928191778745553,-7.738005211523551,-0.47033584289459185,0
-5.625687740041454,-6.873371232143228,7.054599305570953,0
1.906065318549782,-1.2593254910045832,-5.057098599394134,0
-4.707299461492854,-2.0622121382192082,-9.648690885920661,0
3.2393788958773726,4.870885392745892,2.3841585005964596,0
6.298794570810784,1.6147427959470377,-0.8418118607056932,0
5.560504862893064,-2.2373383799550144,1.3432909259174135,0
5.217026618615634,-6.584794330992287,7.986788180368059,1
-6.245551886154958,-5.463257953490097,9.39851147131887,0
-8.232301060309625,1.5100203693811807,2.6890627951120614,0
3.9789765697477115,-1.5312239020041503,5.2811117970487675,0
-2.6330557241129737,0.2985501772134409,-8.323831330256715,0
-1.353075471933053,-6.586451293955326,-6.785688302169888,0
-4.808471014499016,7.05077481711934,-1.3726908722399607,0
-9.32647192251072,-4.841209864261988,-1.080694591911886,0
7.583715452024954,-0.16971548336346842,-3.8278463672912677,0
-5.132066335629391,9.510546580418037,2.1471276695548767,0
1.146743391460161,-3.3351651889854477,-6.296699091675948,0
-9.220413586777392,1.9009268984752232,2.538325586277912,0
3.3369478261131604,-8.196085995995112,-6.524022857295206,0
-3.5394530849181223,2.120300049588863,-8.723479305805729,0
7.958383739153316,-8.207364533907642,-3.3928462260187793,0
7.762363778680715,9.184708706476442,-5.3771931598030465,0
-3.494187632765044,4.313253041446227,7.779832771126646,0
8.019217913809356,5.763195762714128,-8.900930922627468,0
9.923153469975578,4.082087215432736,-6.467726148517543,0
6.508313282478962,1.7945807215293144,0.9743921116609897,0
6.897426955104578,-1.0017443782898923,-0.37865618305052706,0
-5.019825277818201,7.167467595221247,-9.082959632505968,0
1.5340479771551259,9.13671335086126,-9.85495143969711,0
-8.101641263566606,8.630700983105239,3.1766940071767635,0
9.977852240665811,1.6666581997703496,-2.6918773819688635,0
-3.4672150114817812,0.7676837379286638,-0.591355046735174,0
4.963678240976927,-0.9103453408928672,-4.668997590914261,0
6.133301060536329,-5.814244769397603,-3.1025243261358053,0
7.1604654201445825,-9.925606783638816,2.980889345364279,1
9.95256594804313,-5.169875462878775,7.656235977347414,1
-5.170070294862644,0.1944634320713039,-6.317399538376303,0
-1.7761696401082805,-1.0302954399473236,-7.568867409634619,0
-7.398386603421061,9.61296439128099,-5.700155528232176,0
-9.551482216758897,-2.994552586613448,-9.25649423900708,0
-2.791463457170278,-0.9563412127978417,-7.183762758140011,0
5.674765021504729,-7.329688972943609,8.34606290928101,1
1.3236138245014182,-9.040845351260247,-0.811225067632428,0
-3.7444402157929186,5.508190291849893,-8.446682764432929,0
3.0868401098543945,1.4136635014395722,9.194536760779226,0
-9.712371078558299,-7.002744022268967,5.093650417362825,0
5.287067728728548,1.436575423653819,8.669455838951158,1
2.4748616972801827,-4.927150513172489,-5.5974115832847176,0
5.246052490019199,-5.438763661999602,6.7273858602017285,1
-9.221239666246689,-9.769479718940294,3.7998239270861234,0
6.742392556613044,-7.393185528618562,7.395184991353766,1
1.2679070142528026,-7.6624247881812195,-3.0700987364634997,0
2.492280962290632,9.717168808218752,5.487970740345112,0
7.288664937367283,-3.827347029520986,-4.750873940302194,0
1.619007597763586,-6.018353743440845,-7.841885655540477,0
9.813583141315316,1.7540645668295305,8.701532319609374,1
5.13460334137136,-8.719129522704229,-4.179932731994369,0
-1.154123890977294,7.248682602823138,0.4124493034290371,0
4.147940000658554,9.229993584742946,-2.1733432706761473,0
-2.2153905661642304,-5.065051586652382,9.198562411670032,0
-5.42249075033002,-0.9980946281828125,-3.299016581230352,0
1.937037537755188,-9.557310979410058,5.570916428453781,1
8.563641962279029,2.8142044945444304,7.1083230926236,1
-3.1618944378901936,-4.598830677968886,-2.4365637109413747,0
0.5535493244338987,-5.8632577876678305,4.954916418652559,0
-5.767282028602776,3.0804615531752084,8.25791960612468,0
9.912622189977668,-1.6756593793537107,5.098634661444766,1
9.622358157358715,-6.40681421940176,-5.457472688162688,0
2.990178594148947,3.782181629736481,7.766154948754107,0
6.0882811935494665,1.3014456607338722,-2.2483666512633382,0
4.3020032256739995,7.173441098589922,1.524588235558685,0
1.8631643807893639,-7.6504820224701415,6.628712385854222,1
-8.933040060222046,5.713332038889122,-6.232104651990156,0
-0.9047131489467795,3.4703357363451808,5.690202713551063,0
3.49572604334821,-7.699781263438044,1.9232559582135504,0
3.5506322776736923,3.896414597434415,7.866832836552163,0
-2.5375476315523287,-1.1690542224033926,-6.560591963129141,0
8.833839733160612,8.899695711116863,-1.5863552591814312,0
-6.65285935526438,-7.167772987642014,6.65686185733675,0
3.8176795310164557,-2.3603990907410815,-7.7559726646871425,0
3.9427161178361843,9.136293411817554,9.811304255134694,0
2.9727791353763102,-3.4005020941944704,-4.392116428192989,0
-4.494235730962797,9.243718189836002,9.510863874479067,0
-6.875868626267561,8.029717022014982,-6.349368979826522,0
2.718806536534217,-4.592335293786873,-2.778111139853287,0
1.9860423227887551,6.070835536528556,5.057388890071412,0
4.102782911411268,-4.946739956574353,1.6224479985811122,0
-0.8965601653268713,-1.264456613533607,0.5979835161001503,0
3.355211832063059,0.40361473133519254,6.868808873294803,0
6.7473415954030145,-4.101377283922714,-5.301028743332146,0
-6.605431428461537,-9.694703207079405,-1.1505814601296311,0
-9.617102640063266,-5.597415116049467,-6.890954156870855,0
5.5820517279157364,-4.361262313164831,1.9188319146140884,0
2.1939485030523187,-1.128005973636256,-4.9891115145735965,0
3.9927913924424345,-6.577950431731963,-3.3231587131322833,0
6.763099499772849,7.465087133833453,-0.5749856675294378,0
6.05621869649001,4.098222654626722,-9.464588285937444,0
9.218402938576492,-8.29599044880676,-8.161241281583248,0
0.7187015770423635,3.0018490227986288,3.7185844141643916,0
-0.23008734680189313,3.0731295281124087,-1.4206003856498555,0
-1.9622560021853985,9.124423472872554,7.295804439997909,0
-6.92617914311591,-9.939582572876775,3.8934400728839886,0
1.4521446576404493,-5.041351003883856,-9.83798116705355,0
-4.459749513480425,8.55582958750631,2.334246615342696,0
8.42615024425951,8.64267830796566,-8.125502678805672,0
1.663816085541951,4.411728387412747,5.618663595809885,0
1.8568036101622027,5.315266420950799,9.830153765570039,0
-2.9015067824597995,-8.170340841407057,0.6239758848302301,0
-8.960212960445851,0.27751669556467284,3.655590003882608,0
-9.365124692540228,-5.3683401742200125,-5.253716782104969,0
-1.5332971169360494,-6.375639127727655,-1.2480451249241291,0
-8.308692438055242,6.206065982466651,7.121906644727673,0
2.136939110802782,-7.299237266389051,-6.651541045074976,0
7.619460112793149,-0.6269672600722949,-4.689287887724758,0
7.658296330374444,8.77156479172066,-1.0913264942793965,0
3.1809082026446482,-6.283358888693149,4.244977836880279,0
-5.775363370541379,9.559868474764691,-2.4823209040865235,0
7.721868706264164,1.1123430936480574,-8.110858974625616,0
-6.066928300940826,-6.597145196456841,-2.58391604910305,0
4.7485217154135455,-3.677902241182087,4.1790824685684385,0
-4.269609021457541,-1.510143346469297,-5.480264686770151,0
6.052806247058594,-3.813515512835542,3.1282626845934587,0
9.944757998072053,-4.387288402469684,-6.715660835453081,0
-9.399479893412144,9.444594184327151,-8.880394302766273,0
2.4526106719731615,4.666558174337245,8.599695662682695,0
9.467652383296425,-9.991794211216503,1.035017658791027,1
-0.6998096494714474,1.923653388047537,5.92691550959298,0
6.947758611427474,8.318860079081048,-3.3469099818989756,0
-8.752118628034456,-4.24131811813562,1.8531729577089333,0
-3.294418998434086,-6.289480494845616,-0.10095732590016837,0
-8.6596692449758,3.0335958975685386,8.914759188045881,0
9.506862669581409,4.252028145967863,4.951492721082207,0
6.339478145436736,3.760610379039626,4.610852629931582,0
7.050948424919412,-3.613662399572519,-9.072934611314409,0
8.759304628677885,-4.955951956813383,0.9933933800738224,0
-8.297930277604292,9.118375999240882,-0.6601709219637026,0
-2.288048149733333,8.46599016539859,8.556845332123892,0
-8.579302219119958,-0.853667802143594,-4.853160236209355,0
-5.784137968999428,6.923877323087467,-4.603330934178114,0
-5.412684459246552,-0.9535304473140798,-1.7730750223699925,0
-0.6178557790484263,-1.5122196385497926,-5.132605731872479,0
-4.628756650927148,-6.864741048014107,-7.41632164382501,0
-6.650178218117846,0.7483387719961403,1.1655304880783177,0
5.185850138369473,5.627124367904006,-4.359152904206578,0
9.35522930539124,3.600921127485396,0.9547488864854792,0
-1.2051902698418289,2.7031397772787003,-8.335645945198591,0
-4.432630366746868,8.191108568744049,8.305037680615168,0
5.9658639441837344,-9.639359803495399,-1.9147456986969384,0
-3.4749216391770643,1.1409517238446831,-2.126476322219572,0
-4.012332525893035,5.746976968194142,-3.944892587640936,0
-5.349880155843376,0.8267076540253449,-0.7867251057859228,0
-4.870738779664681,-7.274988698160443,-2.5029545440639094,0
3.4798841629146082,-0.5847521522479404,6.685110071703438,0
-8.748703155610968,7.5623039397140275,-3.916350447429677,0
-5.789861206693141,1.717042448663367,-0.6197113889442427,0
6.180472805833528,3.483842332300016,7.4763955256010455,0
-7.061561528324585,6.085223087569002,-8.946533363406058,0
7.293178437162801,-2.038903186421246,-5.616313086953366,0
-6.901493777131147,0.2726676785730202,3.570784884287516,0
-8.345263287636202,6.060910493517596,1.651033927692005,0
-0.3092400983997834,-2.526994072540316,1.0588149637850428,0
-3.951609774429272,-2.237570864630058,7.187204495056427,0
1.2681672896770824,-8.086197678839977,-7.9685571271067746,0
-7.257030236945137,-8.179273701091166,0.7650549268953117,0
1.6139816910856997,2.9641835489711177,6.225777078920796,0
0.11017520779727796,-1.7361104239440461,-5.67113833176657,0
-7.118424279736009,-1.8876121948911528,6.058596827485523,0
2.479969710579649,3.591036731453679,-2.0072303501212847,0
-4.527191642784567,-8.658125347402425,-6.221722871326092,0
-8.354553514458763,5.440635719447096,-8.182021970509044,0
-3.870730639143593,-6.589392212124494,-8.72248432276223,0
6.447624223707088,7.948381001563472,-2.8716428968442482,0
-8.860425460052635,3.1229218369488443,2.0215359801278527,0
-1.6278545016334007,7.637096016413658,1.1223108297442614,0
-0.8313715173712399,-0.29438565779603465,-1.90689164190667,0
4.500121525982374,0.84066690194404,-1.4190401205576855,0
1.48575150180422,8.380765540573421,-5.464608932984669,0
3.3442467438836214,7.9981908670934345,-0.8823482315179412,0
5.540985713035123,-1.0367825326199593,9.065097114416684,1
7.244059473163777,-4.511747367286365,7.009058355675808,1
0.7604541072780595,-2.244713429405005,-9.404384253581581,0
6.802161568783998,-4.2626625003441205,8.670486254332612,1
9.789022619301129,-4.628407913340668,0.5349949976149517,0
-2.5706547475124637,-8.602761586306766,5.614359914130446,0
-6.096669655626991,3.5522236419918833,-3.706220522573469,0
-0.21214925186822597,-6.5435989708709545,-0.3618486232799576,0
4.832829036720845,-3.1098821321187353,9.373258262934751,1
-0.14861858493404867,-8.769139317303264,3.442973738648142,0
6.764608421636012,5.368421422344841,-7.3354650403129344,0
-2.7719244186562726,7.700306490945174,-5.914704833339892,0
7.195893496232912,-5.569456961952659,5.33423348841435,1
-1.863903980965528,-0.7290432148215622,-4.092459923187679,0
5.248939173497369,5.255981057516108,-6.605731672101786,0
-7.479959442720114,0.2615443673609974,-9.808836277038628,0
-6.071615682559653,3.4149440094354677,-5.25736795233354,0
9.028896513261838,6.9471010781873375,-5.299424257637327,0
1.354546358621091,-1.9421993789990282,8.407796630000735,0
1.5862893332387564,8.144863345541573,7.583698355581959,0
-0.20751075899510418,4.806260616879028,-0.8621089003514406,0
2.8949049715363717,0.8568274866814924,-1.7820019001638698,0
-5.403465484047631,0.592890540702669,1.1001817294970255,0
1.0532453555349637,-3.0445980479112444,-5.1309197605646855,0
-2.5565348950620574,0.41041067283028987,-8.956300160672743,0
-7.175529132537011,-1.6327392314241393,-6.266020302456545,0
-6.294592892333526,7.224644545207717,-0.550793422921048,0
-4.427138737699272,-6.906303036302777,-0.1677331031933864,0
-6.343244402623657,-1.8395981742983771,-7.040905224520586,0
6.51421903121334,3.7492960809945615,-2.4369036287851653,0
8.542475637288987,2.805018299045525,-5.431630863361283,0
9.398530506903818,7.549784834629762,-1.539711075164746,0
1.4252093987419467,-1.6373680041275467,1.1469012943293357,0
-7.139977546685472,8.220313999584402,7.771849892465841,0
-2.509035132408375,9.86327477866957,-3.4785899534575337,0
5.954645266964281,-7.878159001040959,-7.32883468273033,0
-2.6521854260585904,-5.338936240302827,-0.21455548204783526,0
-8.259655633944226,9.007595029641863,4.934432033681242,0
5.918527742870047,-9.700029992457267,-9.644297174750331,0
-6.497537197392935,-6.7779995348715545,-9.328816367054976,0
3.4552922882493338,9.920255667644966,-0.34093273566668714,0
-5.589914731287058,-6.400007667786262,-4.036054036981412,0
-5.635849308956555,0.05095213444046287,6.902145980108244,0
7.481435466103704,6.96835452861022,2.043086122529086,0
-5.006620945195397,-9.591967786235873,-0.9213407651401937,0
7.413380682510354,7.246698328794633,-9.191223375746773,0
5.851896264182695,-4.330777014718416,7.855867128413198,1
2.5465787018135604,3.7351144056381784,9.966063114679166,0
-6.959028651510164,-5.570129022807199,-7.592340704507605,0
-0.8335281082484904,-9.304016002632999,-7.128450731028096,0
-2.975612253024382,-1.815008524292054,3.2205411646873436,0
-8.12446947485967,-4.216136960682606,3.228816769015495,0
-0.27739029570151885,6.1795549922741735,6.9584832455682175,0
8.414793006852708,6.007283769106905,5.036527768525065,0
-9.19881761898611,-0.8595209561474899,-1.0062065326132057,0
-4.170781730124123,2.130244506464379,2.2571072313063762,0
-5.849181275885931,2.085190319738503,3.765693407360157,0
-5.237066926686074,6.5431629685524655,0.254729405704504,0
-0.638618915314197,-4.4910664041898185,2.901948912853065,0
-0.6740117412036248,-4.69930163718905,1.1494909795130752,0
5.211512849105645,0.7238455856440833,2.878846106718207,0
-6.910155919901484,-1.0170359453557491,2.257095479267278,0
-0.25469291799898386,-1.1975845803012763,4.383931210273094,0
-1.400295717578805,-8.177253218205855,2.8560701756575213,0
1.9382138109331226,4.372074813803913,0.39484972874534563,0
9.991154065008772,-5.725266240361786,3.635936225687731,1
5.388977881640942,-6.060927395825573,-1.010360696291439,0
6.551061045480939,-5.444433167643972,-9.97163559732169,0
-5.911032550714539,-1.0217655481441987,9.440979295514285,0
-3.191768877714807,0.7433864320805768,-2.770433318114489,0
0.21161514919119817,-5.929289550363903,-2.117335143433765,0
2.3025828108239956,-6.884967542689404,-5.9640083731561955,0
8.212114344288434,7.608438057472096,-8.589314095253561,0
0.19708019100915308,-1.325525943371579,5.4560898572348115,0
-8.995139803540358,-9.28775699454317,2.1780972206007583,0
-9.301768946875523,-0.04047394825213502,3.755460710909631,0
6.783607899605972,4.140623386457687,-1.1241031804054238,0
-6.786408305763096,-6.450363300179765,-4.301827539164698,0
-1.0192246413974821,6.214609304608253,7.231285684999129,0
-9.007712533223252,-7.281345052653587,-9.480779632921582,0
4.491965736952579,-0.04700890989563611,-8.200288873007587,0
2.1663900001554346,-8.798536632900351,9.445196034834215,1
-4.379004996662217,-3.489933237477292,1.1703230632165003,0
-2.404969541613651,4.198661468684925,7.774321892254928,0
6.028915524459073,0.6745082734288879,-0.9372733704300078,0
-2.1581284619085466,-7.123310580193783,-3.6952274319795775,0
5.015392984221114,-9.815168231889713,8.82439057491315,1
-7.490274064016987,6.163140980484254,6.990353323853562,0
-5.261333501867027,2.1243328444153207,0.24569486100426197,0
1.3156310968199278,1.7097187663007123,-6.412932814708963,0
-2.25354964049372,-8.261208786154917,9.676918456950915,1
-8.676696223311192,-5.540999828844928,-4.180831389640767,0
-9.616890288974941,-6.2388286704184885,5.887046584953504,0
6.537171219455061,-1.439612951207124,-0.1904318558386553,0
0.4947127532286437,3.1656756685231464,-9.203886335558254,0
-5.311487999769707,-9.758601293987642,-6.628617112157745,0
-3.098325089735326,0.37874728529513746,2.6294713426550036,0
-9.397922555773622,2.1151897871794407,-8.286716119060543,0
9.229846491482242,9.257409880036192,8.937347949919296,0
3.357358134016268,1.7894160618649373,-4.165522256392782,0
-4.690071851418553,1.468032517954077,-7.417271918673314,0
2.229272224513217,8.558012597240541,8.920043866780954,0
3.5699993658527553,6.567562912032926,4.238074848826104,0
-3.649005994848231,-3.5404253327238404,4.833217774361774,0
6.962184700312601,-5.254912726857254,-0.011908772395107903,0
8.943229258004955,-4.747327752678528,-0.5054442945903315,0
4.781339518787451,4.880989024571555,1.1968219116798355,0
9.267206408920757,4.471614008799618,5.931618800302946,0
-9.79431008128616,6.119402573419077,-1.7401587961422482,0
4.32099946484289,-4.210042697605607,-6.973174826169339,0
4.124923251105244,3.282514785667008,5.706633822775679,0
2.453790818995948,-1.468161978912132,-7.55892465837368,0
9.802176921737317,7.7823871145488575,-6.21332493005859,0
-3.762411284725495,6.904511163214796,-5.769589645115452,0
-8.42121194106889,3.83011091627189,5.741133079807327,0
-1.144037269125251,7.666994020442079,-3.713702425506156,0
-4.779029475303038,-0.08565979843448979,-8.306603714494212,0
-3.1322659564471156,-3.7349851902235613,-0.7092307295116171,0
6.691435805112555,5.073322758191626,4.962204823198711,0
8.709690270549913,-5.598674904306165,-5.566723138252234,0
-6.285338559896287,-2.229377039879159,-5.601509039212516,0
-2.549821368930683,7.3145447421358725,8.944540546934217,0
-8.763830786215546,-1.9237798950500142,9.809314641231527,0
-8.15278943777243,-5.705109951832852,6.153192031495603,0
-6.744180215875413,-2.880632183355269,-6.236316616641089,0
-6.990554579880051,-6.478214241122922,-3.19549516955216,0
9.36152762901467,4.866658271313133,-3.637349373330183,0
-1.0657094548295927,-4.958602262996569,9.13055498156018,0
0.03035920700332717,-0.9166505966447236,5.781479657633872,0
-5.06682768389187,-2.282811063277819,4.480175843231077,0
-0.5807949513053305,9.641547572712618,-6.280735518837364,0
3.23827265274023,-2.1781551170355895,8.190511187246592,1
5.023542739080856,-8.400350344064904,6.557407590123475,1
5.07736165419826,-8.20348494855832,-6.727163173441526,0
1.557822253881767,1.8150744270612957,7.423406639219451,0
8.087195499877144,1.9872710347653122,-4.5550492725905745,0
6.348156946122188,-1.6248201903469006,-8.382605083357879,0
5.140962293972509,-1.3631261537594064,3.1364461302842006,0
-8.887889566390788,-8.921348343182576,3.076093187686613,0
-9.862440755607015,0.3309302077852454,-8.101359808687638,0
3.2704718782690456,-7.009013628861109,9.856289245110773,1
-1.7760502223490846,-7.923212277781449,3.5685333401747386,0
-1.951874814013765,-7.52855018801019,4.601503332066583,0
8.183505281071714,-6.0703469519416275,-4.4619662051812465,0
3.8211162547852346,-6.528557116971205,-5.309117985038938,0
-4.567336374512607,9.156706088970061,-6.144913562259209,0
-6.187803338511005,7.092349263036709,1.4951138131080874,0
-6.307350853052616,-5.390103252969583,-3.437930483163565,0
-3.1578475827281194,-3.44867412155748,6.4069003009506105,0
-1.400847604403566,-5.802143153900056,-6.32105164305232,0
6.618983421101369,-0.16248081078352428,-0.7074585826291102,0
-7.602178130545758,-9.607789350514928,-9.726843271478401,0
4.698516947897884,3.4273601779359133,-0.36635355089615906,0
0.6290982837861065,0.46316299635283187,-8.883235582470512,0
-4.24109314648015,7.972778566022065,9.554470237452872,0
-0.14360830934350766,-6.712146313431717,5.811842573008256,0
-4.0011586044595475,6.082184921222634,-0.19777046727089242,0
1.92163910476612,5.839220289334314,-8.268252836412994,0
-1.323121542895116,-7.456376215662262,1.8489088158082865,0
-6.711889418422425,-2.0288155171174482,5.175275014037551,0
-7.668338508886066,-6.596947177109662,-6.185654939905094,0
0.9339136414426026,-4.9055899908490215,1.364166815749817,0
8.048260665722069,-4.735076503389113,6.284217967657359,1
-3.1208462688462895,1.1247278805154544,5.364955552926327,0
8.63109828618962,-7.472597161059897,8.753642043189405,1
6.419620345982818,9.473842697003974,-1.889576895929281,0
1.3321051781092592,-5.387227195714721,1.3753820504575458,0
-2.009624308261304,-7.138372091653721,9.910404565287575,1
-3.4641058828444526,7.1577837049248,-9.726446977907116,0
-9.783778327296073,-3.822782015270736,-2.8973356936841865,0
6.531021483829285,3.177108084536844,-4.379441474595951,0
6.019614008067297,1.3288737017325314,-4.753682996689308,0
-7.910909637996973,-0.5648738121825136,-5.549404350022284,0
1.537147622654004,-0.08361054702921855,4.182476816304581,0
-0.7203660366622522,4.644758281845752,-8.304810534493562,0
-7.625818089817771,-8.244541717531188,4.832176678866766,0
-5.706082250732891,7.916242027971574,-4.983917349982072,0
-8.655316398188777,-8.844236059602718,-4.943324336696775,0
1.8969475900381916,-7.186933215326665,2.5772117068900435,0
4.777333542660653,4.3326387340406285,5.243422109673556,0
0.6458375190290884,-7.2606673091152825,9.297659883277063,1
-7.934699822499032,0.13540081435576212,1.6276979067302229,0
-6.549522461072758,-7.469093776072455,8.173111226807194,0
1.3594859463216107,-0.4675908737891916,6.170265465208217,0
8.766314573026321,-4.83471284225673,-9.767467974292668,0
6.374804589681016,-0.3842766364054544,9.31805983731622,1
9.671344130273262,9.840319387936713,-0.5293967430704338,0
-4.806583220991721,3.7330084670807455,5.963659791496859,0
9.39447265595954,6.827135426103972,-7.455917613244383,0
-1.3753226041688436,-1.7030478687890849,-2.081178083720518,0
-3.0496240937249075,5.357218462517107,-4.570786739580182,0
-8.993009460612935,-9.189816541173563,-4.1668245899812595,0
-8.944694842807948,-7.5417763491551,-7.5348876009823655,0
3.8402251189330947,-5.938588141598757,6.115276650860139,1
-5.469567479277886,6.914897566515265,-3.7498908602959506,0
2.2794061265046537,-3.07467898424139,-6.5117891356717,0
-4.942837634997776,3.0924238703092577,1.78077881216681,0
1.5526350868884524,4.186285896069668,-4.914951947709123,0
-2.815825060346193,1.7236470817668277,-4.820030909438007,0
6.47104453223638,-2.855160636597276,-0.23323712009362652,0
6.413923215335586,1.541066834270886,3.053780786818514,0
-2.983617813299688,-8.322525228959758,-6.489770950690077,0
-3.4364103440477596,-8.553032323278853,-2.056950001141593,0
-5.81881252586308,7.57061498414312,1.9798018126205292,0
-0.6661375823118316,3.0059394814701523,-0.1908094968502425,0
-0.35735802160316155,-3.419885406755343,-8.517616512280838,0
-2.3801745266320022,-3.139119884139796,-2.0268142496317587,0
6.168114777873818,-1.7859919882691386,-7.262393606163446,0
6.472472214979469,4.408321381846857,3.7520285784146736,0
-2.307778480424636,0.23072388469583593,9.858069817985289,0
-0.8175195342663812,8.871304343139538,-2.0870635760657503,0
-3.934282183014341,-9.162392123224489,2.4911727183478902,0
8.651097568386241,0.06136645264056284,9.259518847289712,1
-7.627124685168393,1.6844957766343622,6.630699448937506,0
3.6773290367068654,-9.01682952757145,4.749789689198387,1
0.6314430537346247,1.4699916987043196,-7.437299194989519,0
-9.346818784310083,7.0725985705591405,0.24207710927598391,0
-0.48807616355983363,-5.161445437615269,-4.418794456401269,0
-1.8450378999453534,7.525846970478749,-6.776726242076778,0
-6.775623760497549,-9.619131814514164,-1.4743818749093034,0
3.1281920700131387,4.649092582674594,-7.379708911327711,0
1.2437762212905028,3.1439532328012447,-0.8751991189332902,0
4.295065528878917,-1.2194151203910408,0.6228926512932773,0
-1.6466600836601053,8.402276266452574,-7.20456677813011,0
-7.6728302967100825,-0.5940755461685043,1.668308705202481,0
2.255916710730208,-9.42006511328104,9.700194956588927,1
3.235554649432771,-0.3632549284748361,-4.285371428684375,0
-8.463939033711569,-7.513093651151785,7.389182330757752,0
-2.9066759002983433,-5.7145638137948085,-8.554559754895262,0
-1.9358448773349561,1.485870794171472,0.48571966749502415,0
6.672880209503447,2.4405895850401844,-1.834664521471483,0
2.2366204020644282,6.3420426600523,-4.057656837443162,0
-4.893272524735117,2.312487933662533,7.696061619203917,0
-7.882513635737414,-9.744870405851389,4.47590460349571,0
-2.9020463302689192,3.9045931149547126,3.394460156623012,0
3.5164585020814716,1.3111496645277398,-4.8577067399171,0
3.1631964859514703,2.981612040377687,2.3608562416351138,0
-8.59783720717486,-2.995267713458465,-0.7986752208409804,0
-2.094813691376844,8.341970103435884,5.648832704003867,0
-6.364422655652762,-7.320502665004376,-3.8148777905342897,0
-6.863745893663886,3.430236145620748,2.8635723373979154,0
6.546042994744919,-9.912808400868391,7.644248236346268,1
-9.161695665674848,8.493022108103617,-1.956990476101426,0
-1.6163424819575738,-7.74991733523817,-8.667558252650771,0
-6.635926884669637,-8.102315397048507,0.3210164468358556,0
7.586604313569481,-3.3398473389551153,-3.0805502438594807,0
1.1408102655007024,-2.5286742792183876,3.4445076109435,0
-5.3723872724630395,-5.713998553542428,9.020658494972121,0
0.04854574332752826,1.7024332185424935,-0.28783364006305945,0
4.6297271940623155,-1.141718039160729,-0.6761953968893231,0
9.162360178388674,-9.316488219178252,3.091696003829206,1
-5.591079915091621,-3.606958754893988,-7.930049928128646,0
7.723635442586904,6.20865827146341,-4.929876221499708,0
8.686082283349805,3.794030697237371,8.379586510007972,1
8.328410890641326,4.49741707159761,3.398852267275325,0
2.7082871372381963,3.9623384816704714,-9.731119120331675,0
2.5964130886941543,-3.7805395723393342,-5.907490548819602,0
-1.9357873363235445,-8.006721558464482,3.656745320577981,0
5.0479576460757585,-4.55065631933808,5.287984051251485,1
3.548761424565889,9.609415955661422,-4.156463932359102,0
-1.43084192302409,-0.12305970516877274,8.620571925551253,0
4.629929280862781,-9.805992901539156,1.0589378715578484,0
6.489430352090981,-7.199103757315419,3.930780447757858,1
-7.071274867943678,-3.558388493674684,1.93477725559816,0
6.65859431148456,1.571706971858994,-7.545198906507591,0
0.8059306358061455,-8.49812708389372,9.262293187697598,1
-1.3739658731797082,-2.6983265343119855,-4.902360871776327,0
8.301214650344448,5.610436055140436,2.371939230022029,0
-4.9766146490319745,5.108745450311623,6.76298330752714,0
6.884246505722864,2.13439159564464,0.31472376748089737,0
-0.3195885498119182,2.5356763410368917,-2.460135292667303,0
1.4608440123803135,1.0745646279672254,7.122604407060919,0
-3.495776074475774,9.728280369657778,-5.383644296244368,0
-9.214611715166953,4.645811348513922,6.974726555079357,0
9.567095741137134,-5.687204745483017,7.76215838022944,1
9.31494419639495,-8.323916818098784,-0.5292070620221896,1
-2.0968940505538995,-0.3421112680280274,4.931333476067859,0
4.56741708679292,0.2816139123854633,6.093432357111169,0
-3.0838780317915004,6.583635598998356,4.729884174335584,0
6.10860086091958,1.4170605108862553,-1.0633153896014278,0
8.935124893844815,0.541418770269166,-6.537491216696885,0
-4.681430987357624,6.560865715485043,-7.1360499223951575,0
9.806646075872965,-6.8499890384839235,1.15897482868961,1
-9.484608024712976,1.886634678531916,-6.30109325576536,0
2.0705761300224186,1.8722108889282865,-9.221325854212576,0
-7.592248424218219,9.601038859529694,1.8289986288604965,0
8.770595669462608,-2.125616606939249,-2.838293962132436,0
-6.3763344189983435,-5.451565425529415,7.884560854804938,0
2.455068064796821,-6.573509110912501,-8.596067771845728,0
-5.546478417538301,3.352034271664701,9.606441454556517,0
-3.8556716595745826,2.1889059465455762,2.32583580508922,0
0.9291708345624876,2.871042459748349,-6.330714920623031,0
-6.795487980469874,7.870691669968739,5.267625195671252,0
-6.581271951583034,-2.214672063819034,-1.41314433258451,0
-1.6371042367440065,-3.732611871392841,7.232652124910949,0
5.145659565510014,-0.7527710550452156,-6.9853518540705934,0
-8.317446754812343,7.271540062782918,-8.130152768320205,0
-2.1379218488119793,8.585219503957841,-5.782443187852957,0
3.234373652879132,5.630462590661342,-8.437806224976876,0
2.0489888393317557,8.616153446895236,-1.4516975962458112,0
-6.739617723702276,-5.084993756282243,0.647973744538259,0
-5.323743338138717,1.5391830024195823,7.973861076043217,0
-9.525844927109633,-4.509108305191107,9.953924373224268,0
6.698944113888075,6.481889809687484,5.067762298396715,0
9.49381192097103,-9.893516188578715,9.41581981138059,1
-7.2908092641061835,1.2963832577279213,5.742022650717475,0
-5.370495724694038,-3.21593137456164,9.264052819428333,0
8.529275959123698,2.898126477298339,-8.404731490978579,0
-8.987550554618517,2.183907827866525,2.9319456760494074,0
-9.212163326143612,7.063459572934448,-2.985629810914981,0
1.4789973213802092,-4.708057762379401,-4.5323216377244275,0
-2.142097822136419,0.39003709529962194,1.5479853426618195,0
-9.42695144844691,-0.9892692186584799,8.6700375340487,0
1.6650478462511344,-9.767102009938075,-9.300362529676928,0
-9.77394926821955,1.136242862814802,5.384624070828753,0
5.74743916298546,3.2304864829234976,4.454545560892543,0
-3.871343545932568,1.8382880883814003,9.279068507765743,0
-9.194839939815358,4.72559797566843,8.614224446650873,0
-2.046311711338906,-8.664994902984862,0.4081752936519738,0
0.8839732500740443,1.9294915508790478,0.9047143665114881,0
-4.495216379259834,-4.500416160527196,5.307039878393077,0
4.188777292679495,-8.407097419304684,7.9133842527578615,1
-4.570159949145774,-1.4079451310290647,5.794240184210981,0
8.084865828151301,1.0864519616731076,-6.09466129617892,0
-2.5055605898524718,-3.4250802330078685,1.9937262845611876,0
0.9973712555241043,4.408674044515559,-3.3565308093728596,0
-8.988537923515423,2.875412162024894,-9.81588665218714,0
6.647270793219899,5.0974505781712125,-7.735587001331014,0
6.112976107266839,2.9739008506607085,6.854382470789371,0
-5.5136288229294745,2.748907574358041,-4.82987495704376,0
-5.478418579788746,1.0685540157413609,-4.30604062224889,0
6.346106244264735,-9.772206638228944,9.198731435977685,1
8.607968403386511,3.9301436695377827,-2.418265539022957,0
-8.092781574539929,-2.4791641778168705,-9.808287197112108,0
-0.9988272114754952,8.852194203173113,-4.323077033077269,0
7.413769109148788,1.7538893906262452,-7.943828765282921,0
-8.329501706399626,-4.956360363614611,-8.450254197285009,0
-5.777481148839252,-5.925652134446668,1.8651894035075465,0
5.049366751729886,-3.1923032464490175,-6.213045527402827,0
-8.97412302037569,-0.46864112839962857,-2.7751441191797905,0
-0.14929238571421521,-4.078689799221058,7.240354322600336,0
-1.1578593064055998,0.29858990784965656,-1.5132372040744873,0
-3.311976420225027,-6.692591489736282,8.313827001032752,0
-2.1085536936215243,9.554256256509998,-0.04123893208787521,0
0.5988117386046596,-7.841508900700123,-2.023267703204885,0
-6.772652832232337,8.63888279308744,5.007778541814032,0
1.4399175656718555,8.271560228053897,-8.536498024639958,0
5.203218595803181,4.498205436721687,3.0394742784592133,0
-6.922001906124526,-1.2790340405482432,-0.26118573521503485,0
-7.015010605170522,2.6006915508487634,5.808305006384204,0
-2.778505473179256,-3.9768196042910926,-2.2326624465690497,0
-1.8308883718303477,1.5645957233902745,1.9282005316929247,0
3.5939443366669046,-0.03740651632039338,0.013932555906198019,0
-8.866391356683291,1.5907273829996207,9.632213112848657,0
-9.306545915478672,-4.266788374259541,6.621688147131902,0
-6.131293140870349,-8.954472554555885,5.450528463251887,0
2.8300896251250336,-4.930857406539674,-4.690535500047021,0
-4.803437241194011,-8.515062813389084,-5.825149331432202,0
7.721722176270326,-7.924505827305186,8.885323193111017,1
7.91379888533233,6.258568107878741,-9.613911665642668,0
-4.054255914373471,-9.222526059666214,9.307774073268593,1
-5.400124920735189,3.178855878694854,-7.014762060223876,0
-1.7739205586753748,-4.54884502369199,6.3887616358653645,0
-5.189368296397026,7.430913614162527,-4.481548938637938,0
3.4476768658340724,-0.30015430845000957,-2.985953451385452,0
6.5212936909657095,-3.888470813443485,-5.664845773560301,0
6.487008944986989,-2.360839619094623,-3.038089049842519,0
-2.0601567558505174,1.2860212933966046,3.147860789893265,0
-6.873660585822783,-7.709342633473035,-9.68705364115868,0
4.7590189479518425,9.939810056251023,-8.712502329699207,0
-2.7905098971689224,-1.4888824460656487,-8.006776945375027,0
3.4254165045826497,-3.0353872058526266,-1.6201262937953782,0
-4.587121160364687,4.2041969663252985,6.295923453199521,0
-8.375407303866547,-2.7220118700933504,7.763558207567655,0
9.851635909755267,6.665486100575151,-5.103785198781985,0
-6.875969841388015,-0.9145855127914952,1.48739448478028,0
9.545598651328945,-7.850935671162269,-4.223411401607827,0
5.876362078160792,6.922383711102235,-1.8198452652745356,0
3.1884592416399506,4.714359735562198,0.4794840537142786,0
1.5561410050216935,-5.765664430760687,-7.3025030718390465,0
7.3220309075566945,-7.094279805084267,-9.480354125484393,0
-4.211209567610242,-3.674153025487512,-6.943883813634335,0
-0.6463757503024592,9.521411720638085,2.5370724250706687,0
2.3877993873300376,-4.863368508658827,-8.527634769326367,0
-1.776190482610179,-0.8774558210673344,-6.206072702997433,0
-1.45027091819464,-9.399595485653274,-3.2429222860939255,0
1.2846363336907203,1.4264003086620551,-6.166014576767312,0
7.01149056030232,9.062492250159302,8.225395779670222,0
-5.969432439873743,0.3347208988012884,-9.614017355460305,0
8.68866077506883,6.382146523553757,3.068638483487243,0
3.781753074964593,0.9425528513780108,-2.3118213816963014,0
6.465464253600604,-9.184299731289638,3.4529747886474222,1
-9.675992053210656,9.011879318622487,6.944189751467771,0
6.367608495590705,7.182607195024666,-0.1611923478128663,0
-9.19722281829267,-5.432887716423047,6.450720378269434,0
9.839254944772865,-5.976540657721985,9.69371107830478,1
-4.118650756464444,8.449977926050064,5.4097871700259255,0
-5.793628874284127,7.053323062034412,9.31900410225147,0
-4.939473181594936,-2.145297715515449,-0.5261773541859895,0
7.311247663444071,0.0876140859753356,5.109076186505156,0
-7.943148156850466,-0.713365104096944,7.6058252602686025,0
9.583031102012313,0.10056092297533858,-3.5089618793500055,0
3.4767779654000925,-9.39006904294491,5.974091476852779,1
6.937744488579057,-7.363792530050817,-5.7870880472892665,0
-3.5134124529696393,7.731791923378928,0.9114869349089041,0
3.5296749904120883,5.033595340628466,-6.403037031816017,0
1.8848365461719432,-1.5426318188182577,-3.0520527649932223,0
2.06300240245894,0.34300724567754415,8.627167344129184,0
1.5071834625819704,4.815597343213449,2.6480179027039306,0
5.37162661826404,4.452234496688991,-3.480419124623757,0
-5.474551399936276,-5.909913226144083,1.2596300903053148,0
3.8470861230882836,-3.240600415190425,-6.256427820230195,0
-5.333343547013467,-0.6030913003265006,6.012473128256307,0
2.5066033990890784,-3.3841401714468873,9.443130190694998,1
4.941565342580578,5.098804003166579,-5.704812000750559,0
-5.625722221869216,-3.412929515000906,-6.2617607041884815,0
-8.801133982773834,-7.235358264293257,-0.9012985640511069,0
-7.380525140116518,-2.019190959033919,4.955305542800643,0
2.1199393454205087,9.598288655647607,-4.367987795294972,0
6.988928124514711,-5.482371741328482,-9.602401826054392,0
-9.100063575291513,2.2431731788645806,0.8244125606578798,0
4.683025180832924,-1.3405390032058744,9.132011355346151,1
-3.1736270809989575,-8.579508647013467,-2.174462891861088,0
-3.360569905283091,0.2643995165563755,3.892152232534567,0
-0.6932613212102794,7.442121274931623,4.383438456842503,0
-9.726351704786378,-4.221259666848347,1.2540401074213534,0
-8.368025599903232,-8.275016573920702,9.492184217264832,0
-4.8281681773043195,8.731312233160121,3.777329688511122,0
-9.442955183578512,-2.4360730094356198,7.900655032103391,0
2.627506520965019,1.528111029072667,3.987577314664424,0
-1.4720328639675486,5.840062522603919,4.702316496807919,0
0.9629040545604397,-3.5137267224883884,-4.191781557155069,0
-6.507056282073409,4.323290763552222,-3.9304260397236206,0
-4.081359411267678,-7.291623003643439,5.6596929915205845,0
3.276489497054502,-4.174125055889895,-4.065874216602008,0
9.306054472607997,-7.105787277269602,1.255401416030633,1
-8.991664527955816,6.224611168027156,-5.012953781865961,0
7.807686417105323,-5.547015295464293,6.339667616181387,1
1.5376240262241687,4.348071108104206,-7.7899729754462,0
1.2783913351124738,8.865967944913052,6.588932795233291,0
0.005570704155207551,0.5554441813775401,2.0545960101520357,0
-8.202462965276787,-0.7793286380437596,0.8407077101223628,0
2.0182401131817223,-3.482197132127145,-4.350023263053191,0
-3.180828571288834,-0.486899381501658,-3.530653305390068,0
8.345361331553612,2.0561506453351885,-2.9694391680623937,0
-1.8681892528105557,9.719831443413188,-8.733615060553582,0
4.2943766700407195,7.243059165862434,-9.369307437375518,0
3.9566557101034014,3.1488865435492954,2.9202058189339795,0
8.005282224041409,7.901334458724282,-2.8750349382483247,0
5.843823896033522,-2.1409847001729387,3.4750129251771753,0
3.527221357454483,9.235249566909374,4.584710189367216,0
3.592663647902871,-1.6842787586163404,3.811052807992896,0
8.918492880641729,2.0216533078643124,-7.7207603728369545,0
-4.083518050069279,4.196094265447439,3.137864693093693,0
-9.977758116076252,9.011840261518767,-4.400249010918054,0
-4.560908812036026,-5.1076745189546795,-9.42397258861333,0
-5.64217240746512,4.922619564772845,-1.7033865622209206,0
3.2366917022799626,0.41631172288164464,-1.3291379439239783,0
2.6742319953105813,-4.628857187587179,-0.6565173329510703,0
1.8692276540944768,5.532136795927812,4.096483307814324,0
-9.675131135810926,1.0444456034769303,-3.823123817150817,0
4.57556108901295,3.219476412993515,-3.694389737921549,0
-3.52939175029017,-3.5419786284419796,-8.788954875174788,0
3.3011197801326215,-0.37452096344789965,3.73642431984592,0
-3.1453814914418565,-1.9017837146031198,-3.0114977461242383,0
-7.308474657917845,-6.032549203045974,4.103779578347094,0
-8.11162204679038,9.232809846306079,0.7471549845375431,0
6.6303666622444695,0.22935080085234816,-0.6151010825892058,0
8.36795084163116,4.67840740575401,0.22649087322252903,0
2.9957609352859915,-1.7790561288788371,2.726962505341131,0
-7.9313177027903325,-2.8973647194856733,3.2000520914919903,0
-1.959455662235186,-1.8567140306574998,-4.220843617185657,0
5.5964176802013625,0.8836023188390723,-6.867316376189625,0
-7.635627554178228,0.8693973996272639,2.787817718060033,0
-9.999385623092351,-0.056923682342567616,7.457465715342519,0
-4.910373367634795,-6.61792199158697,5.132049965877092,0
-9.742050604209492,-7.477284274084697,6.649789488388972,0
0.8059881352299936,8.652914346823355,7.6116488624193295,0
7.023014708519636,2.0990002629540854,2.1366285782746637,0
9.152632925451758,3.189801162491685,7.214571187761692,1
1.3148990122657835,-1.9641265933327254,-9.691700831031847,0
0.2892265547978834,8.179617838297283,-7.85528396460953,0
-8.298872290215177,2.75860979159331,-8.148478658958025,0
0.9774560308519948,5.38339739047175,4.2520936850946605,0
-2.400418420692107,-2.6287506194457233,-8.60836432912842,0
2.142705617671538,9.200237616382509,-0.07271255067385951,0
-2.2254730424690656,6.409225803166301,-0.5458620272742181,0
-5.1940175309926655,7.078969260290872,-3.7859295288351813,0
-8.10069449543247,-6.556114651484915,7.408103398841995,0
-3.7016311082220854,-4.58073584257561,-6.5913359624000805,0
-8.067103314244955,-4.287468006328458,-2.9507443120152033,0
-6.462060983520321,-4.581815535062576,5.483430000458583,0
9.746723171590919,7.108163242085759,-9.391553712134314,0
0.637435330100331,-8.478000220384514,6.327954527231412,1
7.472370574744307,-4.521702587401926,8.645356776763343,1
9.911378009813756,-6.002540507011127,7.525932809829698,1
1.654288986893631,-5.362807722343033,-3.612317663326296,0
6.249476420883433,5.958863785066001,1.7272828264590512,0
-3.4611795132664946,1.2625318778409387,-8.454130136990683,0
-3.885120851054178,-9.88458677414064,-4.842599929039828,0
-1.9459255801087956,-1.4135446859160954,-8.115552425049852,0
3.450145253472982,-1.8423014629928218,-3.696254196920723,0
3.6438337851019753,-7.721094611109129,7.503744269174579,1
-7.335801517267426,4.041943767589821,1.2379620600285275,0
2.6479251293101704,4.417864381041953,-1.3323830377011845,0
-7.433482756224709,4.569418911171841,-0.8216695140252934,0
1.569850164586601,-9.998943461354063,9.391441036731166,1
3.86844256112618,9.078416076934445,-4.076910634722841,0
4.012229927889033,6.28417534109326,2.5464893904634263,0
7.457188431313291,-9.687134093851316,-8.777076379046276,0
4.604983790591424,6.195770573762093,6.2668665809021675,0
2.3834547073167336,6.744382859173971,-8.024940626366233,0
-6.267201204046349,-8.13425230556063,-8.60816305207382,0
-9.486207102611836,4.7755605783719535,-6.927369592134667,0
-4.309172286461324,9.198333792841819,5.288002227786121,0
-1.1393258732476124,3.570946828363212,4.479907682894758,0
2.3421188885731254,1.411228092492129,1.3003553781222106,0
-6.075085665876687,-1.14125756531128,7.76651629405244,0
-7.489004202030458,1.9858713262095744,5.33395647666965,0
-7.839108812471858,8.656924427205983,6.2652460270130845,0
-0.4301785978562158,-8.478305464689855,2.85434309491116,0
1.711274575866037,0.022394016506963155,-0.8397075136810823,0
0.8274884181487643,3.739048827708766,7.293555051713007,0
-8.279356859341135,5.8381307684447385,8.520148352065014,0
-7.8903314507792865,8.17835488242908,-8.968902534674974,0
1.7117536774522506,8.839828937677435,9.174865938168747,0
-5.325184159265115,-1.9525892091725119,7.467388792988373,0
2.755482836911831,-9.53081956557691,-2.224097620771948,0
6.4013500411129876,-3.411666852511141,-7.617998847812888,0
-9.168420803068125,0.7373643594120427,-8.391135995813315,0
-0.037401129039151826,8.215898610198977,-6.86984201839087,0
3.7862082420538066,6.931086449308058,-5.002136102652706,0
-4.953761458606259,-7.4500054665602855,-0.22963292138347668,0
-3.8445818941370185,-8.139392505182085,4.029958011315671,0
2.2727580597876766,1.7853467751333412,9.727971529706,0
7.958705868874738,0.6423594491756539,-1.169865134216579,0
6.198488406057987,-4.672447171399523,0.36369884686219756,0
1.6626043819916703,7.989061691076703,0.4363140276651123,0
4.604434355144985,8.54732818923107,0.7886871097587207,0
-2.7035505958440265,-1.9477712331967467,0.3548131420892453,0
2.819310561975154,7.806051142270405,-9.824504898761644,0
-0.676368177448861,-2.321022114740547,-9.965503557803185,0
-6.201277270848782,4.736336636594004,-8.046673637477541,0
4.034765477545143,-0.4811556490455171,-7.9688679314164235,0
1.1292927469764393,-7.548336869856341,4.097938179095921,0
-2.827568360928172,8.55868402474043,-5.901679349680005,0
8.226783801572616,-0.9180681324492674,7.894282095112256,1
-9.581317643465335,4.689740806448073,8.572126591540389,0
-3.6845369750100794,-2.656523711374157,9.517866757917975,0
-8.862372044447069,-9.622382428475307,8.781626097740403,0
5.330546324432543,-7.989392826163282,-4.562233561629507,0
4.042149082275852,-0.07561041020151293,0.19553689407024955,0
-3.3729556252736597,3.7992871425272483,-6.49090059606118,0
3.5132580441414607,-3.305293468414419,6.124193103448661,0
-2.0812554760810027,3.9097691835530064,7.768634102881922,0
5.125075828448686,3.9727117886391206,7.025776785950299,0
-0.916326745265879,4.078718146556618,-1.3326610260633025,0
-1.7544054433666894,-0.14956291958983137,5.17347769373562,0
8.694598309766018,8.297723002430079,-8.04841660847461,0
-7.591053200068691,-0.9946961300672363,5.064728286175217,0
1.690862265189164,-6.01238361978746,-1.4928945134263252,0
9.386436245683576,-3.8468982528732703,9.910985294791384,1
-2.443215725456267,-9.153310149633933,-8.054915682889352,0
-8.75926472742437,2.6707058723234045,7.112553630704674,0
-7.697076432095978,-0.9249247949929291,-1.3676896525530164,0
7.665472028524476,0.13860232154388896,6.566459372836853,1
-1.703486889572961,3.7477982537142918,-0.5315773873310885,0
-2.2545117715031733,2.665669646659909,6.585733550610282,0
-1.1593315813775291,-9.104971321475237,-5.8114322772213285,0
2.9646693761569214,-4.071185504412056,8.977632497989276,1
-8.77107419738425,-4.3973176244924055,-8.784376627411932,0
6.274466874444549,-7.079661888157835,7.965594150875898,1
8.810079057588052,-4.216434922871137,-3.91113102019252,0
2.9753077231877185,-3.804693717141932,0.0029616632879854166,0
9.091318577176214,0.43768923854956654,-1.5529625459853094,0
-6.9713537126007346,3.274089578525121,-6.563308861661676,0
-0.45167621039292527,-2.377989727763719,-2.8370626719661374,0
2.0361346789089456,4.389404626267623,-6.141311274144094,0
1.6347329484237338,-3.2766932284084005,-5.922270490789523,0
-1.9707644182191348,-4.194326453704793,-6.2588632794723935,0
-3.2383118126747723,0.8237611171404868,-0.2196523930681149,0
-7.4635195489916235,-9.525672793884187,5.958627350226312,0
-2.1651509887544362,-8.404217527319993,1.3794006752248205,0
-6.746783697890297,-1.6406091282694586,7.864131771016837,0
-5.8233812901082,4.430235596868473,3.786802312652089,0
-8.828693894309323,-8.237468609988845,3.3521445945400625,0
1.0473227563446859,6.926360255617475,-1.010816136325177,0
1.9045946543880312,4.646015412163621,3.7867764440016565,0
7.438261225610109,2.2189305140530635,-8.605845070620777,0
1.5396322483536373,6.405859212183547,7.197029438313262,0
-3.0903829255310855,-1.9178030451408574,5.556242868878346,0
6.060237630526409,-5.569978982922946,-5.095400835366424,0
0.8055778637484217,0.2404677821751875,5.360649085081647,0
1.317011206264933,0.7665274401982423,-5.655068550382392,0
8.160370908433247,1.301475829602106,-8.697255226582081,0
-2.073747490035589,8.974098364783615,5.604538332357894,0
-4.073483962003999,8.044912461924628,5.117483023567743,0
-7.130610859639599,7.5143407311787875,6.272720476036614,0
-6.971089561292853,6.028336218172544,-9.910366133489424,0
-1.3445703131636222,8.868562145305706,0.024654533568160275,0
-8.387691896607965,-4.69753477108521,-6.891977425219691,0
8.791371780503315,-0.09888108690830322,2.9958145502524935,0
5.102672348903919,6.930689862468103,-8.317798013806286,0
1.7324783656732539,0.10331423045465016,-6.3734828779137365,0
6.568773418779816,4.960694786831773,-0.4840637001079795,0
-8.396264863757734,-7.220801895021676,3.0713030536220405,0
-0.46322244533751267,-4.951723740468797,-7.082617460922078,0
2.601862537233268,4.635521900753448,-6.295533383381242,0
6.5730581223657865,-6.705319822245519,-5.91107265868674,0
5.669391200985354,-2.9728813069014652,-5.2259839060204305,0
8.817603391184086,-3.002766115550431,-2.0970178300472657,0
-7.513083171382593,4.166480981559406,3.0757930167344583,0
7.502672372423042,-2.6430563771439797,-1.2393643373106062,0
9.418804992092372,1.105266452158805,5.519478174997763,1
4.4413212840757055,6.100353864692558,-7.469461719018486,0
-9.194289624440032,-2.602227487037503,-9.023167533585122,0
-1.891543497216901,2.9706831806668497,7.558831279992123,0
0.32566598395348123,4.507792033236653,-8.403378668742532,0
1.612904518192682,-5.8067815577659925,-7.033216385605739,0
8.71874496497119,7.693499699066997,-9.55733448883764,0
3.4450137458838945,2.3244850321390587,2.5667273059730746,0
-0.3744409756152596,-1.4254971649703698,1.6474112631669708,0
9.010656419088178,8.846018758024133,7.73864792634344,0
-9.558677026354182,5.101364082632502,-1.7831364503818055,0
9.650425445120774,-5.8395087453350225,-2.5682831817493,0
6.287735585375227,6.1934851617614655,-6.951861599242372,0
-4.39330494897175,3.9135532643067794,-7.2383268679598185,0
-7.3564068449225655,5.315685854314488,-7.354325839807892,0
-1.202887205723302,-1.1759779557413523,-7.7177048562644295,0
2.879131588952271,4.329525252843338,-5.189759151889262,0
-8.90869183434602,-5.774741661236071,9.231579420778317,0
1.9892227931743314,2.6535406968272,1.5694650200377147,0
8.048065522213495,9.520278511975885,9.75191549026562,0
-2.335692681054966,-3.7879805720934083,-2.550661043486535,0
-5.673344447383459,-0.7806081557492064,-0.847467348211179,0
-1.1484530813436926,3.4800274213970717,-3.508426816694417,0
-9.032745779024383,0.8301256424497581,-6.342246982068946,0
6.409751689605496,6.868555914180984,-7.136705844448416,0
6.526816219003734,5.2348541293903175,8.901583956156639,0
1.7600092685925688,-8.83405592275286,9.736213635975115,1
-2.937942221232211,9.968424678475479,-9.101810069825369,0
5.9956672889156675,5.048049074389345,-6.9930825053646695,0
1.093740495767344,7.278066325882264,-1.5295181539795486,0
6.518646171000324,3.023954241906928,-6.273330473111853,0
2.6291758516604133,7.125702560935245,-2.722392127462334,0
5.688109464255946,-7.752340501425811,-7.418073002807333,0
1.9712598643551988,-3.0452432888136887,-0.8697648655641963,0
-1.7171786356866754,7.528418872089855,-4.5661076766148145,0
9.15891719852275,-5.966895774662156,-2.961898884826784,0
0.8222764975768939,-8.435158028399545,-8.113746970745048,0
2.101790370810768,5.762378798904379,-1.437438985797165,0
-5.590247211705015,6.709723112865923,9.665152219231395,0
2.5130157885455304,-6.746955636201988,-3.4233390623761935,0
1.4321529896588778,7.0869196556543095,7.528585496848702,0
-8.808258052937125,0.40165366433167904,9.041168365944213,0
2.087186394295422,6.6050038556277,5.80219024534189,0
5.273845387006411,-1.6150150136206847,3.1919365411762985,0
0.4680274184401654,-6.120120875532056,7.131688884549153,0
-5.4645474936070855,-4.302946467787727,-8.487106386853007,0
3.330439533860698,0.10328036586629707,-0.7433868560238448,0
-8.397885467807955,0.6266158534635142,9.785124772301177,0
-1.1633259039609083,6.111616528824673,5.392003025894645,0
-6.732664832031596,5.827054473046688,9.241507560744463,0
-6.310818978802333,1.6273311440914977,5.592687122669581,0
-5.954121016835927,5.6157096673095275,7.497639348842885,0
-2.265858859120442,-6.16453083412658,4.130592646063819,0
-8.976995887592047,-8.998709458134114,5.210040088344796,0
-2.0441311814180363,7.472676452694003,0.4635601967900129,0
0.2341489422940164,-8.488910124744608,8.484754016282658,1
-0.33411430067349634,-5.066231405120054,6.500778212467232,0
-2.3443179919391888,3.906378992487692,6.877699313312643,0
6.782932161415051,-1.811041247453817,3.4601820192610475,0
-7.093466151589918,7.526279398310177,-3.90840105825502,0
0.1139348756274785,-4.040404106754609,-9.287404092197214,0
-8.759171660868914,-9.762573066612815,8.713102588190893,0
1.4773169935419261,1.5615009836966323,-4.037140577037195,0
1.3203684977564194,-2.481232491934133,-7.017297843049244,0
7.560670256889139,0.6974551151751047,6.5904633100150924,1
1.157473513201463,7.531962376700374,6.730403888951578,0
9.195820408097003,8.24970108460737,6.2901593626106305,0
-9.026103032001405,-4.680518706917757,2.901653839335726,0
-8.039846304385179,-0.7571905346019854,-2.679692248162482,0
-9.118682768592372,0.982880304829024,-3.91859430439486,0
-6.2944629933292,8.982249137764942,-9.828904597636596,0
0.8254022188335615,9.972346383287693,6.6721511737648065,0
-9.088296841026624,4.539597426916309,2.6150999608153533,0
8.919417796911986,-2.4393787553360973,0.08149893680176667,0
-4.067750356858138,-9.814949551281952,8.534256906155466,0
-8.45624939547064,-0.7886798487548852,-9.367699774575158,0
-6.602258535618855,-0.23330173991330838,5.467844492575447,0
-7.4611117249005465,-9.548606068531146,-8.958952032653858,0
-7.534324414021063,3.7385483354860494,-9.236927881292456,0
0.3712337733146782,-4.119932228100938,-1.4036460371723614,0
-5.083051150131994,1.1978620307189871,-8.738496513140666,0
9.790106667686448,-6.657313702613856,0.5912618729667436,1
8.979613340940027,-5.354532704189985,-9.18998627036161,0
-7.148868899337688,0.6960195383833607,2.253370594789587,0
-2.3572105033486146,-6.023429394270401,6.122236353168098,0
1.0946360656470855,0.16811953289254156,-1.2440093745045289,0
-9.916251127440843,3.4194941897156994,5.996589080998032,0
3.40868667593835,5.078753688828481,2.2101234808363834,0
2.836390336028707,-7.7921153150013245,-5.50479524682361,0
-1.7842238000077657,-0.6439517592532162,2.2610405173895725,0
-1.6911399881582074,1.963648910840048,4.682139617622534,0
-9.519899103102222,-4.711914041407093,2.417483751136025,0
-3.292567875650752,0.552489136774156,9.38484260916076,0
-6.458354892054203,0.3492201876858232,-6.05423382565863,0
-8.031516217972625,8.487086923876006,9.021813591341527,0
9.134408677786997,0.9816644513744581,0.7667898070003254,0
1.9871945008433123,1.6599695943663129,3.4391228098982403,0
4.573125684732053,-1.9669374847123944,-8.010768050956203,0
-3.6927251346776497,8.981592063656336,-2.38848117243786,0
-2.137057410119696,5.543718188792193,5.387582929263452,0
-5.26152012206553,-4.291894193943168,4.138220301979807,0
-8.060686580691506,6.88419171552464,-9.197212236691797,0
-6.419367251168325,-1.3520727962982004,0.9318852699448925,0
5.950280905929716,6.57334287067188,-8.23443614063181,0
3.550916103675517,6.4577613658700415,9.917128583563247,0
0.9385775197095381,-6.222596264742912,7.945931770665894,1
-0.4982025426646395,4.0228226276715375,-9.57838679142926,0
8.44868567312249,-4.187140613869378,7.172991578052617,1
-8.545301044426632,-4.050146600146636,8.388592011168154,0
-4.387983735241681,-4.073038462388386,-2.929035548730898,0
-3.001242928585719,4.5113649511989635,4.390033100955318,0
5.648516244255756,-5.403479164149278,-1.157925075844421,0
9.850292403239425,-9.981883295078195,3.104649691526882,1
7.486146682741612,-6.5763051232974945,-3.548815267334633,0
6.612455208635826,-7.910352093843307,-1.5113222228484187,0
-5.506852047164667,-5.249677588118797,-7.088644826949977,0
-2.013348396015548,-2.4019895535459206,6.622779288707651,0
-1.8065426141496168,-0.4818734505359856,-3.026042092767267,0
-6.3821619724220335,9.411466652547208,7.8810922540428905,0
5.983159422095641,4.321261068391163,-0.06752371873657381,0
-3.316145716537802,-3.536118693513277,0.8850781870172586,0
4.617406915523208,-3.626054854292054,9.129962495541971,1
-1.5997799140867421,-1.0291490126308123,7.734527662899783,0
1.5671952623308005,2.5248964552606594,-6.61066582223121,0
6.652235466522622,-7.072538668220645,-0.5356994016378991,0
6.083311299677682,-6.221403724700954,9.425924548570912,1
7.3284636707940045,7.188691656671018,-2.5526740354279465,0
-8.80765349310682,-4.874901522218549,-2.568537829675998,0
3.841011060794896,-2.3961000404964494,-6.099395364216913,0
-7.200252465564743,7.4254370190023415,-7.713537717617496,0
-1.683628639631781,3.2629565879964506,4.806095815119635,0
0.9717683010937694,-3.1657624131662327,5.40060937403033,0
-1.9452103050633855,3.673990914492416,9.380259270059998,0
0.3922335160601502,-9.606335692371726,5.46836421810726,0
9.930526175972382,4.712853200227304,-5.132950119328026,0
3.509120906728512,6.263642945689224,9.708747687393206,0
-2.0799806722876957,9.092753040129367,-3.190986089127885,0
-7.339804021853425,8.515770989891365,-3.760569151351585,0
-6.825264732513809,8.185300869106815,8.11910419498765,0
8.985462124912338,0.24339911867774333,1.701997970899722,0
7.592029934235242,-2.797157717221239,-5.702576523017308,0
8.140839208300438,-0.6992935053865441,7.781924854324792,1
9.83065551654773,3.7979200662672152,9.867217101094866,1
-5.833692199829641,7.679955537423734,-8.266428776983386,0
-2.8912132527187655,-5.860273939997609,7.245032566049744,0
3.3843805984973336,8.363863169234062,-2.1896860463121204,0
-0.3239492027870554,6.303604639397783,0.4814489301340874,0
-1.6322093324333302,9.57712030356469,8.296319515299615,0
-2.8437750132881394,7.605035465633744,9.467583915502345,0
1.8756126388690433,-4.401253406161867,-4.756721791824012,0
1.5118685728016406,-7.880881773119047,-5.742984580801725,0
-0.5652032496312192,-4.1755336284344775,1.2359570532427604,0
1.0694355241969973,2.2836744796907844,-9.727912090986635,0
-5.797856141752964,7.985006139631295,-8.532319666959829,0
4.8454278450457355,2.475067687384655,-1.8954843414133205,0
-9.496018103578606,-9.887373745038925,-9.201356214687815,0
5.604252970712672,-8.005475922932641,-5.8052201212286825,0
1.2778584211080464,-2.7335104886197996,-3.433825792841761,0
-4.776751349782796,0.027019872674918233,7.4009599321278365,0
3.8990623868609546,-9.132056428428783,4.925321226644101,1
1.3478188831214677,-3.0304404840868937,-5.619232767158831,0
5.924872189127743,-6.416406507493548,-8.56201162685008,0
4.7005037237964675,2.941403325177479,4.31347553710679,0
2.202158440724693,-0.7145526135131988,-2.185948986237813,0
-0.2364464937837205,-0.09364706132182476,5.321599982364425,0
-7.336357486649532,-1.4461642393307788,-1.094104552495791,0
-4.773339642292324,9.12039420973134,-3.0799517405544723,0
-1.618010541658295,-5.705297497568735,-0.9758918357520692,0
1.9859857401277736,0.3332851968774868,4.971179713413534,0
0.27415710430609685,4.720347367306719,8.044405730807483,0
-4.23630948080941,1.1368882626912509,-9.004656068228488,0
-9.870712844205789,8.580417714336022,0.48223082453910315,0
-4.287480228755138,-0.7264838845364388,-0.6318090995128252,0
4.692166014210702,-8.229553695705432,7.705656581938008,1
-9.52107469459033,2.1799822210385695,-2.7681946715938066,0
1.696556226115817,-4.235760631037879,8.649008421612866,1
8.82948475012131,-6.793819209688623,2.6121694330121876,1
-0.5670101849880922,0.6462052675982122,5.143332508250394,0
-8.171560163657237,-8.48256717551905,-7.931296667024754,0
2.513638245227053,3.964309069889456,-5.376972648746459,0
1.0106336119245114,2.4754438130170584,-2.1165909083298757,0
-1.8526895157433536,-6.219654345070056,-6.59786235975848,0
0.4275404294748242,-0.6113027569191232,-0.10176790446679007,0
7.931493169380204,4.406458329571199,-0.5726368859701871,0
-6.074113953778659,0.5887148108255307,9.125183960547623,0
1.5423416477581302,2.207877332881072,8.838210897029597,0
7.813169109236849,8.782173966204812,7.53977661947971,0
1.938904468263452,3.4348968095496684,-5.826647509768163,0
4.997198625765375,7.816482630212551,-2.0028260972556904,0
8.26082933779712,-8.110751483978262,-2.783863475084976,0
1.4424592744441256,9.777514242750868,6.527184203500084,0
-6.384296988752409,8.981387872908428,-0.9572188975510514,0
-4.624047699396037,-8.434510385402483,0.47388664489376353,0
-6.027108462051885,8.668266408991098,9.648947140941495,0
-5.062859448085342,-2.737348194810756,-8.80041455616967,0
-3.871691012979273,6.894183341517252,-0.24084720418502314,0
1.7598325892766553,-1.182897745949683,-6.976760836235469,0
-1.470005055162778,2.684861819550852,2.2306318922954773,0
2.308415596416708,5.489548385519667,-5.210704409310665,0
-8.368501487772681,-9.324216981035027,7.348082264491353,0
-8.2442352588368,1.8631199105426859,-3.4580066919984143,0
-6.563410792846831,-6.26534011805258,-3.418743661981809,0
0.3615499608068955,-3.081009642735941,1.9638775703578695,0
-5.720106426033729,-3.04062667689567,-6.328741837601825,0
-4.334311930148454,-0.6187931955769272,-4.302227221938779,0
-1.993743276540119,-3.3172717624765324,-1.6673629976117699,0
-9.722757281742798,-7.087425229490972,0.4975443601116485,0
2.9875764047324473,-9.331240288778046,1.9928028813793262,0
3.3775306208137064,-0.5950182934249142,1.3333490750032908,0
5.97311560713273,9.08895389705977,3.0833662398386448,0
8.655058781206264,-7.686495527037669,-3.8450096678435948,0
-9.597243021014204,8.925289860061639,-7.471475456899439,0
-6.924325889735677,4.667230294641872,5.216150828621542,0
7.723425881119862,2.749976058683263,7.015607652613639,1
-0.8296287562596927,2.905555106471258,-4.859875355551355,0
1.2918127786692697,6.5345529679256416,-1.8581608768396052,0
3.2605440744629473,-7.861602712403572,-0.0286156607288941,0
3.581332089912747,0.09508647131083414,0.6665368550587285,0
8.634808066330166,3.9418227652151714,3.1898034217530373,0
9.938988348233394,1.7364089014712736,-9.167935332893574,0
4.403149218618804,6.655581420465893,4.429541654680341,0
-4.255575815896984,-8.55456581977297,-8.760579860411795,0
7.595048045886873,3.814020789983319,-0.6342286465426419,0
-9.015581709184769,0.6805546076943543,6.553422711383881,0
-5.3783829425100755,-2.416782720401132,-0.975693734432074,0
7.947714349274296,-3.1945003553193825,-7.018205024635044,0
-5.58697880756503,7.819907492885296,7.785709241485264,0
-7.237494137195055,-0.07648147797769411,5.42627266450028,0
7.182235152938329,6.494463281538401,-1.7697679420157915,0
0.001165183821733251,-1.9568723631206488,-6.323085462214044,0
3.4978640610830958,-7.952110744136469,8.828223628370026,1
-5.218672318499406,-8.76988527082723,0.647022530342781,0
5.160808420224329,-8.97331257352645,7.047109207749703,1
5.20011089924197,-2.3969971608466007,-3.1580998848114845,0
-3.748039501833997,-3.255244983283159,-3.2942336584105885,0
-1.786347339794343,4.358740472451391,9.710809613480784,0
-5.806194451395983,4.856430031697316,0.4366609698969963,0
9.531220466458088,-8.982920623325203,-7.186091522785074,0
2.912051541168232,-5.577534742219701,-5.606506440105852,0
8.69087761431031,-4.5147629968220055,-0.36111441214558404,0
5.317172877694841,-7.321175611999992,-1.6211831583974483,0
3.833113037330831,8.875777784159162,5.58672530638974,0
9.31277950533601,6.08405814595562,-2.901160710215165,0
-2.128893277873689,-6.386901958176594,9.650975230791985,1
3.4341771848812144,-2.887560014848689,1.819733699362697,0
4.586196009544123,5.820081481308145,-8.206014059834907,0
1.5012114691762939,0.20425832956244072,4.677279679879639,0
-5.863642137332075,-7.4430052601306596,9.89507376123943,0
0.0891188333871078,4.779841263124878,6.382772755032644,0
-3.7562052686174123,-2.0622404355016215,1.1140708144060252,0
-1.4506694366662192,-4.741515047357058,-0.30517285200615873,0
4.90429485381669,-0.044868727862073854,8.719481694214487,1
-5.355506181973137,-3.1376896716598113,9.78413051596186,0
-1.8934927870609322,-5.161884548164844,-2.0692154487103176,0
-4.616768580167417,-2.0299594239203937,9.818349495890246,0
-6.027367722762618,-9.616541785002035,-6.88147495652337,0
5.667744399916767,5.449956921926278,-4.929004481361816,0
8.185053888739848,-6.5811021286482845,-8.219677505322077,0
-2.5953562863084656,-9.121907727387255,-4.565229670310367,0
5.025578487475338,3.073973858101585,5.358751032360223,0
6.92248421060463,6.276582631856865,5.5778529020514345,0
9.125837630267227,-5.892636306200294,0.2793302504529116,0
-2.4664711914107507,4.744553544996535,4.174085784272929,0
-3.2151867765232733,3.9942615430867434,-2.1833290146555644,0
-8.751373454444394,-5.074585317936535,6.826167029994036,0
-0.2765269179023395,8.06815511725586,3.5438018795357085,0
-5.02920358145148,9.653764791826514,0.7187198625814251,0
6.176526469833682,3.757972909581504,-4.95970532641895,0
7.509773007917929,8.774997765596659,-2.3770469327789856,0
-3.9506736507706064,4.446223366474156,5.552851393553782,0
7.173962424891478,-6.190860059399082,-0.14502207741324646,0
7.144618747395821,-1.1568772377437657,7.7842802684838155,1
5.29301900769747,-8.569939513367293,-3.0720136047429536,0
-7.066097719696369,-2.2068515542376925,-2.6133966236071053,0
3.8064569380145805,4.832060394744174,7.774715787732507,0
-3.367663017843321,1.9071144502062367,-3.344725693286412,0
0.011586348616624775,7.4440905799779,-4.466601156418362,0
0.21140817457007088,-2.2905913060052914,-7.603186769175922,0
-7.600941165380604,-6.835185163694746,7.585452823658187,0
-3.758719106959587,3.907085014637392,5.584062735302158,0
6.0479206110726516,-7.885508791377303,-6.185034725883945,0
7.2283609219103475,3.296155171604891,3.8803989164913073,0
-7.253999345688595,-4.276382584041853,2.0526584257126963,0
-3.4235476430278133,8.727051156499709,-4.535929878995351,0
3.246274774614399,-9.629508465080882,-1.8202699253233128,0
5.036502919133623,-1.2444545622086203,3.984854704909477,0
6.238924692757667,-9.567460150764123,2.774468176340118,1
8.914994044518604,-0.32813903791342014,0.6446969535339591,0
-3.7416090394235475,0.020947555888364278,5.368210862280684,0
7.1701290910310895,-3.566750572105059,5.158754792123318,1
-7.36626193127586,-7.356764449499527,2.357183081245118,0
4.839554590279718,3.44525879865132,-3.314732504415816,0
3.554464824026409,5.6479161728891825,7.624990566452112,0
7.460862940304068,1.7966878887951125,6.447270276248609,1
-6.622830732592099,-5.987672577506946,0.9255820958056802,0
-8.927304169583383,-4.2533933354470115,-5.631235100226393,0
-0.4904856953453258,-5.014092999907773,-2.577766724468238,0
6.98196039917352,-5.502264395489364,3.949980720741891,1
-2.3320571788348214,0.38897572782475187,-0.4841241653052837,0
-6.634428229845744,1.2537751158145873,6.722256098553753,0
6.728843849397393,8.898948416430091,3.5614502464383335,0
0.9781926328014343,-6.088587057969539,3.690888660626479,0
-6.216084152192902,2.833514203229919,-5.6568933301787006,0
4.407679971728914,6.345185379750458,9.684995329825806,0
0.22227276979000976,1.2048292756610497,6.833504185429774,0
2.086259644806397,-4.899926949978486,5.780097691213893,0
-0.7820332358683615,-4.748995399599996,-3.3956954967994513,0
6.591254313660997,-3.8911154690303658,-7.257936238513427,0
4.187776436487724,4.892073580067603,0.7695195332541189,0
6.777077238081375,-5.614094349903387,1.0607568797920237,0
3.4202596106581957,4.124649970635639,2.974437603098112,0
3.94048332008599,5.653031256457533,-2.1960806550019534,0
-2.740343191922568,-0.8936317987614313,-0.029102433374134762,0
7.585591123140134,3.9614867695729767,7.513067753491718,0
4.507432004697149,-2.2409566269021592,-7.828737105943812,0
7.7276072392028325,1.5993564040628563,-9.265840343907431,0
-9.05606596605242,8.961065637057807,-6.288507945099044,0
9.22833239284099,-8.624980958226454,5.300863799409793,1
3.5832513663912557,0.14788187689921273,-1.8974785332627988,0
-4.5888148702401725,0.16623388553389162,0.4941508236453167,0
-5.024164225216459,-9.520491052469367,-9.554992961473381,0
8.841164389771908,-3.7394929059683735,4.334272192038535,1
-4.034550915317546,6.397362950540099,-7.7953418255753455,0
-2.137564035858417,-0.9883501436776516,-6.6379490038963995,0
-9.785694046092821,-4.039149544172882,5.225428592507207,0
0.8851467403050162,-2.3379713281883108,9.084627149528433,0
9.515576370978653,6.711414199291209,-2.571320987065353,0
-2.617276123815911,9.344264136165368,6.588004403978715,0
0.41087674609716807,6.931015516397256,3.1498811851250217,0
-1.1867023315141285,-1.4618935872739272,-6.145129855752631,0
7.598292534540288,1.040363445913023,-3.949920792971769,0
0.11041583446980496,-5.381166708025111,-7.36458222805928,0
0.15515676377137666,4.870050715581504,-2.340659778713734,0
-7.232568105588868,0.6397663654156371,-5.927027177534452,0
9.654790818207719,6.180691004806832,2.87995907260947,0
-5.000542182623406,5.614654600573395,9.890102084411176,0
3.2629249795041755,4.312711011155248,0.8183962657459727,0
1.9073274031374527,6.001088159027429,1.473331950980194,0
-1.697086920145086,-3.0778551843520985,8.284175793616239,0
-1.556155322386438,-6.547817741954509,0.12010669533875173,0
5.701278420928624,-9.947356888408237,0.8740283928983494,0
6.405066378897793,-2.9513453692231684,-4.621913908770372,0
2.9749422779003627,1.098196676508179,-8.879417335021726,0
-1.6206045244095115,-6.239178148224285,-1.8268463558032781,0
-0.839427668322628,7.1933109533295045,-8.94817057518643,0
-4.867055856278084,-4.844895687437807,1.0098493893183562,0
5.042286653939495,-5.4714078982470005,-3.854127135154137,0
0.2574948461053559,-0.385718870312882,0.6720480305085559,0
1.9210023152190043,-5.698295424298143,8.652599314787192,1
9.91468904102646,-4.562785465481685,7.890424870998697,1
-1.2947544068689236,-6.605895216895101,-6.2000698159543095,0
-3.099663201508678,5.4017806250816385,2.269855437039592,0
-8.905345861500283,-0.7534300508143481,-8.086275853881874,0
-5.915157872631422,4.281740453700349,-2.9086435776769832,0
-1.626097133446315,4.7187078387489105,-4.977754263619878,0
-9.99545923563489,9.323560496690735,7.050212725784103,0
8.300030754950544,6.420638941928619,1.596654825337275,0
6.877588224618581,-5.91033077608353,0.40692673743148333,0
4.8458446297389415,-6.276699285078595,8.614515890907942,1
-7.592728475800278,-7.232428749161633,9.38660250703321,0
-8.647905010552337,4.9632359805739235,-7.4924223178362475,0
4.480583775458424,-0.6069148609675281,-6.788843784736596,0
8.576159213757705,5.658683454797345,3.5347339735977314,0
-1.3892835817392601,4.925097887004108,0.828689532196897,0
-7.617186560079037,2.0922542701044318,-9.630681902135281,0
0.24785641464213093,3.72733213157359,-8.760499280209613,0
-3.0233618508273974,-9.632885512417165,7.7616076451761025,0
-2.503501513000046,-3.764447063899561,7.377415910787725,0
2.4266124831141447,2.7564435851882045,-2.8545815600790974,0
-9.288195383870473,7.037759649407665,6.118112940378037,0
-5.345433021688963,-4.692605337593121,-7.732033453101826,0
-8.923389501830819,3.75925680237418,-1.3254587470796757,0
-6.2024934180816,5.849133382785265,-0.8540040400620423,0
-9.220843073030716,-3.864114337797975,1.01888387681206,0
-2.1637821076565666,-9.279252450016251,-7.88834574191144,0
-3.175111004845588,-3.09640323408739,-5.117263583861873,0
-1.11633186243267,-7.8703647343058725,-6.028951929258142,0
3.511735471348775,-0.1628625721370529,0.5360583771187315,0
0.17788140139760422,5.369355913282677,0.7441635878977735,0
7.228913720426483,-5.567053707648817,-1.2035852433351142,0
7.320713500915129,-4.610198997332732,5.437842926505089,1
-9.801786090176927,-5.145700264028337,0.33308801457205384,0
5.560926129663983,9.833461056633563,2.193909102899683,0
9.776810826073262,1.5104043393224806,-9.499497968722668,0
9.737918907765952,-7.062068622444415,7.683889424567386,1
5.091387224114731,9.417083957354006,-9.652225141491321,0
-5.027902307733873,8.949544687912493,-1.8963579239807782,0
0.7678995857391531,7.691439741165251,8.5245490041166,0
9.842712789571657,-5.708869573399955,-2.9369119543492435,0
7.150612155038473,2.681101120219667,-0.8254235159951833,0
4.127439936199922,9.720558563928595,-6.013522820988523,0
-9.860354762393037,5.3205179903859285,7.188451817226088,0
-5.304911565500574,-6.487470688639954,-0.5584433063997363,0
-3.25338782308469,5.876718242972327,6.7161273923567215,0
6.550473879076343,-0.7030039259189564,4.771189962315903,0
-9.988041223304094,0.7504620040609709,-4.697019955659787,0
-3.843616999477617,9.903188204002426,-9.66213289856963,0
-5.176695713844762,-2.017814008851479,-0.40599674932908414,0
-5.328652778627781,2.308015094184796,7.178246521912829,0
-8.636267604690746,-2.695115967692563,7.916693533803244,0
-6.257514591789965,-2.144287073425901,9.124523941523076,0
1.1109913977123966,3.912815068908163,7.591264752255626,0
-4.17277854324511,8.757739521897669,1.6008711059619678,0
-1.652104353417041,0.8471790098464282,-1.1078880152779824,0
-2.4626623930562292,5.367998578975596,5.496996930681981,0
7.51809849999789,-8.215868823660724,4.796432687311929,1
8.10597998021031,-5.77683925136146,0.7628686016290871,0
-0.14086056688279847,0.04263281839064881,-8.253452548830618,0
-3.396880993687912,-9.599765527424504,8.521626935738375,1
-7.863985919952727,-4.942900424748824,-0.8879492499667574,0
9.0680575876419,0.3480257964993232,-2.733324361674714,0
-8.79546110199405,-9.700776034873986,2.591347903375434,0
-4.046994448634392,-4.709074275479166,3.4767592233395384,0
-4.038675976599917,0.2806163895173892,-5.786241659393971,0
-3.5919742771957015,1.4629849596249134,6.7387768961991235,0
-6.714263134551814,8.515033861106108,-4.2012581267524425,0
-7.550042760680215,-1.7052839494001244,-1.8720029429100506,0
2.6981331830632556,8.607023542661356,4.611201617949305,0
-8.589287248140868,-5.999821577745048,6.185625287428664,0
-6.1974246736258864,3.5162327148546595,-7.187883918469464,0
6.425003091194085,1.1976633115396762,-8.576464022726464,0
0.8926174221427168,5.793472275855114,1.154095238133424,0
-8.442869607824608,4.776101001573728,-4.194050339119313,0
9.10896382876135,2.5042306771503,6.561099459385456,1
-5.0607766601621496,9.727643432577842,3.439757428046521,0
7.19290690705213,0.6717946022081733,9.414563279715889,1
-9.73542374189412,-4.96293275308582,0.02480954850706496,0
0.23560913138961403,5.546042962878365,-5.216464102852476,0
5.388851588431136,9.142141920001027,1.8018679897601544,0
8.695910349855666,3.9359102792868246,-1.1342802784152095,0
6.392497390952897,-0.7922764864991887,-2.7452670405503277,0
7.763826993226083,-2.7118026800919353,-9.661412951489298,0
-6.01560628325847,-2.9399049805632753,0.44190473829577925,0
-4.316314085765425,2.7274541141918114,-3.295043285993378,0
-4.22062950157883,5.025462338754918,-9.973602620313407,0
-2.4589213799660232,3.570341389688288,-3.8411258467613596,0
-2.1335865922962256,-6.031797976128745,-4.42743333820486,0
0.8911064930935098,-0.1202563971301771,-2.131036935527284,0
-6.802404732671173,5.8328014436612605,-7.362960207132061,0
-3.7938303579090498,5.4227209634164435,2.6037113810914487,0
0.06690261212308002,3.225306125301831,6.075098951383811,0
5.928811230469545,-1.8131015823521484,-0.9598342402583775,0
2.9106871282104443,-6.748658626730428,6.208038817179666,1
-6.884534788396596,9.910328971806493,-1.445976583615229,0
0.9409069123115543,-7.622948430475256,4.03198699799194,0
-8.25106996400229,-9.701000577915222,-1.3079526256401621,0
-2.4527364640669846,7.800378022975295,-1.6452761097687478,0
-1.7296693942008172,-5.100929832680878,5.204112490583206,0
-4.520238010600563,6.220307498641386,-3.2282805611685284,0
9.112989345329787,7.179727820642338,-5.516554465061965,0
-9.137997821033519,4.204866838545183,1.5881126217330923,0
-6.418101213436369,-7.692002834383436,5.963416052356905,0
8.955593959384597,6.959433866251807,-2.7099807090241512,0
-7.176018729256302,-2.646839078817833,9.775208117885235,0
5.270316873364244,1.8219076107122802,1.8770872941160164,0
-7.826349212506159,0.07546887449268169,-2.0119939644341045,0
9.625151547825539,2.9190306222409017,6.7107855848285105,1
-2.3676700178173,9.457887787753897,4.597480252852817,0
5.504690777981121,-8.885289469971958,4.985506736482089,1
-3.1481783437773636,1.4792303500325943,-6.077213005322568,0
2.5533775431761736,7.2605755850056966,-0.6335138526288979,0
-6.159678305199265,-0.3723457650314508,7.236562616492055,0
-7.07957961406075,-8.429456281168545,0.08076015257514513,0
8.761282791362625,1.2107870483354173,3.669054868421007,0
8.35294555808867,-3.3585221835235917,1.7586746606852905,0
7.7493788042576455,-6.9011642932412816,6.847135754367642,1
2.5086690033318693,6.980690265669459,-4.3087832047679475,0
-3.7259375048568755,3.8594358754733467,4.639356767054242,0
2.712906439052265,-9.899489932693761,-9.143253576220031,0
-7.029864367126384,-6.0502743669593535,-1.7061969166842736,0
1.9293415082708734,8.215958220977356,-7.518062477806353,0
6.287678413381631,-6.508320306472795,-1.6018490460306474,0
-2.3575301108005364,-4.27879896681429,-6.1153414060883655,0
-7.354625698030366,0.33673535468998317,-1.6888093575336693,0
-6.066236053743539,-4.732727620038415,-2.313219440829446,0
-5.25033389661232,-5.802706454417576,4.76783273872115,0
-4.002048140109276,1.9819865020550491,5.484311163327176,0
2.855901410126183,-8.221409544899522,2.1405730876909335,0
2.0189096907543806,-8.836644825581505,-9.54626315635105,0
6.479953037599564,1.0961351654789588,-9.316091001576224,0
-0.619185049636922,1.3150312844916474,-5.994676905640077,0
6.018774430828607,-2.6909703069345277,1.584423791422136,0
-6.3968270453476155,8.722926708642259,-0.667312600996258,0
-7.8027377251843415,-8.901902181784514,-1.6032243528984669,0
-3.1414067448160825,7.825653296555011,-1.252774168747706,0
3.6774024981806406,6.077694174705069,-8.493117648536986,0
3.8009377681889926,-4.081473020394233,8.410704624792551,1
-3.677973769060589,4.340958774142095,3.6886537916319746,0
-8.885182928251165,-8.314588816384688,-0.6421494373594996,0
-2.2638551589624,4.592132984706851,-8.49044171151942,0
-8.388383754269729,-7.995172594648173,-8.627980302097086,0
-7.056734978101094,4.355210896324618,0.7476768487873624,0
-4.040455290083125,3.5963625043993996,-6.7974351963071955,0
-8.204809988796857,6.6184498164370105,-9.84539465319302,0
8.216525293726306,-9.16808087487061,-1.5377313800842742,0
-9.879059136320432,-9.537786630644156,-7.255655367798681,0
-0.3227956227137714,-2.539858002428785,-6.789691694386175,0
-3.84641821044103,1.1676895514044379,-5.898124925527801,0
8.521191196365308,8.346978030134977,4.309683595487787,0
-6.766108934520263,-2.170405393319685,6.178546144355828,0
9.316646394366654,6.899007545452083,-0.9493271194139865,0
-5.884112460211566,-9.995182509642671,0.13107631762835403,0
4.831322169336591,-6.629707130816316,-9.346899308115947,0
0.9335452979462353,-9.391529206918287,-8.613674772573663,0
7.689574551935184,-3.4370563896986273,-4.848645487009662,0
1.0798651100626184,8.163791913930055,0.8779684142629502,0
0.6911843831261741,-8.060957528020245,4.7910229746998585,0
-6.090839992632002,2.1281955348760064,2.100061226760662,0
-6.675412758966825,-0.9700812176111171,-2.1574429002642344,0
8.329783022310284,8.76936424731625,-7.633518539937237,0
-3.4432360229993186,-7.549617149258124,5.615464697743789,0
5.196473168567767,-9.409160627770135,4.7210802896557915,1
-3.223530351543853,-1.321295007372525,0.2595768382868364,0
4.758555379976006,7.398118677806419,8.145791229051436,0
1.9485848514684,2.0988162639551007,8.420590321076041,0
-9.007881833010345,0.6382139376260483,0.2301672953127749,0
-0.6992733155818005,-1.0996263254928955,8.715996630585828,0
-5.460429210569579,9.99010379417033,-0.8416166560075826,0
4.878103746043038,6.7045858169202965,-7.448175214252457,0
8.384160621074503,7.869181083342319,-1.345901707469002,0
-1.524597601381533,6.464527184929988,-7.458934995239921,0
-3.157347997762101,-7.939166131380347,0.05063368514150213,0
9.231014642751326,-5.451034918704007,1.2255102971242433,1
-1.1029513434491829,-9.937566972871807,-3.2448847701282935,0
-0.21903199101433657,-3.9297975024377703,-8.566987715370306,0
-2.967002553161892,-7.827851953070148,8.87007071266478,0
8.19096946024277,-0.5441330939683393,5.467062269668592,1
1.3791096656370154,3.542549771478038,6.777621610102422,0
5.243491743632893,7.490105900761542,-2.6626321142754117,0
6.236134367017726,4.9843433018179635,5.21662060038901,0
-3.1630191616548364,8.771711915570105,-0.2925420966161152,0
-1.3261133735923991,-8.922034192124224,-5.978330231879081,0
6.969435488125292,-9.756403291669171,-7.511532461855735,0
-2.7348929664837947,3.226762276724253,-3.0989826135588627,0
5.878702669037025,-4.2129517955550755,-7.248957770497206,0
8.819846451488743,-4.929979677884537,9.96537952408137,1
2.4642074613601395,-3.382258246124115,-9.016220195359558,0
4.832545749037777,-4.604078842152717,-1.1771280126184696,0
6.1019462408226985,0.2287281260317453,-0.9581295521923181,0
6.900792977932852,-1.1970310555173498,-3.987361428366489,0
-2.0989332428640806,0.2485710275331261,1.4270313141389064,0
-8.974730816480037,3.4542722300087227,-7.000459516969107,0
-1.96247457526521,-2.2573898205770337,5.678247611744673,0
3.4751245956817947,-4.973846257156865,-3.3510456350472335,0
-0.9929922843841439,-6.675989263825091,1.8268517959728356,0
4.9792630172079715,-3.01051760934749,4.312784721339186,0
-2.8603514106267225,4.836129504923441,7.780842353803223,0
2.69488282208059,5.134098202229392,6.715748729044002,0
-6.271603902920509,3.3381077336842058,2.166180562071192,0
4.987388732899138,-5.319436493862508,-2.2321363923222615,0
0.913919376260516,1.7617249170939537,0.064093401499278,0
-5.918712229067989,1.4137932315369603,5.374695867576051,0
-4.161776530043855,-0.3146760378054907,7.55091085118946,0
4.972174171636647,0.9995797276772844,-7.924361436466563,0
-0.3479752867695858,-0.16418734752663866,-2.3028747501389297,0
-5.6793711921385555,1.3091273214821637,5.522331968270011,0
4.302500396337759,-7.807436111931205,-3.355444718674323,0
-1.4578990927931361,-7.2822769974481165,2.0568949357270156,0
-0.49799318616559063,-8.667440031792506,9.99610288267603,1
7.959104323700384,9.521593724429351,-0.14015141790936525,0
0.5009868049076935,9.13983537740883,-5.830110500914789,0
4.145578238113343,-8.79126910118872,-6.743068494418106,0
-4.956542450089401,-1.1349311705007565,-9.153005050471714,0
-7.531002683792898,-0.2931020573116392,0.8914418297766851,0
-5.8803992824607665,6.603544859991747,-5.895321464393817,0
-9.981131694647377,9.012235494857805,3.9065881290513396,0
-9.214698967026795,2.6850530690307473,4.822140832593615,0
9.545676463538587,-2.921886655763659,-4.818035892357775,0
-5.1529260972647535,2.0665113128919685,-3.1180047194052696,0
3.2662141900800385,-3.7599738778309932,9.809433446945132,1
6.781993975992229,8.196472816641208,-2.5147106429853157,0
1.0132091847312843,7.408009262116739,5.216033435122036,0
-6.937109998320876,1.1646350055932189,-0.9454914674012009,0
4.5623287467233276,-3.504021692392789,5.866896557219519,1
2.00502820199166,-4.132206488340433,5.380464775652957,0
4.625011786947502,-9.33164010589881,3.3551205039707117,1
5.394932457141744,6.316417020505906,7.095566925911584,0
9.508207353694903,-0.9923357392198398,8.784369897553702,1
1.471265600534199,-3.4973414319947116,1.599666409041678,0
-3.1671777461879635,-0.5777929000449227,-5.250621855545086,0
2.969291138004742,6.374759809093039,-2.0274207671184996,0
-8.631185815147477,-7.507715845849576,5.166114270265865,0
-3.443143242283635,8.934158300677765,-8.975209177071505,0
1.946247566614236,-5.6571919192465625,-4.978419519413093,0
