feature_0,feature_1,feature_2,feature_3,feature_4,feature_5,feature_6,target
-0.220176591905191,-0.9381594267349955,-4.194505177590948,-1.633899810247068,4.6554585275973,-1.0504782126950807,1.8110566165538389,0.128015472677785
7.407883043014898,-1.8451180817351975,-19.165039303508834,2.438530836423489,4.129461616840201,4.71707726654164,3.5809157233289,8.053157158549158e-07
-23.111735240548153,3.5054415839254602,-26.851295496443772,1.1517020517789023,1.0686765215850969,-3.4693659254593756,-1.418941526633184,1.7198368639585061e-09
16.787974676740227,-0.5378195631052209,-22.25754482438741,3.1881610696035683,-0.8148890271974087,0.13143847892390603,-1.377500065497883,6.784529077334062e-08
-0.7078076877139168,2.32605149499737,31.723481190266995,1.2988875735148273,-0.948768757522731,-0.7911595852048139,0.7568364403855288,385877173425.7822
-36.02215169704233,-3.1247476776095837,-38.86533639075019,0.21174505125418097,4.831925743349634,-1.0994059067519402,-4.607503946815709,1.1518128544269582e-13
-19.6042153660066,4.311989311009288,12.643722895425249,-2.542293210308244,3.489453864324325,3.287627598379453,-2.188724764766581,90669.6822656846
-46.88830648225293,-0.4046430538059482,-22.32121133634857,-3.0304394971737625,-1.9263403633243694,3.0501287372464265,-3.0333412976055274,6.447623896996118e-08
12.803230296083541,0.5204425361593357,18.217467418849537,2.991630713892982,-2.299284609390816,-2.505900020378978,3.891431356641764,7833922.771803697
45.038251444340034,0.4808894220476052,17.897078391074288,2.7534605133955834,-3.936432948260661,-3.6638114860581528,4.80505406143037,6062681.263163552
44.98331195707007,-0.7177854587015,29.671741858774283,-2.9830762165862925,-0.31315448753597686,-2.2944759858492727,-1.6243559755999417,74748388243.09267
-38.23367627904377,4.78807926123547,-45.4197837477267,1.9184261097987125,-4.500233849092035,1.1670977527056046,-0.2688331457198876,6.083221999393574e-16
32.36047878334798,-4.058378321800612,41.25982744103685,-0.46135159710423856,2.4422112564281795,1.308775556386208,-2.393310258882523,793807379637251.1
-50.54228820919886,-1.4751767980922015,-28.618401366293334,3.8191314438981134,-1.9364747652393222,1.5281535247461164,-4.778566718820278,4.183423108613661e-10
-5.67153924249337,-0.8144851463165352,-19.63626987274838,-1.2558651955932376,4.4374337520790945,-0.41371098860318867,-2.701386739635959,5.523875806478356e-07
44.20209840519781,-4.435513885003153,48.90636234503387,1.8610551268781839,-3.651096839676561,2.5939237156556594,0.19018576748605653,3.600754097768518e+17
-14.555142943292317,4.153882952082576,-31.411849707887107,-4.551238720091577,3.3010985911054274,-2.9459768629666128,-4.071834743451932,4.4770137773887317e-11
31.466483561937775,-1.6290084647481429,48.87248354111614,-2.1589553220576043,-0.8846933206076795,4.412631097072596,-2.77053831248773,3.504473348504627e+17
26.063023743234243,-3.1164788127596044,25.008423137196516,-0.3715934798675633,-4.3118730944845645,-4.527004504930251,4.220803456715874,1792251539.6508706
-19.121002912390132,-3.4950693409662534,-27.7613954885658,-1.1502637482010156,4.911579267290801,-2.7871393120454,-0.055182592130343266,8.303976853996457e-10
-62.57399778138903,-2.480336273624398,-35.209609167026855,4.090280761187424,2.565102915448029,3.0621179866356325,-0.03898586898228906,2.1454166636565565e-12
1.2055877337531475,-3.63967125678214,1.5790275111460161,-2.0122926761631774,4.7944698956490654,3.957653022335389,4.264716144393875,12.97756385202099
-46.72104200334694,0.1394712506369462,-10.574168142653086,-3.5940365957400955,-2.514644259360348,2.4232739659947464,4.883819239636548,0.0007775718441546343
-43.62840816935841,-3.2876787148411966,-43.011987462779075,-0.196760157149928,0.5697011440918853,-4.40474596414783,2.5626761117484946,4.1753008879975504e-15
-31.835592368445035,4.910450190069536,-16.177422980602962,1.3778759175683843,-0.13587672230723324,1.9704133414217795,4.296201782252277,8.7896260970412e-06
-71.4900861335985,-3.5828372325217717,-48.89627787098589,-0.5900312052020853,1.9850852130501764,3.5699523180881716,-0.7982948927621036,3.7694318384079924e-17
41.834912547960215,-4.537235149024489,26.752785806101826,1.7129760931152473,2.9817083637358817,0.3776613376561162,-1.9196152619970341,7235234764.015125
42.47481985188669,1.622004418777018,37.47221304561582,1.981718388069016,3.875609657890431,-0.585373873558952,3.608339912720824,38349800302514.734
-9.364978971498552,-0.17583644840736845,3.359432071557066,2.442314094364516,0.6117863549307758,-0.6489128542951637,-2.1699524138674975,53.92238281204378
-49.976160989289596,-1.4666553194039986,-41.55872504714113,3.8709766412516498,2.924400271178543,-4.116514173350444,3.6944452680587574,1.3353738154158258e-14
46.097724560037705,3.879978708278248,32.43311957229707,-0.12703045860556728,-3.69739341633574,-1.898032040299562,4.413508975500713,680773615176.016
9.184273257737736,1.3896967690182302,0.45811950103560406,-1.1489762785193394,-1.164188278819048,3.656919345175563,-0.07272430750113834,5.293584421555085
40.78762696386908,2.8128217766546646,38.161862689366416,-3.384780305391396,3.3399633301682723,-3.1711018487440246,3.6231371131716568,66584314751354.875
-30.723516581460608,1.7190792382491669,-32.59537151873354,-1.386108422320297,-1.3008287439294275,-1.3696401842139174,-1.8891319478400126,1.7369640804076656e-11
-19.9625389283588,0.4172190781046403,-9.704211365484426,-2.491311101540994,-4.694220900421686,1.2789050760216725,-2.2446520057673016,0.0015595326399418484
45.58770213424196,-3.26311707784561,33.212654408645435,1.8279564115441413,-4.066025958387112,1.527130707362204,-0.3450360135476114,1270108603000.2544
15.170352574995746,0.4966344267873657,47.86624717697387,2.7542170820797507,-2.1054866187717938,-4.311937561886305,-1.8679649471425988,1.566824814972448e+17
44.851481456845754,0.8026206011931709,11.916476520480387,2.313200898488839,3.40061141420931,1.2846520809947828,-2.617441543554513,50674.65769477992
27.018796311207087,1.2550167419807217,36.99206553257312,4.1463659850092505,3.745605437731095,1.648073962722421,-2.786651213229845,26118171813433.363
-28.78632042206905,-1.4788448927414488,-25.112309991966043,-2.2318794542708043,1.6693229684243738,-3.3539735753870072,1.0554147179380458,6.913097794827153e-09
38.211636251382316,-2.8170364280628424,14.30339587879429,0.6395501743974954,-1.5461412918351702,-0.7618578942404302,4.788680198943069,342051.538833835
7.156884590113407,4.291689724354557,-19.954934102929833,-0.5871435707850541,-2.2706060430809636,0.5802942515551281,-2.219724503080892,4.2808362182875367e-07
-41.789249748147014,-2.480328833320846,-25.463944725695132,-0.8798012357378564,-1.1180433942531485,4.706112722272374,4.656409013806362,5.217978448012659e-09
31.160812818498673,-4.973015330616068,4.602368333794757,-4.435281939381034,1.589832185009894,-0.747948943566703,0.13136457173957972,145.75026844335568
-53.537999941698054,3.5109197588850876,-38.0239157833476,3.3189149647538834,4.093597815713398,-1.9112504316028769,1.8825881643686504,2.257986715134572e-13
-42.86208631143349,2.8426313528857152,-15.690329448519194,2.5315798178737836,-1.531952458638549,1.8042282214278877,1.8655292089943298,1.2977888168406193e-05
57.032450640632575,-4.28543909618954,13.17869650748763,-3.4735720537527373,1.0723192317871746,-1.7980496965375004,3.236922986306171,139101.22799114962
32.04546084740435,-0.8115721041182669,33.15519215568318,4.9370396082381145,-0.4511342488900887,3.5372856533540435,3.682953883748736,1213043642894.9348
-20.183867558733034,-4.200890395643678,-14.461210711095127,2.1146232650009473,-0.3584603964199049,2.006929290255057,0.9862715825014945,3.469314056216742e-05
-24.273528473544182,-0.4806563591018511,-26.458823505350836,-1.2104562720499046,4.274252956774912,-2.4372933476240775,4.408928027458822,2.354214279842439e-09
25.042818929222562,-1.61398381114926,30.20353330309429,-3.303322637889823,3.80125114674993,1.713549521759612,1.9356514699595078,114383953846.58315
-19.97973291270151,2.103960424788357,10.371286196585757,0.8266332050995366,0.7116506964092668,1.197910893264396,0.7803094290550128,14720.979869202223
-11.098554977253148,2.2052198518804333,-0.6369860973973758,1.4733649120468275,-1.55051116286426,-3.2871057641277925,3.7320599658965374,2.2043024774184476
-3.970010090480997,4.623415298709542,43.30511565472905,-3.7763278512880296,1.8160268590241255,-3.787107231614738,1.5570899164253014,4076815336611676.0
-9.445746151841465,4.712716022258206,15.311175235395979,2.6505724513651625,1.1052881272189001,2.6978688516104388,4.917206304305694,766002.0985319215
35.95647402465766,-1.5617557711212946,17.884942496420734,-2.0098077487807444,-4.014336865200433,-1.4795320630059772,-1.5538295358318566,6004105.223430237
-28.872194282168902,-0.604203034574625,-18.834113016346866,-2.4765131317309983,1.471818118082834,0.7893374804734226,4.8486410063065595,1.0494016503048498e-06
-10.742576096215295,-0.05989599839630788,-37.98576060887968,-4.271644795658991,-4.922720352608608,-4.989867658999173,-2.336559444485753,2.3279725110210993e-13
-50.12093882695302,-3.267963147585773,-34.50817664984509,0.10234646991012752,-1.1307832346711768,0.9904892073225993,1.7615288932376396,3.760228760285195e-12
50.42922640220212,2.398801918780614,26.611196699391186,-1.2357155866503389,-3.736745268356426,3.0267601556153263,-0.01985184199605783,6460401855.325831
19.467757901700026,2.223371651570167,1.2502889862026194,-1.8419061993474974,-3.4124051338466344,3.0288087489119757,-0.5656149865496509,9.976488642276475
10.443538828193047,3.663691938223515,-3.8396026308409787,3.8083115311905065,-4.165769550614615,-0.5526903235552885,-4.839322456691949,0.17004671175048097
29.920453417703964,4.6051718088829166,25.266262787941898,4.363123366571973,-0.13115910848396872,1.281906648423342,3.461666808626342,2202833295.5756536
33.45026314323357,2.147724549280583,45.11063320046827,-3.0996408070574857,-4.046021771789902,-2.20836657927578,-3.1542850740933726,1.728311762928596e+16
-35.50202173698118,-2.1999977372423354,-36.30592294036468,4.525213728525184,-4.912503961064853,-4.989640266649642,-0.4737377706326198,8.925102896607081e-13
34.59331795105667,1.8303927821724209,44.91856569629708,2.6088758891268853,-4.513605843814576,-1.5305482720001349,-1.2386260410016767,1.4821460468236654e+16
-32.60009672961897,2.6777892355007555,-38.451683232704156,-4.992127514335563,-1.5588139801250458,-0.6441186944882036,-2.132076868911945,1.6036136642906034e-13
50.67719151971385,3.936663150724449,49.02744263030846,-2.8476866526077904,2.4797856986174303,-3.352986867815293,-2.507293591977003,3.966989613676864e+17
16.60840937536291,3.7013796851365015,-5.9868144638147385,1.6702067379136185,4.72787624577597,-0.8558566184125382,2.4692330603021553,0.030517604320239852
-36.43430998575793,3.6955926519054287,-35.78491381856962,4.188076765578254,2.6038959064927525,-1.4816055161841755,3.381258423379668,1.3540364049224683e-12
20.38790077813342,2.2143190916566704,17.279066090475553,-4.413832513455858,-0.024030817575134478,-3.2515991831229063,1.905078702850397,3697815.775595609
-11.79488557901574,2.0030588829070393,-23.4636798599174,-2.265330448077396,-0.41163366976458526,-0.9336514670386,0.7178757602700525,2.585029334896513e-08
7.564510172827727,-1.108754213423624,7.347897182543683,4.961056420931564,-2.214856486581309,0.14663991607115356,-4.6954199037086095,1310.701469832186
-4.120427489104671,-2.829854143686222,-38.63880057391037,3.2168985090850732,0.3814837473248689,4.814818137028546,3.166738339649955,1.3806656663588562e-13
29.14434549513919,2.600648064819201,35.961090072432356,-1.8225496588215306,-1.5476877369817021,1.5367895743935804,2.6313347129163773,11448410987866.107
-47.915134608271885,-3.765159799256037,-49.69165013059925,-0.6895882613630588,0.1497261692239471,-0.5760552099887626,0.4358163455779174,1.9949649403327756e-17
-11.705006702792968,-1.6618031676978342,3.450767742628159,2.948525350595286,-0.06719498799054424,-4.342191390563329,-4.675393441250073,58.00992949611323
12.229078448043001,0.8412016008580858,-4.44324585188928,-0.8618872375679967,0.615190056202569,-4.813749197904855,1.5630620907424264,0.10491584970625463
2.081017395387245,-0.44829625599883105,-4.20329940891024,-3.056213658755722,2.606091395163314,-0.8000876886631767,-3.5487194922402567,0.12711799528579912
13.474020341435759,2.4075971332422252,20.428905975857376,2.972476883121865,-4.6138064032637605,-0.6626466441254415,-0.8822242550861557,45952774.26536666
-21.28297623328516,0.5152281031017782,-45.9380699382545,0.9409854573538983,0.5003531559244054,-1.4986461812764418,3.6077783618410173,4.018487296056706e-16
11.862860678743061,0.4185860129604926,-27.845402716875846,4.886143568964421,-2.7406968931591704,-0.902867716800932,-2.728569469849477,7.764241395309346e-10
9.38119476148054,-1.4839049544981031,-15.316727202226666,0.9152015024808584,-3.8726335656816957,4.464061623168391,2.0953269899165115,1.7498738562401518e-05
48.52711139266857,1.7726210418485415,45.85371858867188,2.7429283599837104,-4.7358928862597764,-2.634818311182363,1.832153275082275,3.1318171118999416e+16
23.374154890827853,0.25790328505001714,-2.6849700237969145,-4.5856311454868335,-0.010387057453071336,4.508528543237617,2.119046456160225,0.4282808876774046
67.80510258263797,-2.940045553968554,12.075745711706972,3.0705663586123997,0.5920458631506627,1.3386720948947914,-4.114002652737675,57560.7717906219
-6.784941615845339,-3.8455040654678507,-12.40128897013684,1.404369807051049,4.589682422631881,1.7623991971151165,1.4752658739473956,0.00018027426430859662
-45.55311143673931,-4.238873922827255,-13.208339703874103,0.23816574685077274,2.693452012497991,4.730479495055416,4.5260966376914205,9.452258445280745e-05
-10.860821836486014,0.5283492673730459,4.92852455390711,-3.177475764066818,-4.4227638966855025,-4.800050098946976,-2.821785324953834,189.20283546854336
-27.046176966192423,-2.261319603470074,2.716092041127837,0.39477718908027803,2.6789009571951903,2.3331064843437233,2.759046096570418,32.22922446125569
10.756652569683407,-0.8590005323366441,35.615145345085466,2.816046139110365,-0.8062414630609185,-3.8619193331106483,-0.5619848419767912,8680639144668.769
21.880965866003187,-1.8570319667962831,24.25894694272182,-3.4039253358010715,3.4739192923739193,0.8738492567553271,-3.130084304157601,984020761.7933849
11.749991663817145,2.87775649837884,7.062531408592342,-4.3525840374723055,-0.8738026441106541,0.8400715685770708,0.689544980706529,1043.175939601259
36.84720122267284,-4.468541150605686,14.87485913271719,1.3118300019610851,-1.740536024064875,-1.7013178011852057,-2.965329120946536,540304.0448855051
-30.05685781166453,1.3084788954670774,-48.53459244409234,0.25997322474896034,-0.11875771723578588,-0.9249425852969129,-4.53746367248805,5.034290615730267e-17
-56.299211518546855,-2.978847884503535,-42.74246771164398,-0.20844453584103562,-2.5318138937103827,0.7625414306543279,2.165745389902627,5.1799853371195936e-15
0.07782769930916977,-4.71527669959139,7.9595850732120965,3.4782465415514245,3.5016602773536967,-0.6865346564506405,-1.6734730197307943,2138.0897272960387
10.863117334241576,4.665325928301723,39.69776464372747,-3.4148371592027904,4.612391420072173,-0.7634296880430211,4.83168571443095,227509182235999.62
-28.54498734698365,-0.7560160179667799,-17.365440279598673,-1.6306429441464254,-3.133661428490895,4.990250287776881,-3.855676354026254,3.3979025162973127e-06
-39.28150514953714,1.8696685787834513,-21.28418407913417,2.973259535562292,0.5933295589020151,-1.6674942892802704,2.657332766566114,1.4780865617894364e-07
-1.7078256122291844,0.9878432934257262,-12.945996255775412,1.9232924485840277,-2.6167071013371257,4.253100077716695,3.542503951025429,0.00011659583505564008
-12.436795619851985,-4.925445779187961,-0.44740990795077806,2.113348488587649,0.7416023072034719,-1.756112098639239,0.7801412938837622,2.5652913877674792
20.092311940480677,3.276276575812407,-11.845689917203352,3.032081155042631,-3.2233980839081,-4.993141450363962,-4.7870974257291685,0.0002811697625771722
-59.49777262986612,4.281242537912691,-46.773921462504106,-2.2800066116914817,1.8949667047236671,3.890322962213931,3.1715834592357943,2.0590080092286425e-16
13.57667551475301,-3.885799937987459,-4.905950284897052,-3.627011730538663,-4.968662965833256,-2.8454836602168765,0.7395353635009148,0.0724571281481119
18.00010283596488,0.00339376979040118,44.83645146660355,2.240850329505016,3.2411678856637565,-4.960307833186284,-4.802535267779108,1.3879109255896514e+16
1.2302068964569663,4.4870533042836005,-9.942061995127816,0.48025234587650445,2.508088938340353,-3.779503997567054,2.714272503301985,0.0012893080548562956
17.288708173548955,-1.8411426633533035,47.969013103570205,-4.24420525081783,3.6389813776046296,-3.9433231898958363,2.9594991545559504,1.701080950038905e+17
-13.887752493350355,-1.4357536064392082,7.877133080780617,3.9999022296949,0.2506115207434503,2.333648881768572,1.3216981635706126,2001.6086567622726
54.75630295975108,-3.809976507765648,24.823785025319694,1.3000046991545053,-0.10288066501551718,-3.5700995491908416,1.8822269291852134,1546141052.875054
5.094568690116493,2.5487212610827212,-27.10644261017656,4.767712394505276,0.585150848234842,-4.324173615958928,-0.3164761875484059,1.4022971996863936e-09
-0.660669292260593,-3.1569897692787596,37.71427716127424,3.518573703068368,-4.386665950935159,-1.509781174932554,-4.776422043234282,46544116887862.625
-9.470013536915573,-4.15647665600722,-2.964866110534622,-0.6915445464785508,2.40790877061868,-1.3395352870048125,-1.3547323077480788,0.34235985468225794
-5.68527490671819,-0.5071169410794552,2.4013970476805966,3.045848942004932,-0.9973323693321667,2.5240362627666224,-3.633901397724931,25.05610820046256
64.40892702675477,-0.24375941233932075,43.0065270422848,-0.4598932871768149,4.230519112419788,-3.29219046308707,-3.9989097160308495,3210559557463001.5
-53.777101701717655,-3.823458313999425,-48.14672390459054,2.7637259012206474,-2.089057304540698,3.989397580610591,-4.073273090119772,6.865902243898221e-17
-12.211527374620907,-2.2372140062783705,-11.248115002728639,3.522347065591271,-3.9461774167850816,-4.764627943835023,0.5432390530045508,0.00045351056042652405
-85.99175416244285,1.6369808835883948,-48.85715305210396,3.9283255760227433,1.0700608819414237,0.4890465003723987,-3.266402406425412,3.8892803449433736e-17
-23.797615189460146,-4.590581479451988,-17.969048125373313,-2.338958524179422,-3.8508158032289233,-1.3274340606904058,4.689680858854286,2.0965058073904976e-06
74.02577701447878,1.3958897972964976,36.66504395882774,-0.005872650556267622,1.1684269402358662,0.7222497084018489,3.292771570976104,20105915015141.855
78.54941071258258,3.083381035121487,45.818696784223505,3.0348792359479653,-1.7394293134659975,-3.255780676275143,2.314472988362091,3.045289405412762e+16
-12.88810659955174,-0.20932099214638544,-17.86186743299959,2.9674348063321387,-3.688196132834406,-3.960785719311416,2.1310520293136728,2.2842017312648953e-06
-9.439449458631096,-3.398683406567634,17.310887713631203,-3.2674800657468985,-4.9352578157845315,-2.267523925289786,-1.1155206583862256,3793160.637838791
55.14113957428978,0.7348885218373411,18.364812500621213,3.3796506018239914,-0.7918315467735884,2.047974801110093,4.770608306329006,8813983.042875426
4.4598496327415535,-2.051491270503912,19.12147767614077,-3.9617899316549767,-2.7236628615451575,-0.8763048084826899,-2.7064383129625336,16145987.760941396
-11.531622049616482,2.5077952588835464,-4.319029713950705,1.4160871063256497,1.4926165049559241,-1.7131123964711192,2.6451483519545205,0.11587725772302687
24.016767472374482,0.27167770564242577,39.79027761382899,-3.9830506268790744,2.836071168524146,-0.6161030078559016,2.0702061384062063,244985977725818.56
80.3731823586769,-4.732753462569398,47.441658858914465,-2.5547088809998373,-2.5073071955305357,-4.00813049140567,-0.19247347026701433,1.1155867573059602e+17
25.75380726065929,4.383263642334413,25.76618006228408,1.3648626280343095,-3.669713583112657,-1.0716333345351234,3.913125643199688,3286023637.1563544
-13.935224979545445,-4.490083194733461,-30.369893104527566,-1.8720400937822648,0.7758384145776143,-4.898497507804146,0.11685955654236135,1.0303890468551594e-10
-3.7879627842074175,-1.8109441790294634,1.2848971911940978,0.33483501895637424,3.1033326082049566,4.017076365525355,0.3296724249552332,10.256562585510093
-3.4655948465963604,3.31036288232799,44.07518467993805,-3.4026029783730616,4.600746326936386,-4.670338852129076,-1.2606404541951557,7548669699842431.0
10.912961112369796,0.36746870638153606,7.627653804432164,3.4411916134375335,0.34038126618598863,-1.2792937987268216,0.6914604844143621,1639.4613857391932
1.2549510915134139,3.033901045748822,13.49106209322155,-2.788449224197217,-0.11080205429124312,-2.502308731748617,-3.8382410751299503,178590.30713250538
-28.256734671576027,2.8217042370134804,-21.84809094379878,-4.395362030815615,3.553088911661316,2.740595041515949,-2.444582095542355,9.414094572901388e-08
45.7212754607463,3.6470170722805193,24.750842374790707,-4.249713172785896,-0.5968962378552911,-1.1029582710438044,2.0024988397050763,1458499347.4096613
42.982970178791234,-4.855774042462759,11.255487375815342,0.47755695595896963,1.2778325138145243,-3.6827417985108912,0.5907192619104782,29863.42900750648
1.099480857499831,2.890906577932448,-13.453964924959486,2.389963720738012,3.725791180020014,1.619998618789075,0.5293400105823416,7.765986748832414e-05
-21.109716473319235,-2.704432254434397,-14.994091032875922,-1.6482902366907548,2.1895047694162777,-1.0541655553498086,-4.750231114560776,2.2651764044677058e-05
-3.961007033394779,3.4773970501824962,-33.93455398610328,2.934754508097175,1.6622812063090358,-3.0876929354230764,-4.119446489622832,5.949920910081544e-12
-11.107723421871544,-4.5185598204476705,-30.289710674352488,-2.7841938353575624,0.8411260293785325,2.839417594835859,-4.668697889238283,1.0986502604870106e-10
4.095999682625671,-2.8212656820044444,29.11434964601034,3.0098358301135466,-4.083663187398471,2.5184124871520064,3.8128997523732835,47856831647.56279
-12.053020994543449,1.9889259248326674,-5.89980705447698,-2.8074694341524276,3.565156366222306,1.875322989817012,0.4313963724996963,0.032717484703036356
20.88838956439383,-4.206699329824266,42.98438807015128,-2.2288556962029094,-2.9655132741045898,0.931217657528336,-1.2388855805458054,3154197360374199.5
61.601560089132676,1.2736010721697753,43.47490055492898,0.620355518140582,-2.3899047306723356,0.8551442829117573,-0.9388462489400133,4669929844759349.0
18.3550995407361,-0.46817314343363226,24.68207117749138,1.984820360394279,1.1636675235138743,0.8409019242407787,0.3705156869548336,1380424561.4065053
-36.28528644054701,-1.1191805440800575,-35.18290419591348,-1.0858986219147502,-0.415743701442274,0.4932339036875808,3.8384322363646177,2.1917444060281722e-12
-48.682383925935454,-2.693091777305301,-19.90873887534006,-3.5936081496170846,3.335779259965065,0.9644182611203362,1.2044690989488958,4.4419992236008207e-07
-29.48089409537246,4.967364087023025,-28.18504383017807,-1.824943699800409,-4.45133188834732,4.199146879112552,4.981443123786384,5.916918950101182e-10
16.80872601305431,0.06013594197189409,32.25954137943633,-3.7755481164881397,3.8592406388785285,2.1809009724519326,-1.1347015491242485,592509713283.6885
18.46211947741196,0.3886424604841281,8.563296585001687,0.8050901150602101,2.2577012800612186,4.933941997723467,-1.020508360390544,3465.586869541154
6.256045591038668,2.4535245970938515,4.675160470412763,1.26924463340543,1.5503845196650357,2.4878962303008834,4.821246131307337,154.4898465924721
77.80065945136819,4.979757497217884,45.706680656230816,-4.162563597585858,3.8262466270547932,-3.6327262303963384,1.423941583763714,2.7842625285652836e+16
28.90210670723766,0.23872336099566915,41.69699579738865,-2.3474669368388437,-1.5897036148276888,4.479631062361772,-0.7766759130288072,1126167463608084.0
-78.7371219398835,-4.755967450447814,-40.73552537563937,-3.6349372671920035,-2.571190642346547,-4.382005368116969,-1.7254177035103946,2.5799525348134025e-14
-0.020745638048526915,0.6204031313673841,1.6549165142747526,-3.520770171633009,2.085974567247863,0.8030729343539624,2.6912441199809205,13.789855476242554
16.625144706411085,-4.794091808973395,-11.430706107487623,2.276775661785919,-2.254110208658169,0.9940757819675392,-2.311890697882535,0.0003918760818065202
2.041950347137295,-4.256526498268499,17.537372249941058,0.1598401924854187,-0.8441038829331093,-0.06844371423425955,3.0523212255544436,4546634.286519386
34.32336772720848,-2.085076511293571,17.592241459153186,-2.2588887913736033,-2.057652692634967,-3.0209431020944413,-0.7663735278256034,4750655.503956582
-12.66447393522369,2.0297345235776394,-6.022984123538343,0.07310577940852703,2.4052700822873057,4.924019730015154,1.9080766846951347,0.02964720872347894
25.42653978731635,-1.9608085325923041,20.42170244204658,-3.6917243993409166,-2.8047578052710853,2.610837685478998,3.768033608527258,45688717.961056106
-25.278209268091786,-2.640627560548893,-29.58171728309418,-2.299260786992626,3.7721337503827783,4.964485351891311,2.5950617913136096,1.9357156507702515e-10
7.75329881370714,-4.319472075380558,25.74435827196659,3.6673424325681943,-1.9674057681972092,-2.6686877229770687,-4.140435319938742,3229155928.463758
-24.30196920596843,-1.324729470152529,-21.895916239690717,1.8489347369312616,-3.4122973613205856,4.114462073074003,2.4172046034452883,9.060712435242632e-08
31.91321557412175,3.8624026161811553,21.77059903328741,-3.5525764273469784,-2.748355366652786,-2.9448829075405603,0.1022386616166937,134419925.01030678
-11.686295810197123,4.8909576203328555,20.043165089510467,2.9909831245948766,-2.4628819753490463,4.024867614607274,1.2723575648356524,33751387.02948845
42.6234948376785,4.931648323606263,46.6957953088955,-4.899556979646766,-1.0591968915149632,-2.090106951396481,4.370787281221279,6.142763726518437e+16
-1.26595099494061,2.332558406861814,43.26915315210455,3.442366531869709,-1.3326172931724036,-3.3817771712808997,4.527390372347309,3961196502689539.5
-8.389476382951916,0.19262324310444612,9.87795917966887,2.428720722866534,1.252276462276428,-1.7207049070753677,2.9524130876985666,9920.586720435465
37.587878062627524,-3.5171157635264483,27.510667662248053,1.8338888314286406,0.19434364081014532,-0.0740689858118575,-0.3980590723242212,13266848013.020807
-42.56950804232648,-2.769665262617236,0.3798421425904337,-3.9233692620492153,-3.108792137143502,4.829933619064647,-2.913032420599534,4.972256265591505
-4.143565826273129,0.955724913504036,-12.63519360634168,-3.1495602709085038,0.7167301423989443,4.699080533786171,3.1030272217124075,0.00014950886263168426
-18.390377553580183,-3.8930425740385175,7.135708597286083,-4.5911137895705885,-0.1892110991164504,2.7108623962022813,-4.347612639249015,1106.0682376006878
14.944492905788195,-2.672741728176814,42.320883546483444,0.18129582158745094,3.0276984299068115,1.9214756371929775,0.24623977325780455,1855084861172946.5
48.94381926345222,-3.809165561567014,44.974320401746255,2.375631532841494,-4.31456917403815,-2.696187221183891,-0.5645687091444636,1.5497518688328376e+16
-24.274495158167557,-4.501971714420438,-27.327667864658444,0.9867597692720089,3.486112667523983,-2.1930578151678324,-2.1092947161850195,1.1748395031700238e-09
55.66479618302477,-0.5097317894540936,46.31973661128066,0.15312725441597674,2.95619810415473,2.9231563086130326,-3.2533015729772896,4.5468186977957944e+16
2.5327284321101757,-0.9180008413337237,11.011348481733805,-0.452581109304254,-3.223930492396978,4.691575200174723,0.06602458978662273,24565.02065387491
-24.27609612291175,1.553275937847431,-24.57691969710175,-4.735138221706703,-3.26091043263255,-4.082910047904964,-3.495608650187222,1.0609290497364713e-08
28.13737273569847,-3.144161097432648,10.550727304073163,-2.211532301277135,2.4559818491911836,-1.8677530987432247,1.7485493669163832,16993.4260151672
11.893264033058287,-3.134660288927036,14.054935453550002,-0.3774316830321842,-4.9974670751550985,-3.5267014332670197,-2.5411350933003463,280393.2504879944
57.36402321995722,1.85865568438021,35.273037014425356,-4.33838905320415,-0.06432502281344199,2.379747205819399,-3.824546267212525,6602236766362.689
-56.388542092325764,-4.9887329718275915,-30.252782328087534,-1.904955301664255,-0.7575622902924604,-2.928383384111811,-2.7669389869443806,1.1315915209814291e-10
-35.044650412979365,-1.1343174823426216,-4.042586185379349,3.7785000746075923,2.3641949257290378,-0.14418442992717218,4.496094462844793,0.1445587979010937
-16.712989319879036,1.2300146362424966,-8.428264463895474,-4.536198798101138,1.2617883136313344,2.021076105845019,-2.7722525119943455,0.0043281651869920565
21.838823041734017,-1.6736820538918873,49.0277897282601,1.7076947714298303,-4.306083609386867,-0.9744155115863844,-0.9542188272587389,3.968091313804205e+17
-24.924560103285152,4.054671147979821,-16.279055095833762,-2.0654024087303857,3.76118645249478,3.3067013617595133,4.813283384389296,8.10326025486412e-06
-28.126849509780904,-0.7375879119131898,-19.36212759571311,-4.142542413923493,-1.352182456606934,-0.45320185400301227,1.9756896143443567,6.878451640661957e-07
-75.01570027428428,1.1473268685559077,-34.86091834051496,4.901588269353091,-4.936645251239896,-1.2957801776920985,-4.625839691064918,2.8356932602148197e-12
-10.956039335828304,-1.7944177739724356,-19.87346268366733,4.514211769586163,-0.7760523906590286,-0.21847763326602276,-4.767801283602422,4.5691422874700414e-07
-4.832128075427093,2.5557580592668163,22.15860529378621,0.9054020712992035,-1.3356721022199003,0.8975110288914125,2.7276277125230086,183345743.12947556
-19.47224930914861,3.5180206480337457,-14.397890063527498,3.9869315433501598,-1.6236534418580382,1.8878470136771845,2.1739196222062365,3.649584823535804e-05
54.008913819483595,2.040014886927554,36.28841167411014,-2.448868693250362,4.59848829112579,0.8086504415078597,2.7215192152719396,14875390800060.586
64.07243201764057,2.502569475260165,16.60876728098026,4.512500855441312,-4.674257329455975,-2.837548936327839,0.8826401001703497,2163015.4002882405
-64.60895399764163,2.109904386748692,-45.745559263915766,-3.964137193554497,1.9084562181523443,-3.408462519594906,-2.320405088404219,4.68756883867226e-16
27.12764899137551,-4.179073563733308,29.325898277766996,-1.0540025370725195,-2.338757059613984,3.2965648503640868,0.22529091476289054,56681778104.69586
-6.1623312074868934,1.384292297103321,-7.188085517339523,-3.7852815952104235,-3.581876433392294,-1.3322499849890033,3.525776207380556,0.011673097848632123
-19.36134894066867,0.28061554672253575,-0.17863654901447745,2.733035029436664,-1.7138664602483455,4.598275979126072,-4.455486956016662,3.1806664833413545
-31.81320911006585,-4.865469373693802,10.931933207613433,4.831697110110726,3.5830664695288075,3.8838045448405296,-3.4808923879618536,23052.89336378055
59.64130418147526,-2.3423104497691916,39.92749856331302,-2.375997551182496,-0.7808379120045057,-0.9138663973734884,-4.563553550118843,273411431211084.78
26.858798491872577,-1.6382801085403087,-10.860268670961993,-3.5106663133448435,1.44420958296298,-3.59178268000389,-3.84643091248226,0.0006184990285612439
27.655207968133475,-0.6074493522955828,9.892280286430285,1.1641002669562326,-1.8152272319830365,0.18997502633879826,-3.2596154382334874,10034.899328519867
30.38231595872329,-3.530499760919339,43.486404971517175,0.8697713489444894,-3.8772596123542282,-0.28186557909724996,-2.551590368416443,4713108090885050.0
-64.42220481220423,0.5927460107273328,-48.25795438125843,2.624701886926408,3.804937658522814,-2.279580355095978,4.979519245618572,6.281338381783295e-17
-9.338182179466422,-4.38789749729224,-22.316565900341168,0.4687907634218549,-2.301577870308428,-1.3789770544371969,-0.05184122312828965,6.471630096442438e-08
-25.62495309508524,2.7419698295820707,-25.131192279206328,3.982619346010848,-2.9299840364195417,2.999995845697323,0.7957752887348715,6.8094544960392145e-09
-33.74060235708913,-3.490404305166579,-13.768007214600232,-0.47701141298469274,4.875516769755624,-0.09891925757730213,-3.680672723692525,6.040698755729369e-05
-12.85879051518285,0.050214769958126126,6.12288042902771,-1.891635922921402,2.8300622769244113,0.8065502811256309,4.8519271086716,491.91421583054165
-21.829758891720303,0.5423776394317379,-2.052244414918512,-1.6662494094845148,1.0652939842874698,2.570464454002276,-0.8200743918260658,0.7104934630820487
9.462254264688262,4.666935893612319,37.11823611723615,-1.3214756572615336,-3.8775260923379697,4.625098169894809,-1.4209380927122393,28892087764546.184
15.112104596224407,-4.081649933640575,14.174123452572488,-0.8362462399512296,3.6712012588719745,-2.4619725405766957,-4.52967335043064,308444.980763601
9.602886983671356,0.5616454320053155,0.7229518029705986,-0.17414155006644805,1.0613815324015263,-3.190282593790851,-3.6609568771789283,6.542775359693091
5.19048264334312,-1.7245787572420146,-14.815862929938639,-4.559150165757455,-1.7684256609222118,0.803682069948505,-2.9038799725673914,2.6123106103555196e-05
36.54701833650682,0.6587711865412818,29.10476326737684,-4.253341792977231,-2.2762278758753354,3.7270665936088605,-2.428737284673126,47491216443.151726
50.527051753196105,-0.12998941324975277,48.90361064515936,-0.11619940962062447,1.140641599310226,0.20891148145673366,-2.9657073269838694,3.5928362602917734e+17
39.10606805607543,-0.44103157207764276,49.15504624144633,2.3727756402426206,4.920830762486185,-0.6877428366739906,-1.5187836428258672,4.393342875013633e+17
25.144382679106016,-4.972115064333215,26.378247014454516,-4.841566090181292,-1.743783979660706,0.5285294247326995,3.0701654176899176,5361971768.090343
60.111244036619155,0.11845429799137186,36.35287184470741,-3.1479235301385398,1.8135458582527706,1.9894942474938473,-3.23298298781012,15662610258361.041
18.52989898429552,4.916183849231144,42.981173737934455,-0.5078330344145412,-0.6600615318371013,1.5693775376988386,4.173061174209408,3146096869350619.5
53.796258219079995,1.2933105001092926,28.608236974275187,-4.038644954297016,3.8933372022684196,2.4375378448758838,4.338107065006582,31922903891.038162
5.9157871754738665,-2.983302946453165,-28.507546133791053,3.5158572667117394,-1.8983503253876464,-0.23127505914091717,0.2225853670761877,4.5713749450605995e-10
-8.880258152138671,-2.7134181697305806,-4.810827701497111,-0.09498419239378464,-4.2964891215814855,-1.9884290047361128,-4.036944252681499,0.07818619659062703
0.59825213055192,-0.9406839240711911,-10.990010499102844,0.5141312640993343,-4.837777987838442,-3.0132551800697662,-0.5126468320099695,0.0005575221082947095
7.514737452141217,-2.9805523941557532,-3.1833057107290017,-3.249904724842747,1.8886045695079323,0.5364518535334462,0.5947094895795093,0.28746775872940045
25.271285787044576,-4.7875097939117826,23.7444617302411,1.736261027145865,1.389625887027151,4.509853268834643,-2.9900002506696755,652009300.3912053
-56.44229361750408,4.989022795553872,-38.01176458438146,-0.13663620274207666,4.177433098916767,2.770480918869848,0.502477953177241,2.280043544884275e-13
34.38450899657067,4.6845604382479,13.569786601570577,-1.7706583610672908,-0.15806892990343613,-0.4893307241115261,-3.89639374794661,190199.59148184804
-5.816627922487708,4.06854054142628,10.813598608656328,0.414290106990002,2.5376810534526006,-3.4609042999457107,0.7141757241090989,20970.64511064289
88.16618026224629,4.1250886684925,38.66987834234047,-0.8823404907707699,-3.225453026106664,0.507304211314386,-0.8377801854570315,99971141360480.14
61.73426060274273,1.7719216147790284,46.22726032874159,1.3476433100554583,-4.552469899280879,3.1215962637186863,-2.8454923309822657,4.222581940048925e+16
-40.61704821713777,-3.42595163075908,-37.665261649755756,3.4325531832483875,1.319395721169787,-1.2628705601944281,-3.1251285068836765,3.0083654431525515e-13
-46.790435782457706,2.227050803088054,-36.82990432706854,2.653742280543568,-3.8051030466497338,-0.08278609845910445,2.8063547572707828,5.86899111253052e-13
27.425179676421386,3.256900507393345,32.61798168145485,-4.925587472554216,-4.4992264768943855,-4.517258261744925,-3.8029202395246218,789278714052.435
11.054754474185216,-0.4852870397685516,15.676307677653341,4.26994669132282,4.434813539992451,0.3896596091477589,-2.1266788992251353,1025864.4101426292
-19.635997680478887,-3.2517353481057922,-1.7649424029293073,-3.1793302680429636,2.3273995466297706,4.6252946611479455,2.0474013059480454,0.8940854539137084
11.56012911023505,-4.490870633490681,3.350903732824065,2.9085146557751305,-0.7617357808260738,3.887711427370899,2.0101643380341994,53.555740298166185
25.334743290339965,-3.108209759803453,0.5317767059887544,2.2645168981035724,-2.7618747763895204,0.7940851759869911,0.07218690724963395,5.614886446760572
-44.81934507108998,-0.9077387142875404,-23.194670944749085,0.7694185596232934,3.5481135395797097,-4.644960794745595,-4.376639427458089,3.205743318570016e-08
36.066490708165304,0.2275560271439181,47.02509250268953,-1.9830326667771638,-1.026957963333266,1.3528837618085996,-0.8231020264624123,7.994169905943912e+16
-51.933663374315316,2.227159098885596,-29.076570231276968,-3.382455253018861,-4.6585083484951,3.193897123061342,1.5054795307484472,2.899663642494493e-10
48.23375870484675,-0.25869124261497145,31.849165381779073,0.27081738231289165,0.7893472495912484,4.543758421135383,3.2385796832096467,426693718289.55005
-56.535393433407876,-4.496525255162859,-30.598696825088478,0.42577802991057645,2.136980152196503,0.6287123095149916,0.9133672783342064,8.580383100094339e-11
-20.76950131708325,-2.4108071918581353,-8.562337931818767,-0.6093111245153429,0.9251536558059321,-4.142992091884658,-2.126104634687469,0.0038879613026522597
-40.313867234538215,-3.2551273593921213,-39.36014308806051,3.8960277671343224,-2.6162734411523534,2.3777098114648236,-3.689807361472294,7.752976479227798e-14
34.61727129417576,1.3272339364623589,24.328911430858597,1.06857177136183,-3.812890252741595,4.846198951131598,3.3016273234137667,1040668513.139132
64.57710539426623,3.2797641466574206,35.95515041729888,-1.9887830343750168,-1.8452914298406329,2.3721021497227976,-2.853069824542435,11394140339079.994
-40.477239991970805,0.701219262197923,-46.96937195625536,-2.0816265797843436,-4.73109167818876,1.1893923008082918,0.4976045198080872,1.7609684667357222e-16
28.730425103075333,1.911720938450686,47.1809107451207,2.5967454115889943,4.322040070138872,-2.354836679006096,-3.991469190459501,9.055452913961698e+16
53.92017933223573,0.6428841240637384,35.244323407495756,3.1692599341103698,3.9296821990268196,-1.1599865019469666,0.5556908423074063,6452306153405.878
7.8826876314437,4.035099742086398,20.699779643971056,3.8478522834345554,-3.205273022973787,3.3230787814486042,-3.8653806212095376,57071973.09603923
-80.38676890920404,-2.9018940961995368,-44.07514922717153,0.6925590221462583,-3.186211678511036,3.139887085160243,3.5978796960353083,1.783641414606701e-15
-40.39031704323607,0.47833465967918354,-22.9151486872044,2.317054538260189,-4.731430135165825,-4.821116149866698,-3.3502448872282042,4.0090800225572954e-08
35.74347308020188,4.167974987318777,35.16232325410165,-2.3911256168682984,-0.215719541860401,-1.2455613678487532,3.2837666060953623,6042618758995.342
7.078974916679279,0.4584934720587741,40.1649903353115,1.8395994169999046,4.883404821302086,2.855958627037019,2.321288050735123,330620486903038.0
-67.26147292980241,0.9989297024507362,-49.366420091822036,2.338459877612231,0.9887241115081844,-2.676932808454705,-2.6130714874309238,2.587806245770034e-17
-6.17547187304501,2.4025227423295306,5.454651909591455,-1.048759696390972,2.8224029279660003,-0.3580842973639182,0.222859398769371,288.2192651157238
23.89383204497117,-0.4719255017685988,32.35052082656861,-2.0945987689509513,-2.355605481865445,-4.640696207495505,3.3225745411591774,637242850765.6536
39.573175647779784,2.686864926604465,21.56153329310115,0.7715042171565933,3.71260333452401,-1.6727688733023793,-1.6404195634382654,113717360.55916427
-34.54641517546439,2.8282242922992253,-24.50837756086842,-3.7204415267294033,-1.7508861462785843,-3.0829802872174703,-1.2950079455461228,1.1207282478032167e-08
10.450867326328224,-2.425571815917964,9.003402824634009,-1.5912291989129503,-1.4184397674517992,-2.194183471074206,-3.2462064476469745,4928.166344953129
-36.22642394772635,-1.7386002119107111,-20.808620879827856,1.462961129299667,-2.554798309607026,2.780150001387338,-1.928895146521307,2.1623572521876353e-07
-26.374966487335538,1.130116499282055,-20.766001696952465,-3.5416080787535975,1.3534355638140552,1.450888413755381,-4.925005202592041,2.2373548406973031e-07
-23.98364504347738,4.919564345374965,-12.848222781752774,-4.995136850184999,-1.0155115857826558,-1.3729517011908312,-0.6823593869262767,0.0001260819802850809
30.330453667087678,0.6848841819759279,26.341248044180332,3.7021856497635586,1.4956157899830949,4.335365825758856,-2.469958862398368,5205587658.574088
-7.100358178328751,3.434872981347617,-27.24618061593883,1.594276026808501,0.2932428496354049,-1.2163220345139294,1.093907123026562,1.2539785592720065e-09
10.314732218333289,-2.737749863791862,8.568654044648113,1.278746573927081,-3.7739049854314355,-2.508074334952053,4.996540549142116,3480.472139091069
10.183156104882958,4.70613500170799,30.500172342735596,3.692019026534499,1.7051696726121435,4.852597886320192,-3.5857065360368945,145020054135.77597
41.68032493716328,2.0721690461649516,42.05092573411582,2.8412918086326737,-1.4842407118519207,-4.0721444204509,-3.0921876444531105,1494757808001122.0
18.50067583617995,0.8443451572379637,16.59727209111381,4.697517420243539,3.3230769232023576,-4.554241257308621,2.734602268350784,2143215.1646478353
30.485735810448915,-0.7715923718755491,29.31403448800063,-2.954953246720322,4.996342721761875,3.1047610934741865,4.158967511833273,56146354426.2912
-28.99388145520667,-3.546661427595109,-38.71471970462671,-2.770938013464007,-0.206847861615703,1.175970807370775,-1.3957625765488313,1.2993062201728412e-13
-19.636682720945903,-0.8765815884422139,0.989345324830893,4.99517888661739,4.281536458028603,1.2783441309471035,2.1319098257268596,8.096859414310979
-45.55462609545167,-3.0504192147652254,-48.19066544816539,-0.3782913350895605,-4.959872818430168,2.934631509085462,0.8861836255164404,6.628736562856286e-17
69.64683403876293,-1.9832067308848167,38.344933420291696,-2.1930568658988134,3.8983826951090546,4.248016853533356,-4.510065787856896,77086303610297.14
-3.0722906788402757,-4.615047426088226,-3.690343575390166,-1.9091564192959098,0.7499592475364167,-0.27963677774647255,3.1779442554766284,0.19161351845720864
4.202939256277197,1.5568136622901374,11.587975474864919,-0.5130567001873585,1.5936298376129576,-0.07936716632287322,4.479912729516821,38963.49183486824
38.00091658953885,-4.492858441170455,23.892005832099542,2.5469734088696967,-1.9924103676170613,-0.026382170824428286,4.881534766519604,733695511.2337654
-47.818692343632236,4.129830619028404,-35.80758745400057,-0.5602701276324584,-4.03653775174666,4.46457992976419,-0.4809098089708064,1.3296970744605306e-12
-36.6617997678173,-2.228551885611002,-19.797849757520247,-1.8816819959710172,-4.9073587742655755,-3.8870696438939545,-4.217453818836932,4.854061828887235e-07
16.214968718335136,0.5878566280458974,15.347604170057721,-3.927310288264878,2.9838416843614475,2.4093449930471245,-4.989619738333416,788654.2856387094
-8.637303164884099,3.093538337918808,13.196188735363116,4.369313534891665,-1.9858540963640725,-4.0273149938611414,-0.16650230506764974,141061.463861741
-28.50725532604715,3.1359272491260466,-18.918515049117456,4.769403543928011,-1.5123396687272814,-4.181244778954158,-0.8866258074411251,9.80883599569714e-07
-30.792331527595213,2.81119147378186,-36.98681181674031,-1.570930076639673,-2.3176741881821883,2.7740914712982443,4.82970429373416,5.176642890487258e-13
48.091408952712776,-2.7175027241425376,43.54849208461631,1.7900115453601284,-0.21864844760253277,2.438479441365388,-1.7953406008414197,4953117977785101.0
12.446022269164295,2.5100358479181626,28.736550033976755,4.46574479226763,4.147879262652275,3.856566613913813,0.9057255803511586,35373897529.53738
-22.049842362892452,0.0654260030630116,-42.33394465691677,3.34299488275137,-2.0219846443356215,-3.0363637008953037,0.7059455060130917,7.182307206374099e-15
8.334699994243476,2.103578660704698,-9.289614104841945,-0.7487924210859989,-3.8694177843930557,3.1122284811367873,0.24889078007448795,0.002172902855673399
-36.212431126575034,0.22645659079840819,-30.77593274884616,-3.0312795603284313,0.25588572767821915,0.9717525286967996,2.8619026252819513,7.446095669853484e-11
40.57249926404601,-1.293005766479026,44.55219566999865,-0.7003084977734986,2.4826546992423886,1.715249498503855,-4.391690427668198,1.1056075999900862e+16
36.07023062592685,-2.075801534975492,16.867389523054072,2.3179160889156822,-2.2004693942454736,-2.7979753565974343,-4.889330899331145,2660199.341712113
-69.0580291674879,2.1812011009577414,-49.33325493605114,-0.32279133117186554,-4.774797826173849,-0.23389178304886737,0.7162259940990214,2.6573852006691376e-17
-42.47060278900377,-3.7776339044294307,-47.95470220378976,-4.866635615762609,-3.1862184307662575,1.7453170308631165,-3.82051365195018,8.00594841988259e-17
21.202718095964325,0.46505420632168093,23.234141540935852,0.5978804740741097,2.5202971986381772,4.838855627603133,2.7595540679301935,433461367.57892597
-57.81523331079198,-0.1265925929791054,-22.2573759563523,-1.9669930758607568,3.3014509214539096,1.526771840337462,-2.360430102288469,6.785445691322944e-08
35.26917291552669,0.21750529363807036,36.2644508368717,-3.139272511281439,-0.17591899840517033,1.875235305510774,-0.5616922280370051,14592964858393.957
-87.8290457449213,3.2433482022842473,-30.012244204794712,1.445382909624918,1.5245710782447173,2.2494823173594973,4.1988292555163795,1.371706473893975e-10
29.667965252604354,4.750019143500364,-4.839156311697742,3.266854682037648,-0.31637844309220853,-1.1456790317775232,-2.115957247862661,0.07643419920776613
-3.304912414957398,-1.795107882274106,-4.889799526228167,4.060195448464047,-4.763727870049335,-3.138850625718513,3.40374483040525,0.07339939242514304
27.30477826277169,-1.874819086958035,46.05192301107972,2.024030197101137,0.4314575195155683,-1.7228236125248975,4.32072006947195,3.6699459005344536e+16
30.594488521834563,-4.570530671736671,39.841599537436196,-0.8404438640265592,-3.6956023001409144,-4.717232396372979,-2.1947455439927688,255253843321965.1
-10.423290603843993,-1.3867499650251047,-15.70913439726079,-2.1409649472539813,-4.985226653787244,2.2662186073357473,-3.5623476035482704,1.278411059654634e-05
-29.79992089411334,3.1650377544249118,-17.882274919693664,-2.1882903608742232,-1.2124936917240436,3.0272527389831847,-4.536154648882396,2.2472126414376842e-06
10.8973638411317,0.13279373659670668,-17.564255611724136,4.914613865007517,1.161891848963684,-0.5537700214685817,1.6964295850702236,2.898246991666151e-06
15.319453106915716,-0.020292084126106502,34.01088618177609,4.850574370551961,2.6645351663391033,-4.623756765466852,3.762450307098126,2405331734749.595
58.50789008512269,2.755748959625592,31.151636734605006,-2.450639826903538,3.1414601563246496,4.611311456024884,-4.070347631961139,244213672911.45694
3.433197486302321,3.2087174868635024,-5.385912156905363,0.6654758368197689,0.1637992264490329,0.6975790643728939,3.1229848754068925,0.04935433250715925
-42.95551421348267,-2.6310668826805217,-48.583981869720006,-2.795116743943016,-3.6902498949293197,-1.0207848783215914,2.5303583691692744,4.8392564607865714e-17
-20.47984299648603,2.069909776734473,-48.483650432178734,-0.961307899983785,2.717252288938063,2.9201635846390825,-1.7957986124165837,5.243694122490817e-17
2.1428569355098435,0.6079481891522693,3.3183763316736687,3.222515828135963,-2.5336182360049797,-1.5060611856068284,-0.05996216014172795,52.180093174274994
7.503040266786121,-3.0346150354049897,22.725028677820163,-4.052745053681159,-4.891341480157153,4.5915578203889424,-3.41717288758534,288447295.38691485
-10.808583544114981,0.9636060693521404,-28.794100119422694,1.6183523432773423,2.273524708938682,-4.620262497566269,-2.101948843658694,3.634860867282918e-10
-4.191685755512188,-0.6610385964480763,-15.10195953319753,3.1588235871160073,-4.575994164663606,0.7216019728585676,-3.4122602541352354,2.077900145636914e-05
-23.783686124726145,-2.5040026846838517,-28.352572584915848,-4.3065655797274305,-1.1799969279355538,4.139339825282805,-3.27510370958755,5.174759486370823e-10
39.81279816471947,-0.18785070321705621,35.73669904581274,-4.911775281307767,-1.609827415604106,1.2310278952217235,2.2212642132343117,9567176455620.363
57.19098614476603,-4.556095034064813,42.23809250126199,2.135814931756629,3.4160205249124225,-4.964672008991192,3.387311346994487,1736197897677204.2
-36.38260283534507,1.0135592743703379,-6.813690225233735,1.9669234178803023,2.7873723125530327,-2.4128441806585155,3.0633008785773352,0.01574941306393182
21.96308292004587,-0.6391974696988783,13.44748545476935,-1.8782285691268097,0.7240105455813994,0.3555206764280241,-3.81436760404966,172471.68616637748
-31.2318722315294,-4.308417093040013,-36.532074710400906,-4.576068009834971,-4.599947288184481,-4.996527261274054,-4.165139771419405,7.448006707873692e-13
-11.204790683606824,2.394440708046516,-20.243260061837354,-0.7632479853649787,-3.106745556296886,0.22403691963269434,1.724631058191414,3.399021518370493e-07
-4.7595222192083035,-1.8484056518958347,13.385468213306737,-4.382584080388129,-0.07581915744620193,-2.964134548342543,2.9148679661764305,164123.51615919577
-40.70149819597313,1.0446144874450418,-20.06220295718296,-0.1621290688137913,-0.6291991097422489,1.966757212691724,1.7722792672298828,3.928797051315116e-07
-24.406767986651197,1.0581504219573272,-37.547382949468535,-3.1892093100669494,-0.48717884119291455,0.4562932250884373,1.7988924312764407,3.3058705724647337e-13
3.8188539924040974,-3.6318009258991046,-26.34133412002353,2.1330111749930047,0.28720253652170236,-3.131070089318191,-2.1739713859454355,2.5862230794758515e-09
13.837069975178071,3.852228465265986,-4.607497084087996,2.973631014274517,1.0641240893764152,1.1835321948136235,-0.8580122129620715,0.09199715123307513
67.67144399318545,-1.4773757855139857,26.25634669012645,3.258165125730134,2.6843279274896883,-0.0013204430307975912,2.6695345213419897,4863758608.057793
-10.510532784830538,-4.595318239119196,-42.34253096303196,-1.3405058000901149,3.882363841826132,-3.303010958188426,-2.7094876566349835,7.13314067262975e-15
-7.4761021169927275,1.9427451883397273,32.76930265379589,-0.9484570842317623,-2.2996888520094725,-0.16644086347223475,4.653093293051656,890850198624.2262
0.927218971694046,3.379497660383665,-39.06275727088988,-3.4621140362140137,-2.4913605626454274,4.123687340671877,-4.658265736406766,9.83537406524552e-14
-32.55673670019687,-0.5597056734601455,-22.116148207709717,-2.625096298674717,1.132267598132957,-3.7301154140683748,-1.8721988653042732,7.597066438057385e-08
-28.09805020710455,-4.586135002734199,-22.255531096235657,-2.2061381216157585,-0.055280137904989424,-4.6774492686069316,-0.19078950772858239,6.795467643647457e-08
-31.01062849682655,-4.08586641928041,-39.90134957701924,3.0345490173436183,-4.678968517273936,-3.6812836036909333,-4.336676927289322,5.0284492697250066e-14
-34.770532449371444,-2.2551424258710426,-20.47158033658797,3.7614209562128114,2.7323508770809113,2.801435696417233,-2.8561096838726305,2.831570151610583e-07
14.37913524736706,1.8282711937736131,46.96320208644721,3.2304592323436303,4.044555541244584,-0.4490652055211548,1.3836288277741744,7.607998904523747e+16
-27.119168828910063,-4.938865873855559,-28.179470956083453,4.806766182156373,0.06337759616831473,3.2969311396276417,-3.187612986114395,5.943357236676146e-10
-53.15266407509793,2.957220653809988,-42.159541455240486,0.06274716175722173,-1.2484812482212426,-0.5055474942169402,-4.15250878436098,8.257676319618432e-15
-3.605482990975119,3.8840716908192867,-25.942887737142517,-4.763394396952964,1.4888368207023852,2.4951304061771555,1.633541181900072,3.5571357173135212e-09
16.10459414645065,0.7288474036877446,25.279547373065498,3.4757179609793045,-2.9667241343820363,2.6535704623272016,-1.4423042055535298,2226369120.66162
-28.44163529826484,-1.7153573747227635,-24.18019919589518,3.102242599061533,1.9323004944215318,-1.858047496619415,-3.264928866308403,1.457206704714952e-08
-7.504229555195958,2.1563967905803114,-13.99990765389434,-2.5604610641741363,-4.40409848354588,-0.40444415369066,-1.3436618717267326,5.017838894229269e-05
-30.655774900881894,-1.9302812310159165,-23.708942335762863,-4.024552761864017,-2.006075422013228,-2.279684105803902,3.492650671667576,2.124479593785475e-08
15.19021200547339,3.6077014613744414,2.7467478817409727,-1.7037187223845018,-1.695302497307427,-3.093323704662815,-3.301424797267388,33.029407644964
49.49179373426561,-3.2485141940914986,34.702494455213866,-4.764509417253181,-4.42494618459901,-4.246325320560467,0.9262132786442026,4182773102592.129
28.197771610970413,0.3947114120849369,21.469838954296947,4.484857697722568,0.8439503651027778,-0.7520934422339431,1.5732735416520152,105674181.97515035
11.217461326213815,-2.5361872452103973,17.703980758600807,-1.8103563977641501,-0.28054696208870133,-0.7243264108075032,-0.0004027850303227609,5194882.720900952
-8.281866449516926,-2.832859290050785,-25.749457984996116,-3.1125867423846,0.12513113542323762,2.882377922688568,0.6836456177888683,4.152453851215998e-09
-71.3186518425715,-2.9040509421396097,-25.22541209837802,-0.0022333344756368945,-1.898371781144652,2.184700024499765,1.0642289960355384,6.315053061641249e-09
40.450772168785605,-2.985216101738094,19.981932106363857,1.9276812403498909,-1.4049952861509851,0.3886300777971492,0.9627254816552302,32137871.3360076
-40.78686632438445,4.150429221163357,-21.49753463724252,-2.722979700737582,1.9721037420376542,0.2340392781897478,4.319364336121168,1.246161393367282e-07
23.78324576272784,-3.249339951523318,11.996062174432495,-4.507510603378462,-4.162754968183551,1.374198607535492,0.6092333941259884,54005.962685153536
58.67662962615478,-2.775192584889079,48.35981932582621,-1.474390471919497,1.943488072797006,-1.4277465733868766,-1.8246960350336892,2.3254390961389853e+17
-17.75543152311986,1.7624902086463843,1.2859437265981342,-3.3221689295010592,2.361337992609064,0.5361840632844288,-2.0341084890445327,10.26515326588431
58.2193113665344,-1.9218011770503516,30.54510365319186,0.11017585734066326,1.7972275982371713,-4.268018301886089,-0.4480569224665132,150327626002.47467
1.1061466002033313,3.782557560857141,20.590271965961776,1.7510462413845982,-3.663255264248991,4.756054917481361,-3.2196284728657867,52284868.85655344
-30.932295117086312,1.4203369011830889,-36.14047139024949,0.6993545836519566,-2.0451481856294498,3.9770485135934823,-4.755116545138013,1.0188188883254704e-12
-34.74534112166177,-2.7710849048184407,-22.62641402866984,-1.4211953604057745,-1.2708942897675812,0.026250789092449267,-1.2188018433265837,5.050814518212643e-08
36.657035875914424,-1.292719427480673,37.52835909659683,-1.0614200215949787,3.117735832821001,3.3430190263489443,1.1899771021939074,40111623748516.375
-3.8242742582867777,-1.1646486603882398,0.6373007915984914,-2.9146885142237258,4.407982305698242,-0.6284987709331711,2.110933670568218,6.109473707849921
29.054128855039018,0.2715712229447309,10.070157570979354,-4.106455141702509,4.657068864349105,-4.535539801802676,-1.6269063862440247,11569.48209900456
63.12897974911611,2.4371962870287875,36.21612772194143,-1.856755671327741,3.98582924459377,4.088692160814789,4.601824629461968,14039588114939.941
16.53935743382113,-1.6261851780208856,7.969295395389366,-4.501234119230919,-0.9338010217450439,-3.665006303055506,3.0569750688396127,2154.7636391452065
38.81741721190377,2.4216806342081014,20.5724338457334,4.11738541715969,1.5013035978468317,-0.31214749620833704,3.116371917158144,51544036.43059588
33.4437087217537,-1.1882239026545136,45.46699691143223,1.760258586215885,-1.1455216992056805,1.9825641969152743,3.1693774844954756,2.298452432981632e+16
-14.30720788102618,3.2317385112889596,-31.8468593919745,2.9039662624885842,-2.643642600810759,-2.0302347874141535,-3.0466615219158255,3.161189906324165e-11
15.019783644234511,3.595855358773978,21.306291228647865,4.408232379534336,0.9817005383481705,-4.3099701782966795,1.0455067888948433,92714272.48444422
-5.774281094485615,-3.0842713129551202,-1.0858268588203188,-1.6882482616009065,-2.675065932393318,-4.969874967777529,-4.545693959002282,1.5393165403443223
2.6480648549891153,-1.1347409075311052,6.269928036836625,-2.4174607822034986,0.45093560237614483,-4.121218739663667,-4.3002759579564955,553.3232831133132
-12.009840435899978,-2.3220824953381882,-34.37714991972346,-3.783338877708694,-2.051066367000635,-2.9477189027949957,-0.34727319597941264,4.175780054074377e-12
-24.02510925797144,1.4583585233593581,-3.596755425097811,2.9576675267737604,-4.747564567392848,-1.6689489070172412,1.1592861166398247,0.20651043398642255
-15.35443401930314,4.834248860207177,-27.076198941546327,2.956284134299797,-2.610063182631135,0.24483946297534676,-3.669111708996998,1.4366394683269135e-09
-13.945417283063595,-3.1515524070317724,6.2251960084285685,2.4552450688023955,-1.308593594396743,-3.105352081080012,1.300120453401922,533.8723720501439
47.89888746054679,4.808337670244713,42.04935925796114,1.7490414800234086,-1.0256407233318496,-3.687082523324514,3.448007192398638,1492885779270855.2
-31.240737775673757,-3.1002386019945716,-22.983199930560637,-3.74621351983371,-4.1183769798392795,1.7446428685882687,3.760496607933252,3.7966564563536094e-08
30.38270918189357,-2.598630408730249,34.88750728422106,-4.639991658893069,2.447881114431941,-1.4170503952724944,-2.033399991948408,4850029131607.204
12.702117049588715,3.5868143101405643,23.09099720781272,1.4614205732629841,3.136141732306694,1.7926130251200076,2.309840738026409,386560043.6733615
29.494834009674243,-0.02391193067609443,28.853894731357087,-2.60832865017373,2.339334665890086,-1.7059969396826045,-3.0543267174611124,38855512091.994354
-6.147334094029906,-3.678771448361917,3.0159284883018245,4.176444616207606,0.7988404792916999,-3.0708937737686934,-1.6499811380649465,40.96601377535219
-11.571663131391475,3.9916226323347654,-45.247595752367054,3.3489664938563593,4.566595547268346,3.1175003607731764,-4.889277287704231,6.981647259616522e-16
21.369166971953486,-3.9903421654673323,19.89630307501119,3.3889849722716097,-2.5458308941235144,-0.4138462331142234,-1.6838791037768432,30010037.29022113
-9.705682679622855,2.4925328810786223,2.8662867580325013,-3.307610380587367,-4.289532762019135,1.6305254660751833,-4.167738749694747,36.344010102503056
-54.244914241488715,0.7917171880545535,-17.533691827427788,2.933472183519486,3.8668462698292156,-0.16689834891362487,-0.9356510696822777,2.969985575361113e-06
19.43927398977061,1.545144527276186,18.999176183811556,-1.7443284456750865,-2.1624023060401587,3.1061419904827368,3.476027804858644,14641067.010160096
42.35017475055858,3.4498396110661176,2.4735248276253543,2.9297342701152616,-3.590066868405483,1.406409702682999,2.4543343713825454,26.54442812239637
57.062018066816655,-4.9531628290042455,26.623567548346543,-1.8428217441067107,4.520215672820457,3.16717459371508,1.7487048124586089,6524655805.684944
24.40876345232614,-0.6659508954328066,37.02252231437373,0.8051818119556646,0.5618917444486291,1.4450608579936732,0.27714991241504894,26762368373105.95
26.536986014565386,-0.2455090702932381,25.279462305715782,-1.0075413479676953,-1.1369198044087705,0.6903376579125595,-1.9406549784173643,2226217612.7605624
-20.434250851286862,1.1573665480553776,-25.054080688011272,3.193050225774419,-2.6746898238973857,4.061150094652641,3.0361780966922005,7.242752303226674e-09
-19.226350371433668,-2.641607855482462,5.892504095246842,-2.7441115284901993,2.6914888090358993,3.568896918598135,0.059583307353094916,409.1178581210955
-11.125654348818642,3.2079560539889886,30.00233216251901,-3.677109934181332,2.262153683765087,3.8867547687667656,4.031307846222633,97377959161.94698
43.61875284442211,-2.9197325868442956,42.62528407966235,-1.7095873884328294,-2.6067433432160634,-0.2609651109060245,2.6532281922993572,2366591818325023.0
-4.850368352363325,0.07031028154329988,-10.508370837538038,-4.733276636197523,3.528004446184795,-4.1603756781192045,4.33380178591338,0.0008195979277006526
12.90810938356623,-3.8047818666197175,11.587710591573277,2.5444174956791663,1.0599003578647261,-4.602444861907942,-3.7689486050360275,38955.23608724608
-21.996191272791908,3.6532408714530487,-0.9465775692728968,3.5278330304686687,2.2149919598400247,0.6450733540391393,0.3150774221845829,1.7207116316352742
-9.162633216761478,-0.5668623725739161,-3.045856466762217,-1.1886825798278835,-1.025303600908729,4.6331707082347435,-2.962907065523103,0.3208809254547329
16.868594660361996,3.8157939614696996,10.798187687999047,0.254063459206618,-2.863459476621626,-0.11555232531434712,1.1199488520273864,20713.69076818932
-40.37784753759471,0.3201982451829801,-34.76530358081171,-2.283768178907141,-2.229679957973121,4.771851765969508,-4.949788377614598,3.0611120080672288e-12
-33.7254812074063,-3.264110475067301,-11.77839537072807,4.852250836845053,-3.3755867141940463,-3.543191287836213,-2.56179673442361,0.0002967215809878594
-80.58936648969951,-3.0296509527464277,-42.75325865623044,1.2640947718440199,-3.22369734173237,4.933154061428473,-0.9310106235768458,5.135460252937826e-15
-46.23304559513217,-4.59834724862426,-18.68171283290785,0.42832088491885134,-4.959774004845285,-0.9071839444500727,0.6580200390580035,1.1854711513444605e-06
14.57757408080598,1.1429822399413139,-15.819324860948036,-1.2153081784593356,2.2692025701906617,-3.1847804448473296,-0.6395055434309436,1.1705404628511695e-05
-22.87004871111134,-0.9244838876200543,-45.40295561955854,-2.960239258487709,-2.114299296064309,-1.1045022645091063,4.462654365336602,6.165671131557967e-16
-42.293301788959404,1.178531829472293,-32.774891854638724,-0.5244245103536471,2.872828252111174,-1.2414184601037492,-4.784112440020342,1.504593164737397e-11
30.54307228194031,0.8098715663166054,1.429662315505034,4.833469363664717,-0.2665371934542655,-0.670325878981954,4.876721527918717,11.51591339602224
-38.60612104789903,-4.8278953295735665,-31.99357997396112,-0.7950151783591375,0.247796096865339,3.029520937059793,1.5272335006047921,2.811089255842661e-11
29.101405569523294,4.690671125862972,29.965083172278412,-1.1465123357818277,-1.9578345993537436,1.6523849988947568,3.3385183875082003,94518983779.12848
-46.237825518895164,2.777851163292997,-41.67176193842943,3.3483830215482016,-3.5198923679139362,-0.7278806756673228,3.9042265028942342,1.2199156916752767e-14
30.12700433903576,4.975481344378069,12.567502046392242,-2.8288950549378966,-3.191327083116181,-4.586461964471072,-0.10632753433600062,85306.13360049372
29.668671112414444,-3.3815750658080423,-6.660359754446397,4.255631753821952,3.7274663468443503,4.6049255950875825,-2.064780734823194,0.017804789166817707
-18.878804126351795,-3.8441313795349155,-6.299472833711263,3.971097910467419,0.41559450973256507,1.1852156492400265,4.092901423338057,0.023764123133951518
5.1131490146953915,-0.4789424866923655,-14.305595691760232,-3.1239881582999898,0.4658616404585194,1.2616708219608341,1.6494140377306765,3.929251350042362e-05
-53.143184959114706,2.3799633762165984,-21.953431935221413,1.5384934026805048,4.086861698113545,2.366584440773054,3.6384668620880625,8.653251928412763e-08
28.265005117516772,0.6227751681035993,23.661262242953512,-1.3205341177215812,2.3351122486943474,-3.4293965992100106,2.155025673297083,610024570.8258626
47.35561113658386,4.4159722639837415,27.62454750658101,0.6237525229792169,3.001004627790353,0.9426020180865136,4.573796036384207,14532276894.776571
10.9863063543852,-0.9020302667594997,32.212011933265714,3.1587543688814144,4.458211785951839,3.4740016723488996,3.945243543501549,570403331468.6178
-16.24240543231406,-1.4591254989226554,-37.67133531036792,2.5931156213151016,-1.2073897721399174,-0.4275341563998545,2.8605309434218107,2.9937834656752235e-13
-11.930899658746414,2.346239304719875,-7.805838206380258,-1.2223790253514775,1.5871619593698219,3.569920289394844,1.4539083692393255,0.007121260269316072
47.43612961774878,1.5110061392640874,26.25589945145485,3.66345426489562,2.763130868677136,-0.6950124411007375,3.596984625284879,4862018710.58505
31.515643449570383,4.8172600569641695,32.56514542906122,-2.5802717258433097,-0.09950871771869885,-2.4570384628481925,-3.6481229529705086,756611949913.1802
-30.422828967257132,-0.5302318469274638,-48.676907462696576,4.405967227521479,4.588457785168117,4.409595794260516,3.9311178133659546,4.4925506355490553e-17
45.271761683523934,3.682925372317161,48.86315578315987,4.2725863478013135,-2.0969140242114968,4.598745514829725,-4.72333254757498,3.478419575392367e+17
43.67464170428426,-1.5060858916821172,8.78714284001476,-1.346310655177735,3.7770970833697977,0.965413907053482,3.8265420628107005,4145.232973960824
-10.793873469780287,2.8440539153240287,22.867513018592973,1.8056000713177838,-1.6612324822297686,-0.9479292832493993,-2.7254249671004374,323273869.42143255
-14.586991623810679,1.5780622278290473,-9.81727184175768,-1.8405163085218978,2.7521957078743693,1.5587030086950238,3.1652731694565635,0.0014246665774072366
-36.92904120958555,-0.34810532212105194,-10.918378391664739,4.84358205300186,3.0469151767113516,-0.43969436102440085,1.3953137002437401,0.0005904044701397312
29.283226345790837,1.6718861881204141,44.22569704855968,-1.5871419211263937,-1.274493042989965,4.384164432943345,4.088578382552438,8514590692275630.0
32.44369131066455,1.4383214843729322,22.165882950443873,2.4467537387004157,3.848621396266598,-3.6581092692856343,-2.326691283924942,184416318.5118927
-35.47497478954599,4.6688378753259965,-21.602845801596573,-4.557998379578306,-3.784184377902582,-1.231358994859403,-3.1845607245098173,1.1454745550272394e-07
-86.89523241701659,2.487043242214554,-45.698800303801505,-1.1485918824489438,0.8327764845787753,4.982516988607657,2.4580854294866503,4.866238442285527e-16
-39.90856883626386,2.1026682965750947,-5.13733945104714,1.1473618282284113,3.023873015343039,1.732654005848727,4.17307853172124,0.0602127255677726
-65.30172177835854,0.2775847999447203,-32.20052659518639,2.934115618807321,4.612598312638811,-4.725017505306136,-4.742066617803026,2.3821769316509276e-11
44.45258470975533,0.17179582820372996,5.7036714396133235,0.0889392965714002,-4.933010053460642,-1.9904486878309968,-3.2011267285498657,351.7557883387498
-20.581852168889284,0.2916550345371203,-10.830955290953796,1.497661802992094,1.4220919795567744,0.6244503652535958,0.8512830905678221,0.0006331746707301055
34.19620410101821,-3.3539956154061734,25.994939709534776,-2.5500791522970276,-1.1019387868590194,-2.795820247600899,0.8596288277895159,3945934982.613228
-32.83444071861081,-2.437262182013505,-20.620854426214198,3.7506073641478572,-0.4592874331373942,0.25851526728311747,-1.5967667533098728,2.5128362869651947e-07
-29.408552712938317,4.824750411084413,-19.103934753679198,4.550473787862792,-4.001178100530705,2.293285416822237,-3.749523318993504,8.456605466599318e-07
-40.2876651390736,-0.382753191044781,-21.45422189941494,1.9087170267220213,-0.1619478165172925,2.0204230109193757,-1.2820386953631302,1.2900979315551907e-07
-13.055826057616171,-3.307028412417541,-5.13092843509699,-0.5549423773624476,0.009124609554519658,0.5076133719759168,0.8309886054708482,0.06052233865808013
39.89787330041568,-4.836694915267602,46.25183752949654,-4.742885159646218,4.162718741201358,-1.494503989471946,-0.3325006741776759,4.306426904007511e+16
65.22817086160714,4.05832811457916,41.98088962300227,-3.5197585652092256,2.8109613096869746,-4.2503115714153825,2.6802892969265173,1413311176560738.8
-24.85371610549477,-0.025771289431776978,-36.444218570891636,-1.118810037550725,3.861703870444387,-1.6222951785638617,-3.9255106077563404,7.990324340107344e-13
-2.7535974207015697,-1.0642779574369987,1.602809818587616,-0.8326404824876912,-4.106855616550876,-1.0573969220578694,-0.39018273170741224,13.226836777528014
15.07279788273151,-2.79907810715763,-2.5332450805622386,-3.1554371991187558,-0.3293987612470817,-2.4772166396499573,-1.3569940877742748,0.4835521722900902
7.114374379518189,-0.00014299739477152684,46.274120551498385,1.8407579051217038,2.9155764450069537,-3.230649711502455,1.9827681682058511,4.383883403144521e+16
-53.393222795999854,-4.321738596066681,-47.10763206348945,1.9090658145001784,-4.341953340429834,2.9585062557081105,3.3262240281929127,1.5765766782689026e-16
66.49150651877343,-4.024576920680815,46.75830651821646,4.250444419925843,0.7290536670449175,-4.555278439997089,-4.736884489583556,6.457767867050429e+16
-35.26436719129462,4.436650185872592,-29.692601481979498,-4.0547754679527,1.7534004821519131,0.0736433679828199,-2.4275953413377382,1.7713992028055425e-10
-3.4962341919188535,-1.8843927558101048,-15.078657493873273,-0.4733512560719477,-0.22383324600846244,-3.635662154841446,0.28233837889116487,2.116998894331163e-05
2.615036782222134,-1.5710623409835223,-25.773065498000214,-1.6685074110217188,-0.06243998089107716,2.2694693114403828,1.0645140166652958,4.074766475994136e-09
-72.76021337357167,-1.6301794725534222,-36.59743995390973,-3.952441128120452,2.577492335651124,-3.906080250948929,-0.8793068292843369,7.068542075158437e-13
-47.77862556096376,-4.121030904237334,-33.68842114301316,1.7605777897698545,-0.6253038876184114,-0.24946127115608796,-1.0871828665802874,7.244801676239747e-12
-12.81397035761892,1.5408174107458148,-25.212130214382032,-3.1303339352410173,-2.3883905429494234,1.8318896902427575,-1.0940927127322864,6.382511458559009e-09
-15.80578886032086,-4.456266994206475,-38.97417372328319,-2.1330785066482525,-4.423841814454953,2.5095221666391794,3.463818539617762,1.0557666973082913e-13
-35.13833534185013,-4.955412269276596,-23.526710407086494,-4.671712323555159,-2.13535090368002,1.8161955114901147,2.3390771684361686,2.4579125143054122e-08
-40.142313010519445,-4.545509724912127,7.428322765912185,-2.4118922733696424,-0.8257973375534133,-3.876809166623354,4.561820024581964,1397.8046989735947
-52.72590913717808,1.296592543754553,-45.33866140487578,-3.879388006758658,-0.8323936738096025,2.693983867030992,-0.5093766443758874,6.491102311641773e-16
-38.014281258862894,0.3894375998456656,-2.903654867719652,-1.1183673663567681,4.750229887261668,1.0324346776346651,4.074041602156711,0.3595421386179262
32.43774123820432,-1.698087873534475,0.601323456047254,0.6335257119145856,1.6377256114894898,3.504722063968691,0.36809689111148014,5.936138066867731
35.51177852400461,-4.454699608218355,14.62539601739094,-4.2320086588952215,2.3883809183974494,0.37742559146697374,-4.716697421224905,442553.57693179196
-37.019860495992674,-1.9395945255338276,-11.15842996118922,4.769118319165139,2.47809917518269,2.165824331684586,0.5530643461278615,0.0004872447623952927
54.55723278280952,1.8614729704985402,25.559444951729944,-1.7241977030333402,-0.4689531121016879,-4.736190978664972,3.322351871971316,2785117671.683217
-40.46320153022996,-2.22679039450697,-34.3158392402124,1.9083649169151542,1.1907608644359708,1.8906600148439505,-1.457060490448825,4.3857020856424445e-12
42.51114058789718,-3.253685051497678,29.265922762775247,-1.2829892859779655,2.2672235599964283,-4.635831116208637,1.1091255240393565,54026376081.86219
4.117445141826796,3.3897747852754794,35.877116767790056,4.009019249281877,2.9994773947827955,-2.949294919327982,4.454177952600677,10704586540867.855
54.743113792947575,-4.374153684484546,46.58207026311143,-4.820752642361951,2.287640841672588,-4.137040646113853,4.871491701154735,5.608564040917844e+16
-46.546768658241106,-3.5786518298887025,-32.07924917405182,-3.442749737872851,-1.3129958697261013,-0.8144131240945409,4.174291177262772,2.6248839451453845e-11
46.70315765036167,0.08406033517827183,7.873668151808431,-4.661521173846992,2.6688676432586265,-0.019131655916790002,-1.7202652235576252,1996.067994050458
28.867021512531082,-2.4203001081234343,3.7804137108567915,2.596076532075986,-0.6270832135088131,-0.9620621647776728,-4.298862092828589,75.51497407322263
75.39434255757385,-0.8131992361947429,49.99557243406912,4.448543754904653,-4.0936148170728295,4.576954328563325,1.6536979575892552,8.606445216592419e+17
-14.305291001010318,-0.25867480507649976,-31.018154140049013,0.7667847143429318,-0.0734824925711397,1.3320437093232593,2.266373447815684,6.134402680893503e-11
-24.912359121052695,0.5477993279528883,-21.177078973974606,-0.040250278706243314,-4.359987892840243,4.02191358270241,-0.4402377551359793,1.61031928303416e-07
-52.847632096361075,3.1683872726262035,-38.04339046433317,-0.05575127809575253,-2.545130759075284,1.7214019528442996,2.907906173304524,2.223080479556465e-13
-17.75330845125867,4.407383467593517,0.06723111810200777,3.090442597962518,-4.627146791140403,3.1158781030710596,4.0326546260801255,3.8720531438251915
45.90821582854536,3.9053706303670292,41.966448092676984,-0.081229898887063,-1.5380025966469937,2.975540494816645,-3.095594308721176,1397076835654555.0
-28.461948894334817,-1.958615919293396,-9.594354949201666,1.8015651100961367,-3.0987887915052745,3.8156910638031256,2.927264038264772,0.0017027955125301338
9.94829985485866,-4.025791975873663,-0.11317451978374038,3.743015745320001,1.608942398333296,-3.7375524632675363,0.6454065271810183,3.3516755473097417
6.541180955781563,1.6715615471916525,36.324163858978665,2.47188785249321,2.2693541910693993,-0.736563610266626,3.446442069113205,15306995884634.244
-7.326182305841996,-4.109358421190034,-25.400967866296476,4.3973323774339175,-3.95369537789212,-2.765820410097474,-0.042060880518536514,5.487602976691022e-09
22.856432128375516,0.5148806605090952,31.052310254036485,4.005894311730479,-4.202939779071665,-1.3900190536964874,-3.9456966503039705,225559135507.72388
-36.63623260491084,-0.974750892129645,-47.59901018923814,4.322063213983961,-0.17327644450700586,-1.3642053497252227,-4.641268086361585,1.0641255015138524e-16
23.27147784718855,0.6177633863572982,-17.526643872706302,0.2898228664789695,-1.9296815237307694,-2.635873557058046,-3.5957188374621007,2.9867787329242034e-06
-3.9081684460858206,-1.444513339819935,6.41095383284128,3.710521780352453,1.4818421290057193,1.0114841235207273,4.115739633660944,619.4073081789043
-1.8740040437189798,1.11226334370929,-22.75920575311797,0.16700479475900742,2.0595473515597265,-1.7058542734635065,-4.946591983541543,4.541766991269323e-08
36.40466096433897,-1.5494800162477507,49.27316967823484,-3.8639769256365595,1.7993193160661836,-0.15749100346473366,2.606883839694037,4.8287573720135245e+17
-8.693812776096095,-3.1135792037360543,-21.311004978571233,0.425193875527472,-1.61881078823766,-0.6063939137017158,-4.512152764363563,1.446709501158112e-07
-35.34643191915425,-0.932381976134586,-18.988053928002447,0.06308345087396638,-4.91469281303762,3.0846743366760716,1.8828687627964253,9.278060327856473e-07
7.830549752323456,0.11304434525737861,-14.71816574176669,1.657374613174749,-0.31249019396659694,3.2595158994894984,-3.4222401979037675,2.8246737509977907e-05
28.642607972951907,-1.5045036981460544,36.925494492654536,2.797324845723484,-1.5002085999088397,-4.527731342692263,1.7960828059131853,24763591212587.473
8.088963186201784,3.7230746459270883,-4.87432240673197,1.6780163094993261,-2.3122364975728225,-0.2393104264115573,-4.1444852860050965,0.07431385095003396
20.469334719502505,-1.314282930882853,26.27939264481354,-2.007728547139295,0.1800841150184258,4.749051780316639,-1.5463729583351826,4954262310.530088
-5.303001612770771,-3.4908667160106965,24.324707168370935,-2.6057807802121644,1.859284337386761,4.690737886881726,-4.549105801393019,1037174197.9670334
23.409175504821853,-3.7049948814910483,-8.942540491336835,0.7468296710593414,-3.3155874107734764,0.7483803607443633,-3.255599630474811,0.002868309655102118
-21.22020248161536,2.866920906199982,-27.560482998859626,3.625621621369829,4.312154094393129,-0.7117770084135335,4.614971748742523,9.75192333664807e-10
-8.96836352695599,-4.633905767614051,-16.86154116046339,-1.9929460821250111,3.087517142014212,-1.060700738069312,2.544323713661665,5.084911522242864e-06
59.90768451550696,-1.1739064786007134,38.81861810901911,-3.171236508431882,1.129888598084655,0.6109385868135009,-2.7736087860194125,112603564474855.17
-41.10786708979114,-0.7027268968810159,-12.296005949133168,1.7880607341425714,-3.6857483171821137,-0.8991187255653657,-4.421137636614692,0.00019611589758017524
-48.9386163951303,1.2158303327422848,-36.33733743304101,2.5819758340303487,1.891412655474328,2.5603727049892298,2.538717857820897,8.703595903343152e-13
-0.26537632607136885,-4.520209866753822,19.41532411892247,2.9546949480978713,1.135564792250241,1.1774334995160096,-1.5387253768467621,20424777.295748606
3.877901530398603,2.3370895102299096,-18.014665073972026,2.534321052520684,3.0727854382935593,-4.164886946447075,-0.04730083844292565,2.02137606298213e-06
-32.12559707815717,-1.9234261443190404,-37.65347050420197,-3.184659524778768,-3.9224527674641516,3.545251037233877,3.5137647023018523,3.0368773668896314e-13
-16.65614759176785,-2.531452880764874,-22.603846224427027,-3.9196690069813824,1.3473430488983693,1.0620593746593112,4.1437284608393945,5.1428313001160825e-08
-31.847758026175313,-2.068877881764023,-8.316169079809107,4.644838448150729,0.13015911252748325,-0.32280516001403115,4.340124137074184,0.004734234357940622
21.045245850620823,3.1734953277945905,-0.7477476939152226,4.560364835949045,-3.841362265404644,3.3393986898724073,2.5324786227598493,2.0173844483857786
-22.491516599850243,-0.047032625142572115,-21.093497641542104,0.01941444106649204,-0.1757886395322652,0.008520013979498309,4.558479117129263,1.7216747995312793e-07
-57.76274939748677,-2.8680171188053336,-44.064133803375405,-0.36573095215056206,4.268124687495481,4.808545404579203,3.1603047525580976,1.7994289277638538e-15
-33.56520292665774,-3.2367984326239574,-47.38212249171795,2.507317289145602,1.8065193806982807,0.6064603031984026,2.573215951638213,1.2657483072661736e-16
-12.976749549892787,1.4106770622620992,-34.29576389915133,1.6903672532152134,1.56080791967406,3.034440105712031,-3.531512389675532,4.4567063051570925e-12
61.50698344047754,4.713097714195719,45.49656332123031,-0.45865637095497735,-2.4504417509923195,-0.2705679882037524,-0.4167059710002219,2.353466079767782e+16
-11.370705165502493,3.1101478987360167,-34.96403376473888,-1.628592897587846,4.272131128007867,-3.3827026769917645,4.3615548780624955,2.611158791280154e-12
1.0177578761408999,-2.4268824794181776,15.707110710598954,3.7595845723576886,-3.439940262440123,-2.9462209809665882,-0.027042440088230535,1051458.2503423723
0.8741473287954653,2.5372210127515995,-2.7330750580780148,-0.6554825694969377,-1.2949692666699364,-0.09257128738848408,-1.8451073883879419,0.4121120310951164
-14.941454541205978,3.7704244696725215,-22.37331826399639,-2.150451754185756,1.998487899818259,-0.7466329966591587,0.755514768063259,6.184376131409615e-08
20.27389066468745,2.8088439094427553,6.344625112547632,-2.2738521149243143,-4.406476167428992,0.7314597137257159,-3.343846990237579,587.396517476428
-8.885817703537096,-0.9316289113113996,-14.34412976895095,-3.0809997731448613,-0.13100728815501927,-4.62426177626511,1.640817042661162,3.809971275264256e-05
-19.455441172672778,-1.4355434940312914,-9.400508700598756,-3.5657991514554377,-2.8030729575612345,0.7454434791780242,-3.6535342433681786,0.0019884358377825874
1.612164966123549,-3.919051928947156,-5.716349247649255,0.516686393029576,2.124631161674939,-2.0197409104313726,3.1866511909073463,0.037889570171920975
55.07939480717033,-4.120307454624489,11.329926992977,1.0191938002600152,0.1427425918687053,3.376978560227087,0.24382156766897456,31695.86768352607
-14.598436483833645,2.4618286950846526,-49.667210240092494,-3.3720920342630545,1.3530926636464313,-2.5038968041478538,1.3947117223305492,2.0343541323223322e-17
-46.586455750786044,3.982746735803792,-34.953766204204044,-1.3838290548452425,4.810861120434421,-1.3426480513218175,-1.0864463062887761,2.6326953059417995e-12
-57.867203040917616,-2.8037089558432235,-45.85494390433399,4.433917197075839,2.890711561977925,2.3033912479490404,-0.4400729184556411,4.294805909046269e-16
6.986843849908624,-1.295666628385698,-15.516039156282822,0.9774784569151365,-0.11341644469530987,-3.9905366585964677,2.051480528184914,1.4919651445454478e-05
-0.7787874259332046,3.0948325663559135,-8.753663551961822,-3.9908148109660324,-2.8615948574039605,-3.02079931765265,1.0371408941616886,0.0033361733194305584
0.652175714156165,-3.7454887425504726,28.04981000803241,-3.215648025188529,3.962886837922767,-2.6878763115164537,-2.638433090955461,20421375471.015156
-62.97516919364337,-3.960591504297727,-41.132270795686274,-1.5550139261232365,-0.15795877908107414,1.0358122962296825,-0.9466261212407527,1.8783141867227148e-14
-28.000399819522542,0.6024268217624327,-4.037624324510126,-2.5020473953796185,1.3849657056376046,-0.25724349749034925,3.8925931056979586,0.14513376281858062
7.642745369748885,0.7666308338643644,-7.882418296472537,-2.7703527148245035,-1.63109385455382,0.9941706195538105,-2.226295288781275,0.006698078148916063
37.25031808221519,3.8067893053155135,28.881045512126718,-1.3088338714605752,0.8092642066605471,2.595239251896632,1.559484421176652,39708710542.40085
-1.8363759411242906,2.6245899337190046,-1.1174381587648483,-4.440465295954221,2.4047459167105023,2.2380105411976032,3.4299814419410914,1.500876803481565
55.25057875961963,-3.88909283641812,48.21534384603588,-4.030344885289326,-4.021298018124605,0.10750687377802137,-0.09982051565152883,2.0716149991888902e+17
-0.40943489495602314,-3.300599263250911,2.3428578067914785,2.683494812537405,-2.870516361080244,-0.18734876391599098,0.12982313130548917,23.909748084681212
23.056224992327913,-2.3685378737572957,33.83767807926071,4.6872964392385015,-1.5263760978339649,-1.1556570785894227,-4.365577392338006,2094094724298.75
-0.7140897410390896,1.0686201230387375,-0.9479847572916071,-0.2461292883006685,1.6127971795463072,0.4235360556037797,-4.5924776228322735,1.7187756297338521
-49.66189588969489,-2.6411849770644933,-37.45988484225955,0.6137976355580479,-2.5682574890387877,-4.858285669268943,4.800409698800623,3.5455678663167293e-13
-29.731002400171885,1.4123367460853808,-7.07478384312423,3.5235486110483,-1.3547209233891913,-0.6988012664106522,-4.094774248159261,0.012780597549685658
4.229245151509572,3.7566900411029494,13.460391671237225,-3.6877647464762897,1.2148487893811861,3.4927181463622112,2.914313737824587,174261.67659916228
41.31813048380502,-3.1961988354092052,31.26505611485598,3.636913222703278,0.10586747234424454,4.128534218485186,2.4625135415979136,267408928707.40512
2.1319037202937494,-2.44233984665731,-29.171122519358427,-3.271162452467742,3.063217487554832,2.791554978522793,1.5844590851609919,2.688417994435589e-10
20.135743927922448,-1.6303929210380677,-4.130675254840696,-1.4604257165537837,0.7052646491190364,-1.5530654335172023,-0.9559373016275341,0.13472222621460225
51.81603700767496,1.6810104283569052,49.99798651098175,-0.40518531481354536,4.508516051126367,-2.1490155313536863,3.468969637045941,8.623082573522738e+17
31.604347404647385,0.6385814733859885,17.338195048888608,2.5545343141632664,2.8295064237618774,1.5299203811720217,-4.426419642581032,3876937.280176304
-3.5041906906169764,2.9487381882579573,-20.385861657896598,4.9151397875444545,-4.808264787846239,-4.014569491379371,-0.47861088521289563,3.032557505251313e-07
14.49806504184535,-1.9595073377685326,-20.420032447313886,-1.6278563710844187,3.6822313583134587,0.31972906984398364,-2.776227938965615,2.950780445346899e-07
19.435973411047904,-1.3434814225504832,36.047175272976844,0.32199935358599774,1.3496491104704509,-2.8921082014279706,-4.974847405954062,12264625000199.361
-66.33843124357118,-4.26111046714475,-32.1800640734881,3.0597775863983863,1.5260393874488667,0.7633752396846916,2.9218707773824795,2.4214941430835738e-11
-49.101677896897556,3.178329724322758,-25.410465307198947,4.612237920305267,4.829472941895528,-4.751823036264092,0.2603079668940991,5.446066424916832e-09
38.02998465070935,-2.5969796987934113,26.968837913626558,-4.228739292919402,0.8821270854483467,-4.188865587159184,-0.34652319167637025,8600363707.6709
-23.524989746810842,-3.329100671868713,1.7556120506859614,2.5668331416419488,-1.9936579241894758,1.2424695817737348,1.8399080370202245,14.946686560886349
-29.345185807966445,-4.866925322277553,-27.45649269760354,-1.411871797558395,-0.7591627242431178,0.5224586203936781,0.5087749128218526,1.0597909575992946e-09
50.72443105938949,-4.728835575332431,37.02829558839305,0.6874471087998835,2.8116611454151608,4.36341682715433,-3.2898283805448125,26886259444533.297
32.23177919929569,0.9885958707514275,45.655274360715836,-0.07880179758817363,3.4841475856229422,-3.327732754556952,-2.1600354083191755,2.6720821518856012e+16
37.78138852550392,-4.509367341773788,47.406735454535934,2.402251583097538,-2.2879593870632986,-3.216787152578008,-2.5587080774647966,1.084850058736737e+17
33.25826497297606,-0.35619263072539553,27.381024633711206,-4.195190463888164,-3.9492438516236605,1.7930166207331277,2.1535170104226857,11959834014.292643
13.027142225491136,-1.6427464987676443,-13.7165154383015,-4.149033437714795,3.2878083275560197,0.17953789411651577,4.2638904012056535,6.294732133511289e-05
7.717871827828781,-0.090337830761543,12.6589052917803,-1.8136119386544136,-3.2312048527366857,1.18728013661205,-0.2976459963795879,91777.6638134671
26.790548554837912,0.6659193425156484,20.692354012270968,3.9993661921654784,1.5763582054807044,-0.2105675679204282,1.425711441443517,56733941.76649705
37.3385535056489,-4.262211040661964,18.059803831752845,4.211327910267883,-4.973697273125637,3.1045636337853573,4.851693896359681,6905598.831547574
-3.8902683241893676,-3.5926050000509733,20.440568782283833,-4.674860216307891,0.07710468495758072,4.800578100291919,4.967657157861229,46383531.32375096
11.903781408644637,4.680092165795436,35.83651202545512,2.637870003759959,4.280179655909954,0.26926686524164367,-1.469987629220002,10362448021562.379
9.517759100197765,-4.124440981135828,13.480166842336338,-4.2715183622481065,-1.0865752243652227,-2.6198858726883345,-1.121194262382942,177040.44244903146
42.98654499517629,0.2921940023168741,45.745915886456174,-2.549264093999566,1.4834916628636226,2.110861162517721,2.486670457717519,2.8730414900483356e+16
-5.9644641782960335,-4.929968623996048,29.60514627776105,-0.6748709361266805,-4.822221969913725,-4.400501977241556,-2.4214194292869404,70870281527.40086
38.52751458489563,0.16596757902748216,21.64076972918909,-1.6954328141163133,1.252396736009004,4.927809993486745,1.0793136690724516,121159180.86762896
-9.268483655865365,-0.8881415714430503,2.901257581028169,-1.6188640874155769,-2.4145932354720334,3.962624258138158,-1.9100965522973867,37.37515073785319
35.53314922685299,-2.901611263608345,3.1033971625980854,-2.3303685461869996,-4.316662293428546,3.759551664280428,-3.0131782093940975,43.93528387069271
13.335443598867542,-1.189917469201971,8.80261433224657,-4.154454898370315,3.6247695827584145,3.391385603897074,-3.452838804219862,4196.8581541370395
-12.18539542918694,-2.750814191544584,21.311978931294334,-2.736625208567276,0.9304823955962611,2.2934114992723034,3.9331481796933403,93137098.68919869
15.279542693880588,3.252954859837457,30.286215067235716,2.4815362340685283,-3.500924125367124,-4.604906555738638,1.088100826403096,122205764322.74132
17.30242060379222,-4.014007336694175,12.408054772299195,-2.4744226860694765,1.9003547180587663,2.885724870505989,1.8402002137191422,75090.08595898333
-47.667426030960364,-4.463826928929109,-15.020128880652969,0.3028178983646814,-4.8024911786470605,0.6078123633511625,1.85769787585369,2.218480185802046e-05
45.27881038751782,-0.8193602239321631,46.666911467748434,-2.3689473719607457,-4.842226350362365,-3.122268715119384,2.22878788910082,6.00244980238733e+16
31.722745568825257,3.6630328253044393,5.321821163803563,-4.99905575106077,3.5495264225117182,1.204578708009353,-2.2986943411086527,259.1629283848816
30.974905533773118,-2.168572849148993,46.15413825051965,-4.612920376375893,0.4235350045334769,0.17962782982377057,1.0038954707204901,3.982656713299084e+16
36.63226954621324,1.986784106885528,7.861333199324882,2.715594228134721,3.0745013551378158,2.33679056692082,-4.890149642835252,1976.467737306654
67.9728597744622,1.6104912971588945,37.6730047605992,-1.8567556454745846,2.5817666590683697,-1.6530293035647836,-3.6139840592142636,45032420798495.42
-48.78942334921841,4.677839877233659,-38.23364135291882,-2.853171836471228,-1.8274967775030704,-2.4666163604834637,0.8241985308567017,1.9092168400543669e-13
-8.398387901394095,3.768994166424708,-7.329407118065475,2.6782089539490537,-1.1223540285489273,3.4999947397473345,-2.8750808554555505,0.010425237868321677
13.587910989702422,-3.4307186603848328,-26.53252780410157,1.292247452718854,-1.1043473615083754,-4.7489293778686115,-0.9443188429105245,2.2194148801965742e-09
6.3597351985992905,4.332442476953201,-4.614935101216808,-0.023047407545409904,0.09873879302130373,3.758208568572055,-2.2163846036431845,0.09145135558910958
-17.657268764600648,1.8783111144936093,-21.92929636269816,-1.4637193237566448,-3.3835194946822,-0.04506178861891197,4.557463124762819,8.821956349832005e-08
-38.568185432844984,2.3025946434345563,-24.2989789359781,-1.1021062990735162,-3.334451477068784,-2.394738048416164,3.2766462688561546,1.3251128096465017e-08
28.954135892583732,4.111979429626654,3.076348158098149,-4.144763800086447,-3.9712531421881225,-2.0300379935547843,4.8507715482070015,42.99477198159494
66.53533331673461,1.1762953924337358,46.64893397756788,-3.0786802937209456,-0.6776372427622395,-0.12193125200888488,4.641303345986293,5.9167404295959576e+16
20.138679688805276,-3.9390572425924644,30.32447764783906,2.441729696233775,-0.04531785087135631,2.326294675574153,3.5516027750376526,126004331245.48512
-12.586744053357336,-3.157224245851914,32.337150977202285,-1.5165002540043826,0.8940555363978149,-0.18397651241606283,-0.06741723057557358,630463299291.4796
-27.912492798014163,-0.11723867549004563,-20.629269596079126,4.773172907077434,-0.09688112621566791,-0.8192083739973457,-3.9050926290082186,2.495976346987315e-07
23.54948761270986,0.1456009667835776,13.844975312233565,2.471437433237421,-1.3653170417422111,-4.820888058526478,-3.615935075896756,237039.06785137358
-45.84753126501782,-0.7219252642865301,-33.949309572349335,1.1438879253756546,1.0185646208498635,-0.507690462719161,1.0522263388589703,5.880098174114207e-12
36.15767342605628,2.479151084657895,23.988556433476475,-3.566740389243627,-1.9319006924851112,-1.3672967469616317,1.3297054449663124,792612608.8291019
39.11828550886997,3.0950530149560933,40.526366576600935,-3.8613010850263176,-3.8421997231976137,2.480749111466115,0.158366019043644,441453258797963.3
-1.844182687698364,2.7210442479768835,-37.08499308234452,-1.3985928151669658,0.3846291700071234,4.197042678705232,-0.4432043877377234,4.785601599124933e-13
-11.913142381287933,-1.425615086815931,-45.12054763559536,1.1707901319411373,3.025394961549118,-2.797465122870728,-1.3993460734491228,7.728566348052306e-16
1.3006868381328331,1.6729549396717056,26.878550450009257,-0.464882082867339,-2.8169287662738727,-0.6871359041023917,-3.3864429971899868,8001063921.788618
-58.2663825964308,2.1056319344421777,-48.96773242866013,-2.7086630941196788,-1.8285224630619936,-0.5715041417205144,-2.6005616792546316,3.560000331459973e-17
30.28115102597975,1.44859848299323,18.617588382310274,-2.011463144960872,4.296196639194736,0.5211831973974146,-4.672226289418563,10789356.596527709
-60.26809433741373,2.813004773830535,-47.14898303333593,-4.969080220618688,4.251067751582257,2.788175858481492,1.9883959898489625,1.5252755179298914e-16
-24.32429817496586,-3.7496048818520125,-12.971619471742912,4.072819425273968,3.524122578743425,-1.9577586439988215,4.072760832793495,0.00011423011660879523
74.61430545118552,-3.6621486696774443,41.45477572575575,-0.4140974843933751,2.7554824621354364,3.3016246426819205,-1.5481519842322577,927784480223934.0
-26.544944242500577,-0.39477634868427813,-47.89096627112651,-3.857813441126241,1.9206629813484435,2.8135557926821075,0.7068039707425626,8.424747993139795e-17
51.86260213487111,-1.4982160600869774,28.09911142814147,4.657617689691426,-3.535821671718961,-0.5696279133446502,2.9191260430825174,21242912398.91371
-16.237787300198598,0.7567686047775082,-1.7619282940484169,0.3421062956577483,-0.556492183461831,4.170816879757064,-2.8760943100674066,0.8962439519726616
-16.771737672487404,1.875825147167002,-46.22101758874662,-4.261072132304109,0.39384703249597397,4.9744115229943855,3.0968764090592558,3.2044722649971867e-16
47.77231093100864,-3.1428827296997564,46.26030390075442,2.302340855334336,-0.42649341255287965,-4.462569836084103,3.372238564028585,4.335693752897951e+16
-16.025972068045984,-0.4697953795623855,-5.333730949697568,-1.8696883036020973,-1.934019604585968,-2.263691690100371,-0.8855366561243825,0.05145823558883403
-25.284028969456674,2.4979082070997203,-24.277237821926867,-4.06225295668934,2.071585535730156,-0.9192666182019451,1.8671337610730587,1.3483619514302642e-08
-12.31144276328632,2.648659094778467,-23.68726424884703,0.9471359408252091,-1.9934032751848338,2.010289100136557,-4.055757151284277,2.1616446518778583e-08
1.2765307370942836,-1.8481513146636752,-14.11490305074183,0.4299660240136909,-2.6981716502828457,-3.9300190187903383,0.6878359068946907,4.5768135491997457e-05
-4.350838991984984,-4.476165122077026,5.464113807228742,1.1583167053180894,-0.28851671887846564,0.9234626902045671,2.5254813297127896,290.4092240730057
-37.51858853585445,4.338111658254199,-14.909804033934172,-4.780574798641888,1.2923616315076014,-1.5882869792594176,-1.7233848983683595,2.4231836606404222e-05
18.76720271853064,-0.4105298610896213,11.677354979109431,2.916225938769866,-0.8678232782543756,-0.23125055234204073,2.422175355312622,41851.54460193475
-32.67418333787536,-3.2765643944340517,-6.344531822156064,-4.282395401096656,-4.353358859124157,0.1030548571563692,0.5615186656460249,0.02292274894693081
-1.6385840109187395,-2.245964603228531,9.32200952236063,-4.602084285972689,-3.148970692240396,1.516365570408329,-2.1016042063900864,6358.880494026521
-48.176223080161435,-2.3053283483311224,-49.26861098622155,3.4995463530800883,4.5969323308573955,-1.4087070218967068,0.6412754425150702,2.7984278907824875e-17
16.289469870661733,-4.319699912369379,28.77791320571312,-3.79994021920375,-2.375510142805206,-1.7032416354887503,-2.315677707917223,36564021127.8741
15.308077758485297,3.2066587156076665,35.466542676207496,4.439121096435887,3.2316819459104966,4.465558249895697,-4.0106169563431795,7707647555790.836
-25.931686296430158,-3.4509896104002777,-17.48814629322191,-0.6770022273214318,-1.5924621068492586,3.1488988490311485,-1.3799815729284468,3.080196899609364e-06
27.525066807799902,-0.5410111964679878,40.35888822638,4.313930189802296,-4.805174632684484,3.1861690528277506,1.8007888242129795,386097321210914.0
15.043108215383096,1.4553611439582514,28.48637942097018,-3.5422170953683074,-4.7110254765918445,0.6697176816971941,-3.3569309950184065,28957745039.55731
-17.069563571382535,-3.7582495544129624,6.473405438725301,4.47826348418015,-0.4916640550256286,-2.7644085749804024,4.530552007408705,651.1397904169356
2.782113689348603,-3.1584123326091964,1.826042321646817,-3.590494340539859,-3.7575424514151825,1.7823798927915613,0.5752725368068043,15.813023257402321
14.522705099567716,-2.50573094467787,-38.53114245207422,2.484978812811823,0.9880422263163826,-3.850646881077716,3.0928579071658735,1.5048485279619097e-13
41.64876512716771,1.8717981479344576,35.443429301826455,1.1570160526303717,-3.493742901103567,-4.4691379651956815,-0.7746480186936981,7566437322306.949
21.757389016965114,-2.471656579652443,27.970112060327708,3.387420027434434,4.721378592852197,4.718804012398772,-2.910937316067832,19159981582.90032
-42.42918958275593,4.011230966558507,-40.47177690643833,-0.6468567583204612,-0.6244926737883381,-4.9971651041480865,4.253987708759752,3.186011358996331e-14
-9.028808702875802,-4.49746765705466,-22.171356589019307,3.777295688043825,1.8160099725039034,0.5680386356760323,0.814865712689147,7.26883094126799e-08
46.74029515194923,-2.852314679678557,20.550544686029596,0.1598608569815152,0.27799143132634185,-2.0765170480752015,4.874532219066207,50649288.88733462
15.57130635471907,4.833094026077729,0.23847464441995925,3.822226223802849,-2.631660328837291,1.2232237649856081,0.7189188115033707,4.440556540445152
39.51400765477638,4.57367262158191,31.94059333859461,1.9818173293109993,0.6718821351895832,2.2739383745792594,-0.47921599097317014,459072814130.6257
-24.973654533589226,3.2124693113047016,-15.82943979528514,-2.214738965076469,-0.49171897920315644,-2.7714719674346067,-2.3362600731937455,1.1611067310222106e-05
-43.2040009156028,-1.750401432182378,-27.342253529715542,-3.3296684169628596,-3.9541185312520777,0.4307070122403527,3.9985574528580887,1.1612105205262043e-09
24.490811913169132,-3.791347288939532,32.542076451500265,-0.6543403439242699,3.5831926350474745,-2.6861226630338364,-0.9245637236791326,742776598287.6981
-17.96110855375086,3.4992894458973804,-16.195125605915564,2.6515090650423296,-2.0267333832554746,0.1556220206430936,-3.8835991809675674,8.666023830788396e-06
-17.63460655712734,-2.8287655194482344,-2.3313006913408074,3.4184685746791423,-4.787020049809697,-0.2049092219360551,0.6061975841921932,0.5683370984745625
-12.528983277129385,3.454407098693949,5.647284818273647,3.6825125070955025,-0.37703330249116895,-0.6576706003449209,-2.1839433136431277,336.2408957183452
81.5379926865485,1.6068275531158935,48.41872902583219,-3.706988423036276,-1.7225473259743884,0.5728728870659658,2.091616999463187,2.4376553123983338e+17
30.953743710484524,-2.638996325740327,21.08833518108358,4.558818846341941,3.2661777604463147,4.868846523819691,2.245636159569825,77879097.0955564
-45.3780108363986,3.440835459120441,-37.75071375304033,-4.297739971293804,1.9729508310569601,-1.586791106708728,0.3393360876283671,2.809580563343406e-13
-8.415827674453308,2.6602852385826417,-6.304178491781919,1.744359569490487,-3.5412448872094204,4.411135309603226,0.9503059039974691,0.023674830641125345
-18.234774487924554,1.1671622810874593,6.182117621846132,-3.8174190476014913,1.470466279068912,1.9610469364317424,-3.602310719460209,515.7871072396337
4.148533385182173,1.3211595101603741,-15.018512775918992,1.7921306471349325,1.8402067529942991,1.0614183365333139,3.215453368302903,2.2213502778143763e-05
47.228851017983004,1.8843722400022633,39.75470958588974,0.29051670792496154,-0.45889781726643264,4.6891444936616775,-2.4718419061715045,238113286181728.0
75.19614252601649,-4.1040169401354625,45.67224231574649,3.507567361002568,-0.22280491639556033,1.0912080094411056,2.9701420708719652,2.7086012688529656e+16
-38.385893438254776,0.8359376918734949,-36.45720215472441,2.95561275230821,-0.30305223894869204,-2.5023868792248583,3.642758191005335,7.907759440991685e-13
37.307335939295285,-3.10600732798111,40.81466605023519,-4.6964516483487575,-2.8044798514485567,-1.674851406015787,-0.16954117592168494,555968547974643.56
18.179276018455845,0.9962288291227495,36.05630945517068,2.6187683864527402,-2.5715167198769615,2.148281549374044,3.7302801066332627,12354575103627.896
50.23552896650176,-3.7743721947361775,39.89986840719507,4.364571504911522,-0.14252059442847376,-4.3284033698932785,-2.2854822206870926,267434214724451.97
-17.469062666867842,0.45174722925462074,-3.590610976047536,-3.0675130282139773,4.784062177533494,2.7681356047458845,-2.3666366468686393,0.20752804727859214
-38.669708900072024,0.1685278950088378,-31.00562609940203,0.7185648673426854,-4.2603581923462785,-1.192634960701163,2.0931827231548725,6.196193447457529e-11
5.8791448700205216,2.2576873869948386,25.372528516268545,4.8468573507232975,-2.7528494364449854,-4.616508509357634,-4.2571924703027975,2398292380.695615
47.40926370229795,3.100883220091852,27.47079531679644,-4.178063339712544,0.06773055799903194,4.684354171813961,3.8864312934320626,12850341880.719126
-2.0426850255316036,-3.084156565993222,1.0021944436273245,-2.2141983808998256,-1.58186487663892,-2.372783220373955,-4.494924623933802,8.180518663511897
-6.642813341516463,2.4294743637381746,-7.311372029029471,-4.496042012692326,-0.14702577789523197,-1.8157244418671326,1.061805164144701,0.010576744287326677
-51.51074830861871,4.936785855745132,-46.44890010338054,-0.6170201855905963,-2.688287520114697,-0.8246762070661395,2.380139494006114,2.67043506598662e-16
-3.3210519834562007,-3.479824222995538,21.22296823874285,-1.5449794911397028,1.7925676006972822,-2.42945520812464,-4.116757439758008,86735567.23285072
-43.34386711029615,3.4399601756476486,-40.70892464277639,-1.3430615463389852,-0.23969294843371625,-3.9413875955108066,-1.8054634560990444,2.635443786392331e-14
-72.77168603443596,0.8508218922892006,-47.064851399350474,-1.357113403403437,0.14400829466814002,0.018709586363265807,-2.9420710191162014,1.6314682372444202e-16
14.020926397211825,-0.3993042136781657,11.97571933187389,-0.21181877400371008,1.6141696885513994,2.0347558933522816,4.120941820935018,53134.168002335166
-45.71522486028234,-3.046109201373166,-45.74636459158611,-3.8321361059137504,1.0767479907354076,-3.6898289323150313,2.3104339606902604,4.684549788192731e-16
-19.177189901902576,-1.577474604768697,-28.48524449767241,3.2169307644188745,1.322002452223046,-3.487508233233918,-1.3556274965257886,4.6536661662305733e-10
-55.05876792445829,-0.07274386712909564,-48.39512584290817,-2.760651351226413,-3.1331779173944074,4.111502705839419,-2.763007977375934,5.628516490175569e-17
-43.880018804307774,0.7351612380281294,-43.169979834233565,-1.1295574292145694,2.9958311518971037,4.868418336276903,2.729792488491862,3.679557599856436e-15
-5.053443943243739,-1.5961588314929074,-21.06370185848333,4.8984309517053735,0.5355597271039283,-4.350158463071821,3.9395266974414387,1.763206742833863e-07
-8.268260054495062,-3.3280554668239173,-10.80278080537368,-4.085142404949074,-4.216293587598424,3.9429470064416954,1.9479767360724605,0.0006476082193018932
43.208348871346644,-2.597379803926648,39.66379007730987,4.339798231421387,-3.7754510337250515,-3.6540714188664456,1.386602907874912,221408839714225.56
11.12084101598176,-2.386869978125894,22.262887950167382,3.073745822426808,4.8471882239824495,-4.2857934050783335,-3.1891872954633236,199297723.00071892
2.0415714986951072,-2.8641767568993903,4.430914198635435,3.538784583397195,3.5187298004049854,2.0388659632245076,3.0983498918825543,127.069141415296
-6.990310535614267,4.879309834276892,-6.069155506758619,-4.885089225537419,1.4067944700723878,2.0550535249503,1.7464478883436039,0.028572104467494995
53.423607381929834,-2.512729523955657,46.73118928136702,-3.053249488375532,-1.9675299245970357,4.501344747164541,-3.615060576960989,6.319183060274781e+16
-52.791501120048096,1.5344306991668066,-44.397303039953584,0.9131138889533865,-1.6889551237940559,3.9263013022586826,3.7656600475476143,1.37841455145446e-15
50.449232806945126,-4.159507680125594,-10.958402665339626,-1.6128528025749747,-0.9083121500499383,-3.2128681582699548,-4.217631807239295,0.0005717995115711427
7.936346721804759,-3.174139677780202,12.166614767871195,-4.538173636932109,-1.8817907715549156,-1.8657205160832255,-0.4422062416813475,61901.01242142166
10.63194751210448,1.8905940154568848,10.025216811993346,1.5766767985979477,1.3216140851204852,2.066496391403632,3.973866288408839,11160.917542155374
-34.31010138997189,0.20333151145976913,-16.36323753612031,-0.14655974102674385,-4.384321352156074,2.952808209530292,4.416114913450182,7.575508887962664e-06
-4.101619662425264,-0.6786966344063492,-39.20006813747875,3.824648798159796,-4.543721183406938,-4.751856478830316,-3.972286444557529,8.812197064902566e-14
-4.376739379774551,1.0597407728008932,-7.5144280703839925,-3.6337534667326796,-0.5017767429248234,-0.6969639320524585,2.578026571359141,0.008990898812909109
-0.534663006347948,-3.466792706368005,-25.59635869689022,4.841073595062136,1.0919592907537794,-1.6479552585454496,-1.1264222690776848,4.69350143921189e-09
39.18439343875025,-4.7692705808762925,-3.6760973376455155,2.5760083638158644,0.6181883364674157,-3.8845598930165814,2.5801315643794656,0.1938098277326527
-50.53514966516461,4.047813278103359,-36.25681222356356,1.7164134156919966,-4.711945044889112,3.046881326261092,3.0252492647438114,9.282736920295552e-13
-6.98780159097815,2.7001627338168372,-1.9698522451155753,-1.7486770625960957,2.612842960042175,-1.987070327033055,1.3735523303280006,0.7589026307160872
30.301076563368973,-3.0601032847573304,44.31350521073253,4.4204273134070124,4.998506207240659,1.277668761954109,-0.5154844191638244,9134219756750588.0
0.7127642074209106,-2.1505870165694585,-36.19735808606761,2.9700282518747825,-2.420156005816777,-3.716780717887853,3.8088124931520504,9.734923105917366e-13
55.710124016572195,-1.9493101479175525,44.08594444782585,1.9521577514306117,-0.9798100434619093,-3.04182852087897,0.5037753428795053,7613927708380310.0
2.4587538061588337,-0.02181663805752798,-5.944074343805674,-4.449145583534073,1.5469893950049212,-3.831908074580194,2.6211307080398907,0.03157910930213808
7.328276944709646,-3.873340971286342,-18.51288438514359,4.430387723357894,3.2104046152127594,-4.72840423183562,4.412128562948549,1.3569004934769823e-06
-9.913641115347865,3.536101156771032,14.492540028022262,-2.4463477565186875,-4.792151068006067,-2.5812818603771506,-2.526608641000042,397930.2518964613
-0.21514221650743792,2.929834171594888,-33.35523339292463,-1.3788838032909334,3.607826782453799,2.774026846080865,-1.8447029823466767,9.457748963110194e-12
26.634273495929737,-2.8517645708069095,20.104134807978227,3.212929468559148,-4.039364265817998,-2.8570343571349985,-4.073992285116093,35438446.43948201
38.66775961077301,2.2694807300246955,-7.00859819581737,-1.051631854855838,-2.4351448669021893,2.63748522891035,0.9913703640652605,0.0134755471706686
-19.66156904434429,0.216530691123328,18.140394347685728,-4.029073982365175,4.533438587284365,1.6760707742065755,-3.5540075707435834,7365485.150514781
22.462074147128675,4.163319893081656,-2.5937765705223654,0.8469325191661419,1.0008435125519988,-3.1358977792039457,3.5066963218235987,0.46069398819095275
-54.27398411368235,3.1991353478769415,-19.777342848169454,0.9850260310247982,4.628522457508657,-0.9945760014065836,2.907730606909622,4.934352074754008e-07
2.1139158723291063,-0.7309529190965014,8.962312977442721,-0.9408442168521658,-0.25785156735491643,3.4727324418647854,1.7630543865889567,4768.801917289086
-2.6608460005694283,2.8697561115602745,-29.729085529535084,-4.215238366450698,3.0708472459174274,4.434613921132705,-4.585193543827541,1.7204441879833262e-10
-8.507363436924976,3.6106187413658386,-25.75393383132444,1.363820603844209,-3.4142124127086326,-3.7996915321587865,-0.7454516104888498,4.137611843034087e-09
27.371752528106448,1.3296701631555496,21.13310404030895,2.278528480665174,0.6187496329002435,-1.505199337981459,-2.5315735701942432,80718894.00131088
-28.60074870101613,1.1453858432655473,-16.843634817607942,-3.0903641599985687,-4.48482938141747,4.771264848322662,-1.7640063945017337,5.158277489391907e-06
37.167511265464164,-0.9346018906454674,47.579602088040645,2.804274492462369,3.5429455484024928,0.4549913351594679,1.5277437754830085,1.245746675539129e+17
-4.092169536214522,-3.976408968469297,-11.63543723614167,-1.830915030951339,-4.2535109730655005,-4.138210490385269,0.5081219733092528,0.00033267324734667707
-21.332429691737392,3.2298478323731388,-39.25279223836162,2.926361158598281,-2.042574151316765,-0.1706801425904345,-4.737878978808638,8.448234724718325e-14
9.19506874805204,0.2929725070544187,-17.866748611769232,4.139597311213652,2.380608937441333,-4.631681181473807,3.666029400820591,2.275299446437655e-06
-18.299771401750533,-1.0209684040196807,-14.417399156553323,-4.410471726787923,-4.820054730028779,1.6550118334348678,-3.3091923952738633,3.593066943948741e-05
78.71017324651642,-1.4238928521399585,48.019756149125186,-3.3744265884953375,-2.7517923101031947,4.575711993621326,-4.999477407105628,1.7715561451773456e+17
19.8019008354631,0.6847637757699498,7.556233248601799,4.246965598834995,-4.267733811263202,-0.27348793610298205,-1.7121995368460627,1548.4142146527795
-19.740417039556117,-4.094357683941736,-34.03196618840437,1.3376751851071127,0.5309546709879953,4.307146732911633,-3.576204463001603,5.503851749411959e-12
57.79697826888924,4.153891572000877,47.140421153620764,4.836460595676673,0.4760943674596394,-3.6161914224090843,3.010103426742944,8.766831345455315e+16
51.54617033615778,0.23317146250043663,32.594463753405094,2.404369701583782,-3.526702976270851,-1.8779027100792867,4.025382083705411,774567776300.9849
80.12625276666566,-3.8454424183976355,49.41241158022008,-3.0602117146359875,-4.299617699654644,-3.003942130385371,-3.724052573373463,5.3977526082117984e+17
35.80267542657129,-2.13550167910594,41.282862560739375,-2.7199889579744854,4.918652512151102,-1.2540578294626235,-4.406282691827243,808571356221294.8
-5.892249292950126,3.868792516843902,-24.251956793621275,2.879562465808129,3.24353102065502,-2.2213140445738846,-2.086613275499568,1.3759099706381703e-08
5.492984142721071,-0.0017246397620960252,6.82807419592509,-3.2920118385245765,1.9193407523810668,2.0273654091054745,3.2749771588314225,864.7663516455823
24.466526643018465,0.39410991721151767,21.73331870702937,-1.698923071080217,-1.054438208046664,3.1741594705550433,-3.005428480473571,130470142.52310073
-11.105027505271995,0.36814627824619084,-16.47464304581584,4.739520794867479,1.925058982026611,0.9670104742636401,2.753737631201256,6.929558629256869e-06
3.0372824920225234,-2.6627562146072847,-11.81717211505292,3.655964925721973,-1.8179535493061572,2.798975953166009,2.2142464163533306,0.0002876581701275506
-8.585491886626805,-0.4850338611974596,-4.026374388651654,-1.789323795364366,-1.2946426464474428,3.7277382564877364,-3.7572134286821255,0.14644585476023284
-102.07566553693158,-3.45073185807355,-35.77895107161042,2.1682423915551796,3.7820859445006683,-3.772779708009457,-3.8730446502607396,1.3605108560157125e-12
-59.97368584675594,3.8918593775383172,-43.4180969625351,0.41103414674992145,-3.115174608413307,-0.31806723975852336,-4.1499915125443305,3.0171082057573934e-15
11.184913394246909,0.8908589300869307,0.293854510436276,0.46650266784161865,-3.0336203501946035,3.239010067765305,0.7218028588161669,4.6417135997415
62.748000417708425,2.5300436899955967,43.23384145985656,0.672351558933749,-1.79741916762001,-0.08508025131170438,0.998941319033535,3850861051270815.5
-28.81056376756011,-3.065494510258829,-39.8416164497445,-2.2176368055086417,-1.4774842961304824,-0.11885847517879888,-4.2251646699137515,5.274575183160263e-14
-15.024653017644994,0.7475161899741742,-8.526038509721609,-2.9637521766784514,-4.6106068659436055,-2.75074569086466,-0.07949611970918813,0.004002521234584084
-39.398758271055456,-1.4746450786509868,-26.717440055160935,-4.070114385483786,-0.7249473799557018,3.936673228643503,0.7541888356137392,1.9142268220310417e-09
8.265892900000487,-4.844731741268031,-4.953344157324615,4.78752712795295,2.793953564595215,2.6253324984676514,2.3439221885455215,0.06976133755769803
-26.11349615568359,3.823113768004834,-34.23024705163144,2.8168554652634112,0.6165092876571592,-4.23780799778082,-4.64500060305938,4.696527822951356e-12
-29.336950506552917,-0.7520044508170445,-10.410001654562407,2.235680864635813,3.6737514960693005,3.935258797278422,1.9170261142766396,0.0008867022415169328
-59.63225892982244,-1.3916153886321538,-36.48231479844788,-4.485203199900518,-4.091842685462231,1.5821355480913795,-4.800359118364326,7.750476847361794e-13
-24.912781310373777,2.041472456484917,-7.749659273009591,2.776305746064738,4.043019954626162,1.917431691057291,1.879981563480988,0.007448613149063602
-22.94706286524002,-3.7656312528946803,-8.408715266456902,-3.919741834452941,4.474886316848268,2.4855227696760007,-2.5876227003069396,0.004396386993727095
-0.8515101695808927,-2.8571545323134284,13.956370171636635,-2.3641026634254847,3.0466314220317496,1.8933360493121985,1.3724849002968753,259132.84838574837
38.64331133398856,3.578896079535351,46.027376424955946,1.8719813359034347,2.7647606798962707,3.4854076156267375,-3.9182769016213284,3.5985811834150976e+16
-48.64808313701265,1.740784526571244,-14.467257225496425,3.2965645687850245,4.696230773502478,1.586410008101021,-0.10496917939171801,3.452572773500281e-05
-10.020518444765955,-1.8214563148381293,-5.519821420138548,-0.6496973219147231,-4.6573314014025735,3.4408904362048123,-3.8119367174392482,0.04434048502386285
-8.616426211468522,2.507389546138552,-26.537005492694355,-3.5723598496574924,4.503840018904565,2.698109572003853,-0.37666085231301594,2.2114788238050275e-09
46.78239321147345,-3.474161653009432,17.594663874515675,3.3403570595882197,1.793420951997403,3.9064287804987305,0.14256923551782386,4759870.879158816
-12.409866191534713,-4.848686408331586,-20.949076703896395,-1.7410887298296887,1.8042686422683314,-0.2530664763769508,-1.0712531719829057,1.9325382375224005e-07
-3.8844876060030913,-0.11695673038243903,-12.386346031880791,-1.6144717666921702,-2.8517484776037505,2.6183596887683622,-4.975349799416859,0.00018244225873359097
66.1431885234678,-2.7962733393661123,26.519821019875764,3.6383727421285776,2.7774479325864743,0.8202386070192222,-1.6435204340604725,6004991133.157183
-41.05682920702647,3.3078680323515126,-48.170665682054334,-0.8095936143680715,0.1235565037432913,4.499799455462082,4.684236552201725,6.735648109203495e-17
53.202325646672946,1.98301226318282,38.61620761713051,2.0298456151550317,-4.050692514026528,-3.1205373510306043,3.939885201384536,95769568484560.78
-1.3292703389589224,1.621421766396793,12.139657265610161,-4.756082066507953,2.2414773047667786,-3.9483949327041223,-4.2606225401909725,60580.34699759391
-51.32624078145139,-2.8422901036099155,-28.81153539876714,-2.3906677529880414,4.398405992076725,-2.3411998137550527,-3.0311937333661865,3.5845129637833273e-10
-5.04955565833974,-2.7874090219913406,10.092010594911137,3.9337858385334776,1.507920268120646,2.0957416580548163,-0.07657242491172767,11773.523001837992
-15.584455527441131,4.2094730588821445,-28.32852301302371,4.511982080690412,-2.251139996770889,2.6316033720496854,-4.889236498163289,5.275284014486246e-10
3.1346179993646484,1.491913584266598,12.11090086828569,4.859176277292756,-1.0636875145996427,0.542166923965123,4.559383298949873,59202.59738336024
-0.616760440843052,2.8264064564471276,33.93169853686916,0.5923462758954043,-3.5283441541439853,1.6218621812439524,2.4119260830375966,2257679946305.8604
29.11985058073646,0.74346040553971,37.76865144351858,-3.2878067687836596,0.7439387599514111,0.9626247910707839,-0.4177745252544458,48613440145889.74
-13.566047495833894,-0.3151715751557056,-20.59445276539322,3.160238280701609,1.4951320200336156,0.19440150808681977,-1.1197281032330828,2.5664751965027557e-07
46.381393621786145,-0.066002843497448,45.68549281905224,-0.9102754196414509,-0.40534173205263535,-0.2506753762558125,-4.8107420481042436,2.7374662528403016e+16
-16.29634377528535,-4.752158961280495,-2.4516264482095877,2.435582969484952,-4.478190285991879,2.158913562192108,2.9097787977352123,0.5161792662780891
-3.6746251860251498,-1.448558222082724,7.7193409695805,-0.37408688497570974,3.887151945028119,-4.07190208182845,2.75848622068139,1764.2355786974117
64.968339743267,4.735163291845611,45.70307608244471,0.2708946246475641,-1.954818665729027,-0.7905433420030281,4.1682366950589405,2.7762452299194684e+16
90.74002671968628,-3.508020070490786,46.70667324776262,3.5654620251540265,0.8988559610647853,-0.8725359177925167,0.7890653326841965,6.196453487898296e+16
-83.92887354251326,-0.3592294329723842,-43.05868341662223,-0.6730489771538579,1.3014145998462157,1.706119261237471,3.699924719240766,4.0222025942978405e-15
-8.865707217400116,-4.326939222102785,-10.22739516873009,-4.714790841437566,2.5481586668110703,-2.0806917672957814,-3.90533416888044,0.0010261758686492435
31.562655194343026,4.960501194354729,39.97433878001712,4.942596222262058,-4.256021996484308,-0.18706757781667616,1.7728130641552218,283851129290505.06
4.558577915287284,3.9602261409734716,25.125481242152375,-4.475402725979358,-3.3356931805566115,-2.0864631365121977,0.014179700946722384,1968199482.9396477
12.708276446038276,1.1820099298305164,-6.190847906699339,1.082077490062641,2.989315963864435,-3.35434574360711,-2.8562685082588066,0.025921609218983652
43.17024876861142,3.071121524831865,34.935570245342916,0.45678108510770254,-2.221784235979868,3.7181949829797105,-0.38376903025378617,5040146153362.142
4.522565690056529,-4.747304447270664,19.161056596368326,-1.5907113211699553,2.0054217374797743,-3.1187911223972775,-1.0415714360289674,16665400.08763497
52.428631616098514,0.9057923312059426,38.701133781518834,3.2761971047037957,0.7322299347306993,4.319248882954209,-2.881410282045139,102502368874948.98
-51.32947943746879,-4.130847764755037,-20.437135083269787,-4.854835655490556,3.651672882680643,-1.2727026198782996,4.780763405652566,2.9106824842121775e-07
37.89569638295431,3.4178629151880315,29.80425947415263,-3.1891067669320483,2.0634748030262715,2.9186933937036947,3.78371463282957,83108064458.02084
3.6708886324722334,2.647003754869628,0.2969992400163832,-3.1367710902791313,-4.225051072095438,4.845934994127511,-2.1705892435149887,4.653405848406338
-1.0502594364377085,4.56192353552094,0.6136650653569404,-4.880028773024395,2.092396177958566,3.756304670223914,-1.7528355712315125,5.995037551635027
-6.024044341167819,2.4524587358733125,-23.583518617261166,3.0959927025940956,1.4293436070535739,-2.0831659046261275,3.210610988468556,2.348709081368493e-08
-32.910792927579784,-4.0155127235639405,-10.015196308657067,2.7376970284844155,0.6241789249641165,1.6351202077666596,2.6933728724451846,0.0012160382419925321
-36.26895425238855,1.4270742793678748,-47.5648978794669,-0.6102523141275995,-3.517782939807994,1.5281235697435678,-2.6484904590526814,1.093565199909089e-16
-17.34981551024804,3.707297144553488,8.722576612615995,2.462515691623227,1.3873704624263574,-0.777182155537969,0.9934048345251583,3936.5551407850553
-21.628671525477614,-3.114040460025321,-33.739271439078024,-2.076185277050765,-0.07811450857163482,-4.700204092495779,0.18770613920304324,6.955995605020364e-12
47.44616436854072,3.9683073987559254,32.489312036042705,-2.537339836392861,-4.7794844072157385,-4.681388230523988,-0.3864797277430849,712075390889.8954
59.885420312615,-1.0034867784220145,16.946270713922445,-4.021716886340274,-2.2897822239948082,3.4425398405747245,-1.8535958540897468,2833481.0624967916
9.215623523451814,0.7104574526893721,-10.726723991918988,-4.875978511950897,4.841677568203117,3.462088247202642,2.9640066051641796,0.0006882356985932716
4.806649341877332,1.6080416492924323,-17.015789815169683,2.3052118500200383,4.249931978957294,-0.7582689664967477,-4.756062393531375,4.494609122378738e-06
-9.624774418853082,1.3595705199386474,4.646983488398945,1.5300378757152036,-2.501860500365746,-3.1871068341127042,4.8848067267053725,151.04635715392976
82.28815927937461,-2.1784562520409576,43.30810280776187,-0.11921035495591958,-3.0197219660332717,3.1906323749543457,-1.0724062308551385,4086569443811666.0
29.40809013962397,-0.5364286621526109,-2.1217317903593482,-1.8272231448705742,-2.216725969008584,2.5936925004947327,2.8959702508078244,0.6720749363251077
-20.937595502938244,-0.945653127343693,-4.098645788257073,0.3984261939798115,2.452972358654523,-2.6805972653051735,3.8099482582741917,0.13821889835135287
18.585788569027628,0.10184503810216494,1.8960369064338423,-3.9869006435910634,4.424325844485116,-3.147866990856153,-3.4948101661603417,16.723744319635145
17.98018229565919,3.4567745708164708,15.659750041075924,-3.09619802850043,2.819643893707825,-3.3263178734416354,4.190960092438436,1012365.3007948658
-17.013740369019846,-1.7664030165094493,-35.058953693765716,-0.722918486403116,-0.018335891758866296,0.6238825975581861,3.6934431211476397,2.4202193121456246e-12
12.562354615669657,-1.518953748565277,13.5800890380239,0.012730552405839646,4.677500366597018,-1.4427202122961824,-3.081877053555395,191773.68473324418
-46.4599331159967,-3.5066850990610208,-32.84893766785155,-2.5038621396564342,-1.448614132841095,0.7514307133758251,-0.21867423764846716,1.4180545380992118e-11
-19.511212836701265,4.485160279110707,-43.95829654753549,-3.2927518956219473,-3.769606772598124,0.3134048210272953,0.21938293903684603,1.958422215327308e-15
-50.34771754256727,3.927409205233305,-38.15810135869819,3.2984148258914523,3.7388394148118493,-1.4035970235739037,1.2468971997566367,2.028152179194195e-13
59.624716031931456,2.400561806943534,49.471179211102765,4.8800990236857125,-2.837416481847229,2.3503134335595757,-4.4946118759784355,5.65758310621833e+17
-25.680059771944375,-4.256238143179914,-31.034833456085774,-0.8453244866306919,-2.252340925960208,-2.022690903084021,1.9487765044015868,6.053092255422321e-11
-5.620972763330286,3.9931816363567663,5.043278163587836,3.4143196482305846,2.212577937251802,-0.16016644068908992,-3.251277813343295,207.39444902880805
-19.74919026354316,-0.34455184222591484,-30.049043686702646,-2.3390570783361686,-1.9920147688820022,2.8680364689298985,1.0373408505451582,1.331912634934145e-10
-23.01051781203447,-4.587172698810456,-16.442920671137614,-0.9709431851802073,4.562168297023804,4.224659625262099,1.8175603276945793,7.107666719108421e-06
-33.038732482071126,2.357861729056401,-12.835681340069783,1.785409740394483,1.470096812838058,-1.7055807610059448,-3.927843463592977,0.00012735334737289946
-21.545306924895876,-2.3158542548495022,8.643659303752713,4.189141808682612,0.828880241096237,0.30957043314331045,-1.3626839615676456,3695.708065379319
3.138010915206584,2.947637706708786,16.902807244930713,-0.9376670457972018,4.172074802785392,1.924547562633812,-0.4149673079274816,2736651.8974202583
-0.1792675969016777,-0.748289826648084,-13.185168921551096,3.3739045631054783,-4.736351254812989,-1.7016653398258628,-2.484286541264449,9.629105433035455e-05
2.847628034117605,3.48166780305122,32.35454154914828,2.342628895199155,1.9554686860831483,0.23899669590410433,-1.0985269739741845,639295892254.6798
28.20489790431586,2.5718873433375187,30.281803093729863,4.531519509385568,2.843309895850684,2.866866919855302,4.192342798571117,121775189767.59518
77.19368642340831,-1.4700492895851203,48.24470270484504,0.3448955441644106,1.8265176059501274,-1.610182153242886,-4.23130514595427,2.1208470970958234e+17
-52.246136949943434,-2.858341397005908,-25.270453637289812,0.4170346375075775,-4.895555662142352,0.44617112776628964,-3.488462199199549,6.091552206219781e-09
0.04941091225173189,-4.693718150460791,14.287828295067328,-1.1805304778118177,-2.3259529599630255,0.6597973995830362,-2.9860758745789506,337818.02302217763
-53.030689262332935,3.508000522727972,-42.93012166601701,0.7531992956037739,1.289253894444963,1.2998932696732846,3.023288705319553,4.457905612359904e-15
35.04947320798139,0.5960018211870501,36.166283953672234,-2.4749648045339425,-4.742594821275868,2.4103740922625043,3.3809129991491833,13490774035097.025
-63.33040459228866,-0.9823341154720522,-42.87302435928958,4.185937330717524,-3.0364099693805082,4.217836112888362,-0.05887191931192781,4.6662553952723695e-15
45.16785756452177,4.4273913413256345,42.20522941789257,-4.428231957179593,-2.424639087309809,-2.6413719461088982,2.8063996638281505,1691147240912393.8
-19.620114122737014,-1.875221796297363,-5.01265741632583,4.403734904583773,3.3290099750715,2.0362815392628786,2.4677203022105125,0.0665284280588864
18.5438398231544,4.952297297216441,21.757300775492794,-3.6877711340731247,3.9148050597233546,2.31078692682222,3.7141394033573185,132997464.27386478
-36.599196190033965,-2.506915076202989,-22.882073938876545,1.1042827237115276,0.2875293454342911,-2.2756068802140375,1.528788786643677,4.1165753536123684e-08
12.25760293473316,-4.895307175169778,-0.7566370420871635,1.851802419064839,-4.1190598785039,-2.1827043194921227,2.535841287191328,2.0030887541884344
-16.78768752480138,0.27554507507987225,-5.5909071356359235,2.0701502381993384,-2.747067880118964,0.44491072192967795,0.6154340195413246,0.04188926423016221
29.47108180784165,-3.66985651175891,19.248769113202812,1.3835803384553147,-0.24692862383913639,1.114781974331284,4.190040423868751,17876816.979161028
-65.72350693304578,-1.506601544130859,-48.0792875175237,3.985693794720543,0.8156087364767197,2.33326168009829,0.4186055878813466,7.246485312804132e-17
2.721686228772107,1.5215621720709285,-21.806331664178735,1.106747021536144,4.671371705942093,-4.89520205331499,4.556039244907602,9.73390753910159e-08
30.470216501026968,2.6656679799399647,21.269457589845885,3.777973252046314,0.9751295280953398,0.36129130653168673,1.1701671424638143,90022128.64237623
51.26942097456146,-0.8535124999315418,43.53633065716558,0.43211751956865907,-4.727613425673675,3.652284509815308,-2.2787820817726656,4905162053107743.0
-45.514262307132086,1.178926552628539,-39.927755812757546,3.466032294490244,-0.355553104269303,3.9807854099210935,-0.520516768279851,4.9233374878181606e-14
-26.01133285436588,-2.529060517574143,-20.58085079606996,0.950794915463204,-1.6489007456464733,0.8488388182619317,4.178795055217227,2.5945549891336055e-07
-14.717017575675293,-0.9744642974539461,6.776520927366015,3.9637900689225614,-4.106850466804431,1.214298909486395,-0.8283347788835904,829.8265822340235
-57.29992316608524,-2.7047180068561874,-33.573780986447,-2.9243991699006044,-0.6987765148694427,1.8860737612133205,4.737334107796752,7.940659456388558e-12
2.4364035972260476,-4.139484060956626,-4.705539420237706,-2.9324622805011833,-2.4641638767271967,4.126915342820542,1.8958537086637737,0.08505718056005751
17.957013136756288,2.444527558081756,49.30150787282548,3.8943257332208407,-1.6264439321945767,-3.3396408817498733,-4.6118090345417055,4.9394782951892986e+17
58.034723193731196,1.2384918025220157,44.97279997549829,1.0845521837305103,0.42376754898916147,-4.361034257260565,2.635344570554307,1.5478679880504584e+16
36.4161775720295,3.1128994498151545,32.666070449321325,-1.2097359830612717,4.515581416640083,4.142467398551453,1.0261365530965065,820234703029.2479
-11.055122415674006,-1.4278913836198237,-17.009422086938798,4.531707445062201,2.0132697271283497,0.35084018960922947,2.7435583100345875,4.517563900168639e-06
-56.40453491967152,0.21926623681888113,-38.97159688947889,2.266734258089855,1.1354811856636324,2.702548334533585,-0.2086839488702319,1.0579453704202101e-13
47.67748983418399,-2.9059655931608006,38.56909589268912,-3.1903873682299224,3.1790080234305407,2.4785043774583038,-3.129876944902729,92227246143249.53
-37.221713412524494,-2.8641146358866743,-18.37404335512255,-3.897276984953372,-1.0765442119857846,-4.6971836251156205,-3.6012458710099904,1.5163041198555916e-06
45.69479950033137,-4.162973429396212,23.338674952017612,-3.0878305329968847,-4.606650877059504,-0.1830748876884014,3.7934904924684236,471269163.7179232
26.312205176026268,4.762988794596062,12.762192806263506,1.496905571236816,0.16626490345304035,4.365258792442967,4.031830470477969,99683.38030475048
-5.356851867168203,-1.175912463482537,24.770257312456835,-3.2771979370277693,-1.2068840993902006,4.010359987070599,-3.673381291872854,1481329526.1779222
6.361437060985317,-1.8929174843151886,42.33762301414227,4.472988240310329,4.143435570013192,3.1274711159423134,0.8269166634074239,1880094452747792.5
-51.33532278120204,4.406062770476364,-47.06685877149987,-3.8369148859807267,-0.16721861276840144,-0.5575301287536449,3.9272528126903268,1.6288503686999354e-16
7.15291606125492,-3.3291348218235073,12.478948202768024,-3.4792011356354804,-2.221178091204999,2.182105527091508,1.213460871729107,79471.88276833968
36.683583071701335,-1.788190897129085,8.314972211548941,-3.059274652685098,2.6817445764723002,2.2774150404842235,2.3765944651349944,2841.1886128213714
19.953973480881945,-3.777134276192565,29.74235944992691,-4.020032717293479,4.035080833680031,4.892445942817174,-4.670820751681958,79092790222.91835
-2.8743802320245777,2.705413179964834,26.583892530490246,3.999736221037077,1.787456479615999,-1.4163833817866287,2.428650043269027,6320815201.664921
-25.65301904526104,0.9366412711958274,8.32980154217666,-2.787223781339291,4.942659564155759,-4.660580969263577,-3.2827777170979044,2875.0956830580812
6.744790902461732,-1.1314567777199134,15.756511740332897,2.4564960852073012,-1.8379791192938564,-4.738216715866777,0.17215429333940513,1093844.8055596212
-41.54648176347766,-2.3164848791414094,-37.69438725082933,-0.10241822193113848,-3.4661815748265026,4.621451475979239,-0.867424605913186,2.939079415269808e-13
-35.8821079786108,0.7927656476633675,-18.34087422001385,3.6387294950628295,2.973911710576508,-4.32467339370067,3.7097624511066876,1.5570783020996313e-06
-69.79190530519271,2.6998499424210944,-34.597035099724295,-3.9903600448413936,-1.3754225774482745,-1.266484265859936,1.532198006061587,3.5022059316582138e-12
46.40371250664959,3.9860002085056863,31.868366606446216,2.017280197685154,2.784502373977194,-3.4692379170535395,4.539416172125165,433298751865.8518
17.136294758500732,-1.0095339600937194,48.95000079487694,-3.8945269617898424,4.81584431505569,4.633744362254406,4.781727800519837,3.728679147547176e+17
-71.61101464198202,-4.239840734281582,-34.622141847853136,1.2991911891004984,2.6038766822418493,-0.47014690117031055,-3.2625059760885633,3.4325644594748598e-12
-34.53994535682011,0.48032323212057104,-24.59365375286209,-0.38228821040140737,-4.896959168636155,-3.764992442528854,3.454889294457921,1.0468207791745487e-08
-20.74798573127108,-1.2511576127376003,6.547936679821667,-0.6077779075640253,-2.7995594902342935,-4.998182809293023,-4.35500649145304,691.144793550007
14.807638269260549,0.7968665210767245,4.562544133650071,-2.747516293295126,1.7398787137924039,1.6374909084082558,2.3751268375328465,141.17994846263596
29.48229507852657,3.1187986326451878,37.74155023811112,-1.9698291045565197,-2.047267606713521,4.711106191051302,4.922370869192136,47570797475690.0
53.23714047630328,-3.890328684907872,31.127998970688083,-0.1026802411952179,1.813111630942065,-3.3820900469179946,-3.8027743237185376,239638931780.32095
-57.68971473379504,4.13546828592718,-21.661912107969382,-2.622749398002454,2.064768625275092,-1.7049638583190485,-0.7442039217257097,1.0926063235537033e-07
8.898048426981916,-4.184467072347537,-12.724126073652663,2.9807028328993592,-1.302577230456048,-1.8646298493041567,-0.13399421821823765,0.0001392414809782875
8.370334908453094,-4.445916805718053,7.550575449649443,-1.4438949746772414,0.8337788672257478,-0.5675011308793696,2.8636958465497386,1541.4215587502092
10.127777080185558,-0.36481595282699963,24.329397260303935,-3.7521845273023144,-2.244813819407443,4.815633807683639,-3.1994944400908087,1041073061.6758931
34.18723736874448,-1.8436839387043626,29.620167005823248,2.3922064187687795,-3.4262088787636182,-3.788305010399368,-4.781550401879699,71727037438.15282
9.687761332829092,-1.5376985478575778,11.660041125917395,0.2664967177342925,4.2934675870400145,4.353763110773448,-3.0787312952452517,41275.851592339124
-27.684674359000603,4.5197318677948175,-22.676518425977754,-1.672477739193158,-1.0891342063883744,2.9933350580647016,-2.650767126085137,4.85236397230371e-08
63.51363300914274,-3.9564165844215338,48.661101062057966,1.5037340583647243,-1.7037241306997633,-2.669560720947013,0.7711839327650711,2.959245297446927e+17
-17.173492082446835,-1.8931625541838395,10.07382347829224,-0.8787722056693283,2.344038071722129,-1.7743232046861843,-1.6161521191419412,11603.462020773712
-4.513881217036243,-2.6533640177355178,22.917867307737353,0.21011812519330597,2.9274137225650367,-4.645594934882648,-3.9277639085926195,336562305.0882657
-24.273535318048236,-4.64518458123001,-41.04341334568785,1.3802681435848267,3.0499594764633216,-0.561711014990955,2.2688808102183433,2.0166961948994644e-14
40.936407651001986,0.3805296883400455,-22.72283293815718,2.4952263028292707,0.9236622004412247,2.1378475556197607,-4.19383041015031,4.6758660336624545e-08
-14.957733948222803,4.927967048960619,-34.629839262223214,2.1264138513636963,0.9899385596054833,-0.4351557055387225,3.375749709885973,3.4114919109222345e-12
35.756922669035376,0.9235718834290587,49.7955395583848,2.9959157313195837,0.12421213203932702,-0.5718253824247634,0.16216979635325313,7.333735952590317e+17
5.424710688666521,-1.8301585121349664,2.7026549194227414,-0.11526498719620637,0.9455280552318364,4.268957605168627,3.1439116701188468,31.88462553745591
-10.191356889523785,-0.8320263524211846,-16.905304647606826,-4.858360735397925,-3.369951724203365,-1.8400979672038886,0.1147603636261536,4.909965129659229e-06
18.35939759541207,-4.938117583777654,-44.497638858701094,-1.9902082073983696,3.0040797560130734,1.8857654899730019,-4.328328743276088,1.2720952038991748e-15
-19.15117442275254,2.8774953178684672,14.403212038019419,-2.8086505719691592,-1.9203211374415838,-3.521720663856466,1.4310865831645634,370485.51621444535
-12.976359272080984,1.8186348525877607,-30.69964684077957,-2.9446993673311725,-2.080246125019146,1.8956443730266344,3.4430086113071283,7.914674359678781e-11
-11.963976107072847,3.426316793285608,-8.727030763268296,2.998497828489465,-3.149465667472037,-2.679524931520685,-2.5669916697986084,0.003408017242480285
17.316449274427193,-4.380564497760965,16.709690059395086,-0.694496535039697,-2.7883129418949535,3.187990190031819,-0.01885343180187249,2344897.0278084767
-6.961433260366533,3.642371234577153,11.194961142490143,1.494066431337357,-3.0939762641026936,-3.3256027224592133,-1.5517570923736979,28451.862808733316
-65.52036124041734,4.298304277180163,-37.17006878633151,-2.789295042596205,1.0758984390771262,-1.041120243146303,1.4835825470559953,4.4707276466249747e-13
42.264086858327346,-2.5000349101629737,46.03993332248896,-3.5690691413127054,0.3431585472475014,1.5219607264894357,-4.485932292894953,3.634912975873706e+16
-34.75074227497256,3.2513252282395797,1.4686188424752658,-1.895290860139982,0.7950183430692936,-4.972619366746384,2.5059842278222586,11.880460478267102
-34.53504430350752,-2.8352380653135922,-19.61713544992989,4.3918280797189055,3.892338633185231,0.6261573800813647,-0.857607120458475,5.609083240916028e-07
-5.725008124247617,-3.0880191426399195,-14.832978584082838,-1.4509320163482053,-4.176065995036163,2.4398061024320477,-4.9378666072660815,2.5767852573167266e-05
35.94325684122781,-1.0033426843381212,19.732818585896638,0.31574468826931223,3.0016862226892265,-2.508221509571278,1.3320397657438408,26330930.4460957
-45.28594984115246,-0.8381469100065324,-48.067382920410154,-2.713249827477812,-2.3203958029939398,-0.42626971236092537,3.2375513301164993,7.315828178749193e-17
17.06803567774306,4.036475310212756,23.915840131685627,2.4978164336821056,3.1764283928206964,-4.552420887147806,1.6850380256252686,747819431.7167239
47.67479130061161,-0.8791731483478857,24.740635603708995,-1.6417402344748688,0.9335573002132005,2.6672916115246057,-2.488645770285398,1446638582.1867313
-49.05987452001621,-2.370673598634218,-22.12020725384192,-1.3821646147500122,0.3218460942679604,-3.572210314459533,4.721913199145371,7.572436974038656e-08
-9.69345748403703,1.6587291535977844,3.478418238345739,-2.0903304809807555,4.8715107096165156,-3.189968137266068,-3.8089508929184634,59.30742984651689
-37.966676749019314,1.4048868120404459,-19.4815413288426,-0.5675092983194308,-3.2409034678507007,-0.2906885003549151,0.9474512081390687,6.251757272843897e-07
0.9716703110300369,1.9865523714115332,3.234081929897478,1.6040859685185538,-2.4047961099594053,1.0169056906972003,-0.7091706563157913,48.777324545505074
-43.66696814846002,1.0867356935293957,-29.304116986140816,-0.8975824026189505,-3.1277462340260023,-4.1376020278005585,-1.5482220705204308,2.417073089508794e-10
-30.53941589567796,-3.221217186039657,-27.45206535841206,1.9136132277667075,-0.92487102111106,0.07157460000916682,-1.5486838036279593,1.0635512561482036e-09
-23.57074454740414,4.056387277934652,-41.10447647748443,-1.4444040390621113,-2.046215426992013,-1.7742807346687894,4.553111636901633,1.9205471510148903e-14
-10.311874692627793,2.0026809974795743,-15.801276417779462,-2.555540543511542,2.323636805071895,4.292143613969756,-3.0304420673940746,1.1875642143973917e-05
40.60010464926364,-2.5115016349000885,25.03108730899106,4.334480406874871,-1.1068437698450406,-3.788984096305099,-3.7129796552328633,1825043842.8884933
-67.16811487398596,-1.9806840802144512,-29.02235624333609,-2.379081135794988,3.682090536913771,1.360571049758179,-2.430232343781741,3.02819258600478e-10
-34.51630726219048,-0.582735667885661,-43.613557294256296,-0.567941712691975,0.08943618471452375,-0.9166822559295564,-4.8497060978199835,2.580364219982211e-15
30.982075935223865,-0.39206561549621455,41.65688634613082,1.5448028673145542,0.7070271457566477,-3.464487812616681,-1.0044010693772396,1090605102366746.0
-21.65603793760088,-0.2671689202222858,-18.160165051548894,4.826615999927327,3.5062264295260857,2.4168669872650312,3.7300499032895402,1.7992654831875165e-06
-16.503757322790626,-0.8719516497242887,-20.683650433361112,1.530077442054636,-3.0692050845494547,-4.419924303828586,1.0420811497395839,2.389717849255091e-07
27.844058044536425,-0.4445816132589586,39.526615600090935,-3.1010956263874636,3.5684185937602138,1.8155530021666868,2.8724170381414558,198397256006792.25
-21.864367394888692,1.3599391071880484,-47.111293867327895,-2.767726269408022,4.596989115622543,2.4222022599659923,1.6702484990655755,1.5719649448465108e-16
8.898751103755774,3.5998133768665657,-29.520688553075825,3.7949923670563273,-3.536943998871421,-4.0654157908520325,-4.106666137573814,2.032568140785939e-10
50.121906270767155,0.8617447174670634,35.836247298967805,0.05180560982373095,1.0291266410250781,0.6782320444891994,-2.1980445814938587,10360253682358.654
-52.21044072988797,4.466874625037921,-39.59861083503944,-4.106242254211857,-2.162966927805954,1.2412652631406367,-3.826172508089071,6.406432949393957e-14
51.53040623914117,2.777064941757736,27.462322699010926,0.8331943073003636,-4.565238757133068,-0.8797776747947408,-2.522833542731081,12763535575.583958
-3.931196513114118,-0.15133680653319637,-12.632088006210452,-3.156301218090405,-3.674183103562041,4.703400744345213,-4.88544824818293,0.00014988077624108546
-1.0172936737472966,2.2804717321173626,-43.2271604687801,-3.3641829913274837,1.769423825468576,2.609300406656998,-3.368712447370006,3.5150298587300967e-15
-14.931675707735778,-3.4022670523592713,5.6167628058374035,-0.34691456873617543,-3.052130488666122,3.481214258674795,-0.4791315918547925,328.1301225056834
-12.079039027681489,-3.938323087722244,17.57275895883258,1.805777093309188,-2.04102796053103,-2.5279201990841162,-3.276979796320174,4677185.822575941
-24.602632321087455,1.7210576847940455,-38.140345534199696,3.6802989786414013,-0.2619629420110776,4.257013879723777,0.8864951555392588,2.0571669753015529e-13
-73.99739039544414,-3.4950241516975735,-44.964520219265616,-3.574145678253112,-2.9117836934688124,-0.4972749054330592,4.576565872395708,8.75605369923832e-16
23.211447883430264,-3.7754122044142777,-2.3379305329867464,-0.11196679958232814,-2.8313319770618985,-2.3949445027021676,0.9628609943869346,0.5653306903547335
34.086899883209895,-1.9851167608723497,38.883157854983224,-1.2901292758391394,-1.9638094502188839,3.7042346489692566,0.4404781640089812,118570197370369.61
-15.721270891395896,-2.6640853736521866,-21.252605170480543,1.6942049895034614,-3.82086418086793,3.2595258886160607,-0.6303554704497643,1.515903323750899e-07
3.5629064953305587,2.989647049379027,-6.154228283613072,-3.314490666342871,-3.5248456918949866,0.32005701499440686,-0.05527260294999525,0.026692233744210564
38.4570826235036,-1.580180310347016,33.25862425638654,-1.2867864449097621,4.552623933128938,-3.5114950365281694,2.8663525479799334,1317687477444.6282
-7.011850926603253,4.610133965408476,-9.259297527841468,2.4211892641609403,-2.749035005474001,-3.11724811645125,3.81168355508769,0.0022262471082973175
36.165922307782374,-1.8736968564128875,25.594560477017097,-3.512084368798268,-4.794116822637444,1.875058827980113,2.904114750243264,2864467716.6962395
-60.041732370133616,-0.36202018803748093,-48.393153062538865,-1.2742505765058567,-0.4226406509230598,3.0508278265221946,2.577912857728373,5.637406565068479e-17
10.384912617359074,-4.984656163298134,-16.41196588129211,4.976900623177157,-2.6462723644528072,0.43347690258713456,-2.886840699327519,7.285877263585727e-06
15.695331592512964,1.7630400989997685,17.11288715104085,-1.797835900334197,2.6058047340801513,2.9094731911653913,0.6128940241888872,3237492.669799208
33.09809580128431,4.764243504183392,21.51651315465182,-1.6994174420562813,-4.443934365088694,0.8117054653373232,2.179401426044886,109694580.78667656
-32.35477198507388,4.21574410310979,-34.9881169673695,-1.632733997206861,2.042709296865505,-3.274696450603458,3.7021151551017066,2.56133227241583e-12
56.95882586366381,4.134159085561077,43.13979660854294,0.8421534506277419,-2.1384408814337807,4.520925201531304,3.8024764379805305,3571768645157043.5
33.76700651292958,1.7863464733036238,32.51029296864888,1.1009272834450279,-3.9085792147341603,-4.306490880348477,4.169209383374296,724128264765.4082
16.811859247312654,1.9529061500344085,-8.205366253869549,-4.245084309921551,-4.644942964616673,-1.943268960965984,-2.1178134008777585,0.005173049065439952
-60.24473325507691,4.4542950105633405,-48.18817830679058,-4.704687351559781,0.4089143490292111,1.9913512479291633,4.943988772083287,6.641938976983348e-17
0.822679065790485,1.4725491137318256,-8.25762499520247,-1.3498533740416097,2.0046325702095977,3.399829204815889,2.3096490767979514,0.0049612378831788385
-0.26645890572528685,2.852385427920389,-23.804112381210295,4.132829905544233,-2.6474543315853625,-2.1432573186928163,-1.2206568161233378,1.9687342803663937e-08
-31.482878648753434,3.343100547469408,-21.20788733036204,0.5082524130594281,-1.3812233854996627,3.1682743529061437,-2.3189723153072137,1.571115358673054e-07
-24.5019898596152,-2.3125229228722297,-1.8147759606716747,-4.712304426256493,3.4818813070182397,-1.8026575392175657,3.3276654802141774,0.8591422522649472
-70.22327811621153,-2.812162755620414,-23.5969677470225,3.7945056410831004,-4.35561815102915,-0.7149593777059167,-4.845611112997568,2.3235740669054838e-08
31.56323997798097,-0.5125732560443463,49.36424862964239,2.9593547611984725,3.113409397997689,2.5492145011685885,-2.314541669078322,5.1937310074960384e+17
-9.00485599399557,-3.02151619055763,-45.856549437155415,0.44157323032439244,3.1817951774308675,-2.9686352168060615,-0.7334306670707047,4.289293088730836e-16
-30.225453391245548,-1.9337638335629883,-46.44928160704177,-1.1223829374606376,4.966129662887681,-1.680381152517787,0.9982803143888654,2.669620165744113e-16
-22.303620482495223,-3.6507786089105676,-39.80562909131241,-0.22135551838800893,-1.1017829714098601,-0.9742162776797798,-4.619036277053673,5.4286366705969325e-14
52.21155705231701,-3.3046052011843683,45.46198211789715,-0.6799808142633212,-3.8820332923936043,-1.5804698753775237,0.21452485127175436,2.289249893337623e+16
-6.610601363602012,2.030961068345608,-19.319017387386406,1.3122128929896402,-4.903347368976445,1.5177954251111974,-4.677463194317825,7.119814993655853e-07
26.608129114032838,3.935462065946494,38.08408228869146,-4.903802357822756,4.34777236524133,0.6229222155090799,0.9062092777542752,62567421231490.26
17.478315866231046,-2.821547344765066,6.108651350517,-4.294222855665668,1.141593581207502,3.0155086311685686,2.9955627679956134,486.3463772400784
9.730586641236588,2.0713171911216763,28.841758116492073,0.46218856249147233,-3.4548401761053027,-1.5402885578525503,-2.6444857779053264,38480078131.78541
-5.1818349673853294,1.800931920490763,-6.880676189364735,3.390070833300843,0.929851591415404,0.5112863295774694,-0.49721507671138365,0.014927637005990077
53.85846208769218,2.298802306890809,8.124670891471375,1.4385779901857534,-4.871647908553827,1.4009268208024217,-1.2562014387935463,2439.959483867628
-47.95350146448439,3.499716809489131,-26.784912091631263,0.3890044195548139,2.401251018429985,4.835164992794546,-3.6432345106848807,1.813640522497746e-09
2.1380482957284173,3.8069210916126206,-32.271213771827306,-3.859734577512687,0.467738332574009,-0.11226878468195878,-3.7207804641866646,2.2512035976335953e-11
11.885158040020393,-2.701396732162993,4.614380447775645,-3.9841920442971968,-1.5508574010678542,3.1509673395628184,3.1488823078439303,147.15763486112334
-55.9726717871027,0.4399088478007158,-13.298185860381416,4.00060886390837,1.165645355254754,-1.486429731570417,4.71431172895706,8.796701104082837e-05
26.814019309917562,-1.2566497678361133,39.79901599725767,3.6661112983064434,-2.7477856707759276,-1.94088626983562,-3.9077639566010336,246704603055982.78
22.100783408573538,-3.023470011788134,-22.875624314361577,-4.2163425655041875,4.128303560511464,4.699775544317873,-4.998108161895994,4.1378705369975526e-08
23.538610365723436,-4.968136589388138,35.67039887888393,3.5202450810077366,-3.381204373058082,1.4100897983409766,4.3198542774059625,9072954789272.959
15.001636427208055,-4.779762262506983,13.518438180057913,2.2670122997514763,4.555023897357165,3.147479388504882,-2.0710805076494987,182544.73477944624
5.063852757781268,-1.563805804527295,-5.802296669460148,-4.8701297518675135,2.794517983200892,-3.1213138859338327,2.923348269000411,0.03537190791621098
1.0366051313593125,-4.731381459781623,14.002279957323253,-1.373796629183616,3.682530813474296,1.4219671924015689,2.7864441677509433,268827.1712007298
17.931848262188673,2.6991556796601692,-1.8869991900638965,4.978508413680508,2.6807351836769033,-2.7695160964386623,-3.8258790469471404,0.8109090699514176
-66.7685191147611,-1.5907847068368386,-48.173576791148534,-2.519189878282755,0.8118820550052543,3.0384265214066133,-4.698330532387704,6.719979795980013e-17
14.564986042342746,-1.269964756763783,20.404168343044788,-1.8413390767918312,4.898152258795005,-4.918267330630249,2.8178924149161952,45052303.57428849
19.661489416714574,1.261450110976087,34.2859534000539,4.9183103340272805,1.813132204354364,4.639722300470202,4.628024054166779,2997389083146.822
14.550351726197505,-0.2689835995661669,36.961429279556924,3.94664563383024,0.7181799234823174,4.208053238449658,-2.487348986824627,25485822259392.945
-12.053500958922896,-1.2151015110711807,-25.91771196002425,0.8210658805035633,-0.7943299500951291,-2.7743748856366848,1.6763353882688126,3.62950497671666e-09
52.8778527611092,-0.6310891773987866,38.35536476076875,-2.580335383901755,3.7062539653437945,0.5989860769839304,-2.1947449600278723,77732286029722.64
-44.52177483666198,-1.6308012553285476,-39.05869843789289,-0.6334369551375261,-0.7379230990018684,-0.46213485635499296,0.5211541093745922,9.867362083384626e-14
19.010627155943315,0.9623845395530708,18.513347657317667,2.7001986724238485,4.684471618778046,-3.6366332669011046,-0.33237767753519876,9926099.168427853
-59.792960413884906,-2.17014553139785,-40.34881617289857,0.6263881035532171,-1.5002691518357478,1.998737069748734,-0.5734308404871316,3.515347433917662e-14
-23.006631507870146,-2.826325165940169,-4.943631223870526,2.903959043425788,4.009467723749298,1.300579737654747,3.209109123014448,0.07030551884177216
14.923787507298027,1.1563357656152338,-15.11834698802165,-3.4922563156567032,-3.4268728484217292,-2.3811875692414985,4.809819138055355,2.0508367375922287e-05
24.842656672413092,0.8204457919848096,48.67907418822347,-3.4990357421469795,3.4908858788736516,-4.579925062838851,3.0201694870631393,3.002102179218022e+17
9.247419147187493,3.2069228614649052,12.20781498152894,-4.829896730850836,-3.483259527042508,2.0133888658322743,0.14398952211446314,63975.27664098377
26.450804784752325,3.699691121607346,42.943043838090745,-3.750358414498881,-4.843760892616214,-1.0433998489403495,-0.7723354886675331,3051577516894863.0
40.990324273699656,-2.2753035538303914,45.13746811041453,-0.13937919361377205,2.74200639165723,4.2134242673048625,-2.472792672351699,1.765816165869778e+16
-35.845882876453985,2.7774992061252544,-30.899284696480766,3.562074725642125,4.908231000503333,4.876377381066078,3.900494728928672,6.746394848933924e-11
19.501377416789463,-2.780499538526527,18.832840188541994,3.553006620644245,-0.9910819160304598,-0.5287169908359202,-2.9368690108063,12816861.296735497
-61.86624245168568,2.2971481947503563,-38.08761502592771,2.4674870000045113,-4.670083026941033,-0.3968527996070339,-3.2235812386279994,2.1458037443382506e-13
-35.15256182734802,4.575752723108925,-47.2525558691846,1.6261566666034408,-4.209073844112772,3.2597600954087156,-0.5490721307887796,1.4039880477334862e-16
38.92016966996943,-1.6606905285207754,-3.925098195723521,-2.0720492236243926,4.870112463355058,-4.044426490602398,2.660247573440035,0.15880495044329834
-6.455292503105333,0.5883503949385736,33.79414063173276,1.5456847513318417,-0.9475459739265846,2.988603247388225,0.9708360549222075,2022413073821.2922
38.16417782627048,4.2401744883053905,28.76810663745691,2.3193015871527862,1.7202490185952666,4.998619472475077,-4.607279634955084,36278289357.50542
-10.46726584795532,-3.3116486915864254,-25.6356914400507,-4.991414461869301,-2.709603152056954,1.905321079546015,-0.6475928697863385,4.548114197245547e-09
26.829492553299712,-2.9649050273963673,17.276702213557286,2.6366225755519066,1.574286612977989,4.261244643659847,-3.962286869894507,3690829.438526119
-3.788011530813087,1.215443075739456,26.624969100675244,-3.3383438753839,-2.4317101537715944,-0.8163747571881252,-0.38526528452950703,6531975625.793196
-11.922196544190701,-1.8422810281859006,-4.615140928578775,-0.5887355339632645,-0.06454715085326246,0.7889374891515359,-3.8876749373823594,0.0914362982758111
17.564782895759674,0.6473304863632015,-2.1180635572639375,1.5515798280331792,-1.566669567230373,-2.3418429143817168,1.9358933693309819,0.6740500950639164
30.632964085918584,-1.3121804511346924,28.34865645684954,-1.982024183971287,4.345004105639443,0.988565659047179,1.2976567267083983,25936709710.48096
-5.131324005047979,0.9339302382843853,1.0093536034934374,-4.671621876445443,1.9456313468717,0.40838851138509824,3.4551151990796285,8.227505602595308
65.79720875796721,-4.702065039885552,45.956873401040994,-1.6600384947510949,-1.4762844758669216,1.6748548867834998,-2.1648726259954976,3.4012303469973696e+16
33.64843710911958,1.0623679230187424,-8.828315543287047,1.943563362027776,-1.026647084088478,-4.350477778843044,1.6753333388912282,0.0031427645558050857
50.66569359738515,-3.023795501540778,35.02634866039979,4.941709673223796,3.537566678045261,-1.5616304959468161,-3.413347407877235,5419794027327.169
21.432728081784347,-4.884410791131869,37.96722223956944,4.475642645630465,2.597312239061589,0.6210854734597433,0.913698368572291,56983210722985.586
1.7102257814161403,-3.604963739385049,1.6592952582574014,-3.9512270352713363,4.83652190315777,-3.2390415910842285,3.791756523332401,13.838245979960684
-60.49988946455775,-2.5491449898223575,-45.51129042885348,-1.0816284365809925,4.1222742900721325,4.411684276318857,-2.413678421913411,5.653807120192791e-16
-23.319421638886332,0.9426095795313838,-27.001455551230137,2.0445325489353374,-3.6256090829384533,4.226523230641002,-1.8348769731074444,1.5251631622298365e-09
-3.58305499495058,-1.3054966610262984,-5.202134950941414,-1.1648962353265677,-0.5008066807362175,1.553182457823831,3.9292991481809487,0.057171030953225746
-4.928871217448873,3.420397739332465,-1.9742468682859027,-0.40166572002070033,-3.5543179363135535,-0.684790328295958,-0.35714817738350213,0.7562392424265885
-29.539967287763865,3.3567955274732313,-42.43979459153977,1.1895589619628204,-2.2695727078583827,2.9653128121750614,-3.941341087472243,6.5991491343178965e-15
37.85739307426457,4.353480286004546,30.168660828857355,4.595616976956983,0.03949580651612017,2.679214391715141,4.2266659721280675,111236973954.26706
45.99143617294522,-3.586362209442288,21.709083303516337,0.8870810532200766,4.275153494322815,3.260225881553799,1.326374347516765,127964909.88964185
34.63506018639822,0.02206679882011997,24.84772017443035,-1.2286939522411844,3.727452601058731,-1.8589431046022487,-2.988724037646614,1576032010.7166853
-24.328778923479266,-4.001261120128342,-28.889540560509307,-1.6508055186587622,4.880724894724574,-2.0582006920988816,-1.942760522716239,3.3676611462422103e-10
29.94689979300344,-1.1997637235397751,17.138799608862982,-4.654567871781,-3.146130232389056,-1.2932498915107171,0.5455992206384819,3305306.2416805583
5.537065160222252,-2.234941812961867,5.459131069783481,-4.880852880253585,-4.8886210266019035,2.1788790290563176,4.974345771381202,289.25390193737303
33.58884079576532,3.223279678005495,30.473248647047996,2.876524213231911,3.902610415754909,-4.707631176199209,4.7188285559657235,141929872600.96732
30.359940074803653,0.17007319099512141,19.908284961352223,-0.8381100213436987,-0.6130392506548388,-2.4982401624797177,4.136607726176511,30299081.881556302
70.72302486428572,-2.942922809753774,42.854850839620156,-0.49768455643533027,0.3335566385041355,1.4614614092080647,2.5683074662593732,2843695039569124.5
21.687887116224005,0.7929804594863246,-3.208686984873353,-2.471582549436583,-0.5548498533633026,-4.822623054936424,3.358337267322966,0.28168958185651016
-14.379921509395725,-0.4788776975170901,-40.09294797604175,4.847060003197388,-3.858505093371928,-0.2603754008380861,-4.70732178700068,4.313859249919734e-14
75.31681172505185,-3.0449394657643527,42.66586350133328,4.944765592058946,3.6806255079333408,2.367560738794637,1.722276508498953,2444680418382942.0
15.680401953635098,0.07180594631062931,43.26041932561935,-0.9653181043143224,1.055386036375201,0.2852279462314051,1.0732392180336925,3933615846418369.0
-0.40767603685235443,0.12815069995504658,-24.056150929153798,-4.142115655867124,0.9708173383310905,3.433037577020192,-4.33998711487357,1.6092367538007774e-08
11.832985026002138,-2.0334025469390573,-12.778870437878197,-4.73838033557197,-1.279769942808925,2.391685233984145,-1.4794516907600896,0.00013327493935361042
-10.346678812155357,0.4335713061415678,-25.316725615978076,0.4640435517549557,0.8561931550300717,1.828844517612751,0.36405769656154696,5.870180272369654e-09
34.55701969160822,-4.863546910892801,15.862277466471767,-3.276109355885656,3.2232333187711983,3.0904184769073932,2.9514436426656516,1190426.2249394911
47.20875725429769,0.3869076365323103,3.2525510048631787,2.54616526937908,3.70939101327904,-3.442863612401305,-2.8765747895859963,49.503372763536134
-28.906685211326742,-0.16936968076810555,-34.60194168268632,-1.1279004507488177,0.9909770464407153,-2.4564605678355966,3.930720149996832,3.4884857857252378e-12
