x1,x2,x3,target
-1.50551857383165,-2.8595317951691284,0.8639505394031133,16.18291696660902
5.408571676918994,-3.036254411136002,3.6651879515998367,2442.125446062334
1.1839018103644392,-3.005445601805927,-4.153201143674716,-428.00973530861677
-4.127776314690761,-2.736603286456428,-4.209006363102313,2463.738158188961
-4.128065755965569,3.112779149015564,-2.78190758706104,798.5785330533769
-5.302996653981607,-0.6031218905935205,-1.6671032839075535,2398.5739178714043
4.394113749299223,3.320526683462175,-1.0985330230982093,2299.758682799911
1.213380140918506,-5.215606109227377,2.156366602000144,-719.2378236725297
2.4968709335525467,-0.14914567591938876,-5.319834814009975,594.5826432835361
-5.752986068450371,-5.596636797800608,-5.583927549287203,7740.011992548568
5.638918225943932,-5.248161558535745,-1.2970732446730917,180.41181000288142
3.98931168960506,4.877249440132932,2.3659643056557655,1013.7625843981914
-3.451930671860686,-4.329055546588858,-3.678775884522209,602.2603052146553
-3.8181003935147926,0.38904818730260526,1.6980537750750209,484.36164139720233
-3.799145881758794,-1.066852768791522,-2.8820623447164064,1089.4805300520268
-2.3490930844855473,-1.8318800848938874,4.633033305762197,530.2128016021935
0.29707717958685365,4.798000148247269,4.748279331199399,-2187.5322810986404
-0.8166597762946104,-5.738119238694126,-2.432553548624082,-3095.769303540242
-2.505250317623497,1.9654762341070686,-3.240074952441114,365.29313655390973
1.3422347366685532,5.560733210562605,-1.0643523352052249,-1152.5123759601463
-4.326073672175498,0.7220182015421033,-3.1136209778382153,1252.042660494447
-2.494264217577382,5.241869544397101,2.068606119500444,-1939.3815635008862
-0.5271601893955689,-0.9744801711100628,2.077105570934604,15.805614730121432
3.4221115367161623,-2.878106508455386,3.8922053669921937,921.433709296954
-3.603914614099683,2.7698515797687584,-1.2360940535103104,292.5663363374936
0.17081326096333882,5.77556508596696,-4.124196351493669,-761.8719190586073
1.1089748263445092,-2.9216392506690263,2.8554113687711062,60.842417233680784
-3.9537105157525017,0.7839630548593188,-2.752272696218812,823.8160206381879
5.386626447039999,5.664063955578445,5.910981545853161,6318.929511330363
5.587584396894712,1.3023272723575987,-4.125581904832808,3717.9903156706414
3.700768177397533,-1.8059235349581746,5.861051927561773,3291.159058894289
-2.3446347699195518,-4.6308505813447995,5.727359190797367,1102.028100935765
-4.827934631923394,-4.185038055180785,3.5258172468964766,4179.748718072399
2.210796318145883,-3.296196840585179,1.913075544983971,38.80742135751368
-0.7181700751247844,-2.988400063916424,0.9336846030130168,-80.03556201324537
-4.535541181862654,4.207392694093654,4.393218544534015,-1229.6873483020443
-0.057877078664757775,0.734673459390299,-2.5267257405661447,46.548257205715615
-5.587337746617379,0.2806909364923973,-0.3878254501814755,2301.1537416274027
4.911844824945385,-4.62277353756939,1.432679632398023,820.7584599484269
-2.2594670869270685,-5.187979657199981,-2.036583989974987,-1379.4209255798185
0.24081625413372976,2.494021166757225,0.7707818002144329,-100.09310611737347
0.5605233521193558,0.5224586081117533,4.206894336181392,449.36012535294793
5.635015533174702,-0.500392301656122,5.213196465041296,5442.012519686183
5.273987298770269,-4.010705518040691,3.879278552160361,2376.265824239265
4.7379282051317855,5.348377764003388,0.6742883115601401,3021.429827463925
1.1747997457330221,4.199704457767943,3.3542004170887623,-1028.8864858255074
5.062490820277402,2.0282680479493003,-5.805595231926393,3718.7582315755267
-3.6482056509702576,-1.0588135009858979,-5.518333690975602,3229.50129721578
-5.457272533073543,1.81168160581145,4.6789605163543495,1411.8385115173623
-1.3358725237262163,-5.252722729417373,-2.471190453878666,-2110.9632694329384
-2.743811618713249,0.1500317852439803,-3.476177324570476,600.1777294284187
3.944850109823152,3.676843406794074,3.184360366296488,1526.2378874741557
-2.628785883751431,-5.3765210693487795,4.386748598066442,689.4287818508631
-4.308909300302848,-3.5836346143683073,-4.488537643447701,2910.786911117035
-5.10539227584275,-4.023523758812449,2.0860667792400562,4486.807810549135
-5.933734594516771,-3.5414247101914493,1.1309019277031664,6502.41158885935
2.4822881261714045,4.554982259418351,2.190389514452658,-601.3925314471948
2.748086016491847,4.446941100552083,0.9043100775491828,-63.65149168661754
-5.111464179190916,-0.5851278698281428,-2.688927667433438,2392.8122702668993
-4.609571285698443,3.264149715719885,-3.2847308399617656,1334.9311891804805
4.357241110507122,-5.673990945293282,2.30825167385297,280.06456378219383
1.479577521930695,-5.217544904874096,-3.2000061282080803,-2646.5784135083445
-2.0292237017682098,-0.43282347825200684,1.5039620394534463,62.12994473157578
-5.237299796567717,4.910642470338722,2.9649392055483474,-841.7528052901184
-2.2682121394120536,0.4644215754325707,-3.3754333331215296,411.3060965963668
-2.0978001356790354,-0.026249903588517753,-5.280680389664301,1642.3642127008466
2.7552741400567697,-4.734315600520433,-4.4283150840699115,-2378.3839964827202
1.650689656262557,1.8813612566915285,1.2719636072523057,35.81192259344091
4.6465529109159185,3.865237927202706,4.193356874708826,3349.820264248118
-0.3334208980566089,-1.434959909909252,-5.460038145174908,1040.6223295383109
-4.56486904874038,3.3073422111039292,2.8098151084997554,68.30046392196387
2.558937446675941,5.573719846809739,-1.9041762485993745,-124.11148246179394
3.1294205834027693,-3.554802490467731,-0.2576595609657293,-57.49291482869795
0.7353263708339544,0.27995557433689555,5.1463145981467875,1030.3836116432044
3.251606159454731,-2.5543445029850935,-2.0163419431698544,-20.03906341475985
-0.07445284362731108,3.5142530284060722,-0.4159567927261669,-238.92202564800095
0.27279395258392825,0.9311203905738896,-5.835811022871827,1275.305821909188
-0.869507779697404,1.6149890106036455,-5.02081535994194,880.9440832918273
-5.694970479070857,3.574969915390728,-2.8969009063825917,2308.7887916878035
1.6369249351653643,0.39634640695367906,-0.8832197183805297,27.06635571057732
-2.22772822708408,-4.104542125975824,0.5777424327362644,11.527948137175725
0.10284829397643325,2.350789418025629,-3.9042337692440454,201.74418416134557
4.890797687113116,3.519136205259052,-2.4488156467606066,3639.068014965163
-3.0084932502135007,-2.19885987518968,1.9658936982327013,546.0166724516744
-1.0754049235724432,4.286151083985036,5.583632683564797,-1646.9957035310365
3.066613662516584,4.873719057189197,-5.39499871677349,1628.6201084343484
-3.2544220141005304,-2.677146151466293,4.6846118502631935,1154.9514588254908
-2.5229825650347837,-4.3114616634148994,0.767034801067485,158.21986719272834
5.156371828110878,-3.7893019291436865,-5.167270969149799,-638.1354362074087
3.6974445547730035,4.727876520094444,-4.9214777791660715,2363.924441548704
1.6008450781250811,1.8515106278995423,1.2109440679090326,30.45743096210133
3.644064922789374,-0.7161189795798126,5.007216798932168,2210.252853044714
-3.76115929336757,1.3835763008376247,-1.1209135516863329,387.03579926890677
4.710707981879732,-4.9984309801274005,-4.280622495568307,-2217.7106999998846
0.4721069029878091,4.588996420888066,2.576626002024433,-1462.5929076330044
4.753095599081918,0.062481282919659265,0.3056436882707185,1301.0477316752795
-2.1839583003376335,5.605519383110046,2.3739934260620394,-2746.351578555828
-0.8747065364849238,2.0150399856435257,2.1163328144726883,-85.29025928873554
3.816177191069917,1.6160552790472975,2.155598188741724,1017.7581454752309
4.328766999076121,-4.00854125645058,5.351095728385038,2847.8175107112215
0.12896763093078878,-0.8701237449526182,-5.986654869645751,1441.2971790968704
-0.9910679622146521,-4.053199130610247,-2.736545287221616,-880.6306237197288
-3.334706274351237,-5.848709760290891,-3.385303444479072,-1572.5585837648375
-4.561615591995807,0.7170682036605909,1.942015021367978,918.8853157360335
-1.9486179431564645,0.32879546547211547,1.604539197186348,30.595642500287795
5.31491644695023,2.632243468429902,1.1215365924566854,3605.4593983203877
0.22548746092039273,-5.047120984283646,2.745336653407769,-605.1752140953366
2.436227506742135,2.7779578840843477,-2.1176350501741017,340.3130373829285
-1.6364447714484722,-3.7510566708290134,1.9806718680795736,5.8995578713171
5.661384992651527,4.298124637885968,0.67894114202584,5795.2166964775615
5.549367539305335,3.8287621663398728,-1.887228894865114,5641.508868406436
-0.03301792929137459,2.5229135834797383,-4.866973228074229,550.1502468022417
-2.389460282198764,-2.2277986417950193,3.9782199973466827,436.4971560477962
-2.5819140674703887,-0.34598521280622485,5.020770504978696,544.9969762428183
-5.5573566317456065,3.8596427725256603,1.797456561171595,859.0102557884809
1.3147720077587621,-0.4888176339214336,-4.7587906216741995,398.74633675070123
0.03214827874633741,-1.706420816094699,-1.1756733973411109,-31.47919871069702
-5.382254985000127,-0.06945063299640175,2.7472704012618863,2253.109448684149
-2.6562424291606628,3.938991029246621,3.357850608120817,-1033.2811919855355
4.8991906315998435,-1.9775034315495272,-4.581376532506937,748.3621516618251
-3.125257311996331,-3.9148608823710744,-5.9996313738554115,2321.1503758105723
-4.261261534905323,2.54416824396937,2.5456445505672605,255.91155339792104
-0.12656687666924427,3.911738552496981,-1.7208458881655329,-252.9743252198333
5.827805449327208,-4.7923502577176,-2.946224020580877,-79.93543615268264
-3.095336741861995,-3.1215106469286633,-5.845230362525695,2710.657425418433
2.0656265688705417,-4.296336122868073,0.48359288113799614,-375.6192421721548
3.139435383944612,-1.8247030610140005,4.21380882511178,1039.2545306433935
-3.148349472091204,-0.5957882531350478,5.491579755271054,900.293466208272
2.738596183342315,2.985916043559678,0.7889394073594707,316.5623958151492
-1.5866024073689609,1.8137710185800895,0.17353593287873004,-6.430232266606367
1.5876699671229542,1.4511428097411745,-4.979323374129107,531.2505925007955
-4.9165227593471,-0.3445539912220248,1.2856233706029236,1627.4675575214078
4.023629947070855,5.749259256181855,-1.33528382548144,1911.6557642342298
-2.15063922033917,1.6097056595488421,-3.116410518595599,273.12795768881045
-3.761777875201749,-4.484823101225967,-4.860416697259482,1553.077757349009
1.0907153182589013,-2.0987518148196123,-4.840261988546972,146.5870670971165
2.130772342107388,2.2359263602331687,-3.877236590112193,341.2111106362423
-5.800946052865726,-5.164306222051131,5.848033902954551,9719.422853489299
0.1451166995913713,-3.9014227538884874,-0.670757317120577,-512.908151018354
1.7420734849133979,-3.2738453157178213,4.483422344846584,622.6028448436589
2.2912528572295905,-2.648686938547075,0.9925733921361779,33.566934457024914
-1.359175844393551,1.7145829207044923,3.7496858525300603,-2.1453657561247144
5.240759864840815,2.329806882117971,-2.076707707959897,3480.883331770744
-4.349748670248081,0.1518570377406352,-2.3310725106325068,1099.261813021683
-1.9072037873968979,-2.3362718796392246,-1.167555348065278,51.855141091614676
-4.638317745112931,-3.4482674835468465,2.07008715208379,2967.55068561279
5.0963234193427525,-5.601727745250885,2.186300271061185,918.8991335870868
4.528072240571772,-2.3526431851113143,-2.2171267842065903,501.63861997793316
3.8066664024145904,4.454453787156623,-4.460089653734826,2328.3447720363883
0.6624097391935475,3.19277731842363,0.9419100987519613,-249.68079997396168
-3.09777250919458,1.9798188417119427,2.4073379567334197,22.580727303597232
-4.88276678632921,-2.876557709207964,3.0416653279151618,3251.50114607866
4.766589095439921,4.886340368469959,4.474313058787974,3335.1112445675712
1.5972174872792149,0.7252875717652794,2.762990274354854,174.15745426811412
-1.8094851046480693,-0.6353334743228949,-3.7603207224278092,494.45699603138274
4.765323119430924,4.374763314272039,-2.585503371876795,3912.4933574460915
3.3585065502914873,-1.4351934123550842,1.405271333143876,267.63881020576906
1.7043797538514536,5.721603942127912,4.1995119660384645,-3397.009504488286
-4.990320420059414,-4.671352880084212,-3.6450513995260123,3714.0730193183117
-4.060455430864635,-0.9294188602566642,-4.493402521218275,2377.815881080459
1.2771487159150787,2.878849449203164,-4.703465287483114,398.0229957894354
-5.889635380600444,5.016918626389808,-0.25810715871373,1330.2002325732192
-4.782341485607615,-2.639552045394127,1.026764745519623,2629.7343487354224
1.9620212292966697,4.30010012158945,0.4964930508892591,-377.18421131176234
-5.939260993845376,-2.493381234457227,-4.967614115604682,7813.398732113032
-4.070303382990016,4.929241939726982,-5.315677031956568,2383.350610308808
-3.3087682864732826,5.553724284888311,-3.195110495559069,36.84646896264528
2.546150656170431,2.7200519048438796,1.6532897021470987,220.01939166507756
-3.153010950038399,-2.3429868553664,3.8408100246677925,822.8296308316609
-2.0952036220887873,3.9527359783061637,-5.501052481840874,1397.4199563637228
2.9578968614162893,-2.6217456190208406,-0.022440677423491096,72.23050685534702
4.190680925930135,-4.649035315056755,-2.972256875163755,-1196.6908049219262
0.8197032400256594,0.48838171973892397,1.3636548358726053,10.989576130362385
-4.87590278606289,-4.841586357654711,4.775223521324843,5189.66595467874
-1.5874103632867982,-3.097274060893932,3.7190930436347927,207.006875892162
-2.8175715878192946,-5.8511515646722225,0.9975626291950022,-362.01834445037474
-3.072124279450997,-0.37478441442593,2.7626606130869895,309.04183134604494
5.6761266570293465,-2.3848168708799955,-1.6221303575064159,1627.7715135357298
-1.2828273039988751,1.1802898115731058,1.6915863371850932,-12.294039766276445
4.7045586621253594,-2.4331463074965938,-0.4058209064693159,745.8596019806944
1.5736635119671547,-2.4009706619161837,-3.720766362509269,-194.53195265493065
3.537735642499781,2.9183183847792407,2.4208592865270866,949.4170859569334
0.9228466155163098,4.834739942303846,-1.6965410165569033,-573.9072721072175
-3.657084146423466,2.0136561987168786,-5.748790586079201,3025.6639690565594
2.669425383138064,1.118658841288612,-2.210722185006048,253.21278372565837
-2.6307316507097305,4.707629977675827,-5.317423226668241,1321.637548278423
1.7456675508860133,-5.052370053710057,2.4252894493655113,-467.9029686912142
5.4471429240310485,-5.5839567992822,-1.2487532856486023,-343.97403998304725
4.978372682645382,0.9936820210018755,3.075045497069212,2559.6110606006664
-1.5580955969346668,5.945250194295719,-0.5497960471595267,-1822.0938309771882
5.139822751052705,0.25734826852307346,5.216758985859611,4785.290644247114
-0.8617902201922281,-5.236309088560292,-2.9894508013115972,-2423.8569603489077
5.563439725071035,1.1877420981265265,1.0145173591134977,3153.7472320661886
4.236113465608321,-4.6208040352851985,5.631861747410147,3054.685490642714
4.213640058202284,2.0304031552569413,-1.9283367922851902,1540.3353491055977
-2.196935938124668,3.951441591801066,0.07117985183470132,-308.1703881033447
0.6816151495002014,0.8612682245798666,1.897226616677905,21.489503092243986
2.3523575600996764,-0.8348710761481177,-0.5791262882226746,53.410203544905045
0.8407340410723796,-2.1966409465065686,-1.7432573192374488,-97.3942900690584
1.3800867203900369,3.2865558687618766,-4.618245859257586,361.275764011006
-4.318991817161711,4.710279479458153,-1.0220921337437758,266.20931991094307
0.2199558283648404,-0.6794398274497473,-1.3527070629019047,0.6933324615552399
4.528476863135465,1.2850749446250482,1.916283275165692,1625.2454988497495
2.4298090078453107,2.431605277026197,-5.26264451843055,838.7760250888175
-1.686106185362938,-3.1507983795023247,3.7646801246667287,235.68312437709844
-2.4768978688260797,0.1483653305494883,5.286047434552831,576.8911801542547
4.4048678229612435,-0.14799517654482663,-4.18281222756044,1081.3294745507308
0.13610878633125356,5.406372631034442,1.2216808073453667,-2023.8953643525558
3.579542147601302,2.923126994118718,-1.1824586509314816,1087.483226956205
1.7995671693331818,0.07519271394243354,-1.9429870876048634,37.28594903561167
2.4236025270924397,1.6092483765159757,-4.478111729394975,487.3256780698297
3.5495120332332135,-5.148813406394719,-1.2990905932526617,-1142.3934995051022
4.680064101810796,-2.947301029897836,-4.048070218734178,80.66116440116377
-1.4930045683206714,-0.33007973992183715,-3.4940287740649203,334.3779313484439
-4.872216721909572,-5.452215053971395,-5.297216336585594,3713.2783318340394
0.9393616919540877,-4.319710829360188,0.6283936538068122,-486.3283029170317
-5.568692714439095,-2.6782283065043306,1.1427567926328193,4460.998097330015
-0.4128237824104781,5.658392290812607,4.462956735366067,-4195.361613036714
0.5117356164909195,-2.023835914763391,0.9237793490121824,-14.065925631175872
-2.561504974460587,-0.21550730265500917,-1.8542297553186513,184.74174348497772
-5.633997000731407,1.3293608529092191,0.4833467182490523,1944.1083769897095
-5.551821735009427,-2.6318014138083083,-5.048636584425699,6716.1139569847655
3.871206727915899,-3.5160890587388787,0.7902067237589598,291.48584746012364
-1.6777123030648458,0.19887154135174878,4.896222545059949,435.14729806216667
-4.475273848177382,-5.93393041007495,-1.2442484940213534,1687.0251519118492
0.26691912065765244,-5.908031608209296,-2.444090377202399,-3578.511840330601
3.23992263718333,-3.3711742907777067,-4.278366515783759,-725.6557401889792
-4.975830420074784,-1.9336722079349808,1.1481578899383544,2559.7581845417544
0.3762555788177764,0.86458372043161,5.274823068301988,995.6717162738876
0.48762145932127865,0.15201271147699735,3.06160340934235,132.2910781826128
2.7130960046719395,5.181044633193796,3.94126405126789,-1325.4127151104979
3.5422343372244445,-4.633939278280783,3.943834873419471,847.854755797643
-2.7500129848551094,-1.857322286379695,3.401634720591213,452.5191413527076
-5.058523423892808,4.49067029622211,5.290562034710451,-1781.0821222024192
-5.69579107901451,-0.07744103591857598,-4.507849902829555,4780.610154099041
5.551780976135101,2.4271051923799707,4.501603423453826,5832.805765343259
4.03176144614647,5.9138020679888434,5.651282995255423,358.32584519611936
2.351690473124375,-4.42213056122422,-3.8741577213284932,-1724.5538204292443
-3.9204681591498507,-1.2650870928282432,-5.516573774664018,3600.6370525616157
-4.122755487946968,-0.9380618575340236,-1.1349260983301406,984.3475687727012
-2.997085222024856,-1.0677470968134504,0.1953995903720882,315.1397148647576
0.5907199764734461,4.891332030678658,0.9677427109156085,-1283.8028829174862
2.5751510724007485,2.5683917336022777,5.231246978982714,1654.8654951447652
-2.640793236648686,-2.287527385646615,-0.22466458536915646,292.4772829057668
2.854763000349223,5.460726137819867,5.406393851452908,-1297.4559496699412
0.6522486301368087,3.854379390602718,-5.73520621581251,797.349367924666
1.3406489548122273,-5.981218737702325,5.790255267072464,423.2348999454324
-0.9647992508665215,1.6368164422008844,-4.9664143312358355,865.3420541652955
-3.0272281259861105,-5.386375422694791,3.772641351225136,996.1188666141874
-1.728327856184861,-2.9087133559953378,-2.63598296938305,-69.33481877557226
-4.607128313917006,2.2390789619112823,1.727478953371362,617.1035421802973
-5.447968295738967,-4.626148343209138,-1.4285778597182999,5049.76663226482
-5.511254372172358,-1.3939334034602462,-5.3452151006076125,6474.259095158278
4.265527008132086,-0.5251618925334958,1.1935336759045994,768.586345831492
2.4438943125602837,-1.5713637388690014,4.828839313328096,1227.2906420410877
-0.3099140509520977,-4.547699994177684,-1.4014156086329796,-1105.2039288989974
-0.10060949859801127,3.014136573701018,-0.6890718488062149,-114.01722998554915
-0.3183387506332114,-5.147908025600934,-5.419647467414629,-2882.5877134895495
-0.7937802091443231,-1.7427444979681894,3.9160897314022414,201.70714188370468
1.3902011766265971,2.0228717606749687,-1.7627653327393258,48.01008492154491
1.621123810411726,2.144039480070777,3.5974003733493998,268.39495846222263
-5.456351882735466,-1.6569601099456204,0.6562442974604057,3275.889272549248
-1.5046486244823454,1.1239294945024607,3.911187702600195,100.78379019180456
1.5103189885708366,-5.8784257916670795,1.5775055109962475,-1381.3664324007418
1.7090313384757874,-4.553299003155717,1.2610742224864602,-423.44844993881276
-5.681864273500539,4.829439687430101,-3.354148327023009,2462.2198906411622
1.0293069752815596,-5.202673867730701,1.5078094731273177,-866.9276237635911
5.2827628970994915,0.40760967057316577,0.8592917937953262,2167.089504149679
0.9056901345105475,-4.294354514478508,-3.7819392246357006,-1513.4696563023604
-1.341960885521737,-5.859520671229151,-5.284954831762276,-4182.208198878204
-0.5009653141018005,-2.459511508150125,3.1643072322038464,61.039867212091
0.5474014717912192,-0.1679940744287638,0.2808164510640987,0.5437577167787054
5.297577705318302,0.9263986408146092,-3.2787284961642515,2694.328271175884
-5.1676643894980145,2.750081850593375,-3.7864913872813997,2242.306880824837
-4.79066398347088,1.827499783103276,-3.5724726101015563,1767.9689630487087
-5.781338092181404,4.147252355878882,-1.3595153154722652,1797.3461033334625
-4.86668447092886,2.309913920030704,-5.3861975325552285,3758.8555458583073
2.1960812809962817,-0.8408270713182224,-1.2264787088508218,36.55383978656489
-2.1722924364748644,-2.6954259089349777,-0.2004685804040971,129.11153844479804
-5.72073677117009,3.46782191904952,4.06975929684903,592.5153980688431
3.77362179106723,-0.6429658031810135,-4.256079690953951,527.8186416496739
-2.617742702719201,3.58056408622023,0.06836092537648764,-135.547691560905
-4.582022068540125,3.8690684840193406,-5.255502996521349,3007.504127656134
2.820852525646629,-2.173598180146334,4.536402154133484,1105.2333846017323
3.6417711646181825,0.9863849591293663,0.6944841079208786,621.9375458135999
-2.615585129144322,-1.5459309187484696,5.517492244858202,910.5029631086732
-3.870725474643326,1.212890001602796,-5.415661819200842,2858.171691915459
3.007377019690299,2.467030351725896,-4.823907782631107,968.2996562897742
3.6820168712071677,2.2608602219056415,-5.471209661155424,1677.2394752578216
5.88606170400808,-1.5053653557585438,-3.7766777959975197,2233.781248961085
-1.0485878770628823,-3.997677579614966,0.4952413313001376,-326.8909127670089
-1.5357829704866024,-0.8336479384535096,1.746866177129136,35.96626857622343
5.169087907242776,-1.849470471145711,4.105984519804572,2648.7049622000945
4.300953022116142,-4.146483033320115,-2.4406502141148825,-459.26336398969494
-0.8520716714997798,-5.69462688113099,-5.0737496372823845,-4022.5545444277304
3.0545144890161886,1.6428278094569189,-4.476667034940328,732.4902092816175
-4.762513573968809,-1.9127500010245004,-4.520594648412638,3739.5167639957394
4.8306348801548005,-5.139457333828188,0.22274026398880764,178.0858861993077
0.06302846937428619,-1.0844532612572158,-3.0498306900791965,73.15586647594512
3.917489593292899,-2.265390059239277,-1.7023234016502666,257.6116836943125
-2.159404787632659,2.1254476768201123,5.87406400061187,336.9526103212874
4.746278741954406,1.2693509934322842,2.2117709871041367,1978.8341472008929
-1.3295798551900422,-1.6248752616295201,5.387768004564016,735.3290163998079
-5.86994818223642,-3.385289348940119,-4.289321339602613,7127.007077289593
-4.904559878566397,-0.5519805456466216,0.6567816393882513,1675.6084738391417
-2.1682363489150216,2.259290829362845,-5.078903257335144,1269.4705935640934
5.407285763250673,-0.1729236040872264,2.0452120055630107,2297.13146845281
-2.0560254555610085,-5.532047849101061,-5.711939461861334,-2424.9655417600643
2.0702214729244606,-5.628530508967877,-1.9755407253904504,-2547.988837446
3.02849435325216,-1.3441588806375666,-3.875012935232522,118.15254438278656
3.4754177135346467,-5.719774844061769,5.480645206672197,1754.1639788214275
-0.06695634356902236,-0.49772389341731227,2.743875410839232,63.89113251556723
-5.309294879800269,-2.5290627363281457,-2.21563508080659,3669.216663874908
-1.7890198493750553,-2.232399391471766,-3.8516203507009945,385.4288670339536
-4.28409981536597,1.2353145177535385,2.1305496622053095,598.5575331048669
3.138127580609666,3.920488316897849,0.5631465118257228,517.9034543185575
-4.990718326620031,5.533625824891116,-5.12718062665598,3098.4655266421687
2.4116295775094407,-1.3262172611709557,-2.6327902411450084,16.68441245072195
3.8623207114842746,-1.9153547489459317,3.389109746553455,929.9796823697019
-4.981947430977697,0.6445378242961342,4.491688009644967,1481.9748510623513
5.839674942014106,0.5004577489200486,3.9674731251814954,4734.443096375884
-1.5087504509265557,3.14282175125844,-3.3041112282988006,160.59149972640213
-1.5522942351973086,4.003799543251027,-1.2080090376093295,-241.39805309259998
3.753594807090032,-0.7147037962509115,-1.0839255684897706,405.24498601796364
5.832012765874451,-2.8879812321948664,-3.82929718345322,1261.9885815133941
3.0405382231072995,-3.664513959541537,3.5898956532573845,572.5709141993433
-1.4848849736290113,-5.308229013611701,-1.9896874299226806,-1949.6717217659323
-4.997991399615975,-1.8906242539834395,2.7704441493139242,2737.941425742934
0.7008509968296606,5.597008630396889,0.9403171573984803,-2118.576256595135
-0.909335889036285,0.6925059150005275,3.9913412799135735,196.14954432763906
-4.6656302123261835,0.9656112119243518,4.397078202476402,1010.7001757325753
-0.0884987485096902,-4.3296395838516535,-5.284592095864092,-1391.861354373453
-5.863756262790972,-0.6714750095735651,2.3046066364769384,3563.4454771503574
-0.3760722960704843,1.5148118570527664,-4.320151479338845,422.8326311511673
-5.324360691817952,-0.1332260184905838,-1.010177183779068,2108.983505276372
-4.574185004783137,-1.1786543921481094,0.5830609806562617,1526.9327137082926
-4.589685038674741,5.926180666796379,-1.1671261830380306,-199.33464053276515
1.7905236253927628,4.563777145787125,0.23534010963608942,-542.4363539582176
1.000425181165916,0.8325283341873932,-4.377392235445743,327.5620223932159
-1.5015530457155517,-3.584254706130801,-1.2479884033726174,-309.7456772506863
-2.571454964617671,-1.2583470808281767,-4.403882413112054,1132.3113750608056
4.4231895382735225,-5.526485605309208,-4.095158839508286,-3221.5122190094976
-3.3168499377665683,-0.29344755015807955,5.391277274947402,850.171428749324
5.558670473287336,0.5162950074919586,4.555217960541144,4793.8885739369325
-5.854146303722204,-3.267003166761485,4.884503524980262,6874.056381506007
-5.482081056593087,4.9134553312469045,-3.5002153198977846,2275.324862653143
4.6937173643768535,2.6657188254708704,-1.7347279516312586,2566.7486098451473
0.33241330903559785,0.40063954518435096,2.030628359098401,24.920530391691898
5.9155775534316035,4.439629915772219,-0.19436952167223254,7108.91494844059
-5.114441223175214,-4.4321718741184455,-0.9793255994599974,4004.747024336674
0.6462514128158494,3.4861175312986195,-1.706265007972883,-129.69635506249742
2.348984267815407,4.525086972218267,-0.3391219497787308,-114.14192525383898
1.0117717430772029,-0.44789273921527784,-3.4787136850517784,109.10203013616476
-2.628441724893236,4.362570270174542,-1.7420177334820481,-115.30042881984055
5.404937808918705,1.0647782655758382,3.3625517824276017,3564.4681411073148
4.683165406690996,-1.4960411049647782,0.7667150526648285,906.0184628168064
-0.5321189665714448,-2.5705973336895576,-2.866050809869677,-146.33072021534133
1.4415911736184412,-3.5613229069669528,2.339437432116572,-41.88278876710415
-2.671425804226408,3.1415782965323658,0.8086913298728806,-110.16890693153752
-3.7425460833148643,-1.3615139181236655,3.554923313476646,953.389538823527
1.0038733422104649,0.9273483507975744,-0.14186789627023177,7.009886176086515
-5.0671843564201815,4.386925747494626,-4.401814491989719,2549.5312419437364
5.692737691993997,5.768872123001152,-2.864003785375395,8355.458283166718
5.834528933755234,-1.1089894971141963,-0.9708063249949763,2349.209992019734
2.3779405682369408,3.9302270652756377,1.1915914440766642,-124.330078864925
0.43315639612944423,3.1743335358566114,0.1644942625836574,-189.34062461081464
-2.285668604564067,0.8823474174668791,-2.5417856884856462,188.1388413133187
3.7655402364833837,5.472565723343198,-5.922427706523473,3133.665043135143
2.216774070646551,-3.5943058136591666,-0.04512933719023238,-182.70136209957818
-4.048596727861304,-4.688829476284543,-2.572488137253083,1225.3495897990701
4.93112621392611,4.247543603465065,2.81529960852642,3409.9828089438497
5.397598959503089,4.163626250484725,1.0179337356694909,4763.354626213699
2.708634100660319,4.71708246234498,5.297690850072785,-109.30724186055579
1.3609823512294783,-5.250508876571143,-3.907088794662006,-3077.5218427075133
-0.9810835645125735,4.601577155832729,-0.340206110992856,-692.6836567929556
5.192741800248159,-0.6201713355669334,-4.902936098194342,1819.4740751291995
4.3927666740049,0.12518986805078658,1.5081829471362314,1044.7054804297543
-5.683596306032976,5.116591280761041,-1.1116137094460115,1336.3974851081916
-1.4824395974634044,-5.770606866842831,0.2565242576848945,-1613.8812658533618
3.7266399693819956,-0.2778783801861948,4.758895901628122,2075.7147028066956
5.847313551779333,2.2526645091667277,-3.6444683722671956,5261.869373078035
1.1295685842256216,2.310389178445295,4.339978616389212,358.84978277153425
-1.4293097204277423,-4.386778447102538,0.9254049886548774,-349.20890521774686
5.638972773775238,-2.407252939539825,4.687901465542108,3927.4148909933015
4.105427077628505,-1.695413694995839,1.1633426809580705,537.969281226322
4.059944456533653,3.653246492154061,3.721933079516429,1920.14235212985
-0.37568208246035617,-2.6548815310253637,-0.8439196397382247,-126.27712859443025
-5.323494040188875,-5.893640578638373,0.8654755646664753,5735.697274789044
5.996612079433568,3.9416315933894044,-3.6162650772311307,7922.750333593778
0.6651804672315293,-5.82821666799528,-2.3230146077875635,-3323.145653944915
4.195768688128938,2.8857135834422287,-0.882003033097666,1784.3046233861892
-3.031822779081628,-4.285796552389937,1.3850493578500256,687.0769743566922
-4.45008701818206,3.2270733852916926,-4.94654115530208,2530.3017661286412
5.448612327104669,1.9024861880406583,-3.9380464757080986,3888.94841259291
1.2740956134105605,3.1933911935470345,0.2169299764841366,-131.41138955154977
-3.2562863339584474,4.151057276132786,-3.432063855620237,536.0018257229218
-1.7020473836059136,-0.14846628399346962,3.7423934881245575,154.6201952959241
-4.637308893604452,-5.06820798394074,-5.833654369045679,4146.800958615486
2.0588783471135947,-1.10948362761083,1.792545842839469,74.55620841207728
0.24369241084551962,-1.1147221304924688,2.0265183724882245,19.396105436658903
3.267820700827672,-5.207881870317101,3.5838693642796393,348.4985976037738
0.24196201334392065,-1.8141535923662477,5.193035268723758,838.4416797122813
4.226178003822481,-4.668022814504222,-5.758345812608522,-2671.149275169657
0.7312556584246348,5.372256311573649,4.634055528671917,-3203.074672455755
-4.391817258592312,0.2709191920409424,1.956326444677769,895.0405678522199
-5.654607884239932,-2.405211864553513,2.148799253947649,4590.123487074407
3.0616470680834276,-5.077655096686038,5.180884839798098,1357.3357000052654
1.443714616241576,0.007491216845013859,5.963393008940036,2131.5500216741875
2.4489572171906833,3.5341865338889846,2.641889531171284,-10.561435005343636
-3.444430061893071,2.4850377272003783,-2.55334548953819,435.5921952082575
-4.363542292958763,-5.397287862432314,4.557028827532124,3917.1183922038913
-5.825464011985417,-5.125177975585158,-5.409349025510861,8325.402217410368
-1.7929492943208363,-1.1655206084083547,-3.2270297655060456,303.60705157202773
1.0790122422555974,-2.4565140714246807,4.768628609564578,701.7022546214306
-1.2930714588032117,-3.211388123327426,-2.9257018267277406,-279.3329565963031
-0.7503009357152512,-2.627946013095437,-3.3521872845390184,-97.1800412061942
4.8499043339249805,3.641792919562615,-4.342496482317033,4036.4050627120046
-1.8209343957203963,5.150736643582247,4.309341091762999,-3090.481318216894
3.4038361528937173,4.873332025589965,2.0987184366498575,103.87154132398048
1.4650404027344823,-0.28275616387450064,3.0964850521345983,213.59563205984563
4.3483645049609425,-3.2876520262080033,3.1200665395451814,1065.9213204535806
5.394247483891705,1.6857125061101277,-2.2488237011003984,3327.654268996383
5.119051501937932,1.2419171525205437,-3.4837166708375897,2610.28436915183
-0.0946044830455417,-1.7062309906374136,5.718732279874851,1163.468413804595
-0.4903709251408639,-4.524951858415349,5.214526568586187,323.708728751139
-5.0896400626960325,-5.138690325281844,-1.2773359667242135,3927.4690143708585
-4.453443337072209,2.1914066546808293,-4.431392116922913,2079.1982907877855
-4.177167677852468,2.567431590079078,2.7517176057264745,182.53649659496492
-3.817438987210262,0.6300116088946695,0.05347130003226397,439.30217930547457
4.761460918872142,-4.285488463927059,-0.8704016619997308,237.5427125247734
-0.31246031684553177,3.304153804837627,1.7426229101359674,-395.5869597659987
-3.932161545580442,-0.039654926184641504,-3.2133037091838825,1128.599708999947
-3.6925317742959507,-2.5887108848697995,-1.1360956722365598,990.9785640964334
-3.9727792431340254,1.5546923627008393,-3.6164206336575706,1138.9261625138831
-2.6569159316164965,-5.348015582125154,3.400646639950061,464.43807344417337
-4.935569594915332,-2.1889584568666,-1.5572137717850794,2580.835101829113
-4.55236954679279,-5.998383683946177,3.015347092485202,4012.2153317052134
-0.47065478360729074,0.13354967084675806,4.763943472372933,534.9227233026448
-3.52399537913049,-5.4377770976687625,4.153490526362779,1887.1342016385113
0.04100725025828211,2.4837178494685936,5.475502578160336,561.6915596002954
2.2847379435523827,-5.247724540537609,-1.4798827148464504,-1682.6728979320535
1.5348046738908927,-3.038113569577173,-0.16591615074140442,-121.25757325636995
5.050468806381758,-4.777291343207837,-2.1966885387926234,-408.516112128607
-5.2670644817416346,-1.677192974394865,3.705915881900209,3244.2645918819935
2.9791162846039008,-2.2398249889782824,4.304377454934887,1004.5433201782466
-3.4878081199594764,4.702465737728817,3.175811404618482,-1610.5785179662264
-1.5543347665034162,-0.7941909650816452,-4.2396586318178215,656.8043063289721
-0.18572417770774408,4.919317726252704,2.283874162808747,-1816.3740362871122
1.4190572583635515,-1.4721833524416859,5.340288774966826,1309.6373660080499
-1.5730363251627306,5.568940997881299,2.1904857452058852,-2667.443317768918
-0.44958340640222527,-4.928525705693125,-2.0205978107059925,-1692.375840229227
2.9696512576050793,2.2442311980389125,0.006951809169975398,450.0133140806589
-2.970756667871751,-1.3482143345322353,0.12684490474204324,340.4004954836163
4.742482052246391,2.4462850996119734,-2.2552314641757523,2580.3865083729615
0.14012930538799395,-5.947640764196291,3.6287523666435906,-1057.639765433657
0.3853618231837874,-3.9965629350336154,4.33701655314621,163.15952613078994
-4.713935863922687,2.556552607611824,-4.352399607413157,2229.2592047646767
-0.6310515981185443,1.996624962938478,5.428641028784696,549.9906163436386
0.3914071974602784,5.5925700615441265,-2.054128585816688,-1129.6449497602428
-2.7690812286074284,5.409272492776056,3.021901751480174,-2717.631951160693
-1.4725900427445282,2.4304860184176835,3.7433548156546017,-201.57999967611795
-5.759145626667284,-2.423373496326682,5.348996426711162,5680.787885885134
-2.1350500130018606,-4.735620932989722,-2.2449654236541288,-1008.9223528779376
-3.4626239160414642,3.3818863601392266,4.302077454618654,-712.930496509632
-2.0700317738650242,1.729790657710991,-4.419757158765515,791.2634972739154
-4.562854418168985,-5.421767851280445,2.4604908762431137,3750.669885809208
4.6863273688787395,-1.6793944091882604,2.90373275416783,1332.3967736520904
1.123109442648584,5.481597785811434,2.132678894415845,-2404.6590771143756
2.1492278297338743,0.00481374852241423,-2.972223166378164,97.28262424963948
3.470054863288059,-0.8072503677635439,4.476517764182439,1522.1496948423076
-0.018693612851312658,-0.5076047380884727,-3.97369843955526,294.111467382843
1.04209341625055,-1.56224092815388,-0.2942914172071962,-7.811259611881983
2.945273690211959,-5.371739757750332,4.189176239504112,422.91253682670913
-4.469036366453235,-1.0019468171534527,-3.980656937907446,2429.9406583261793
-2.5946891304153064,3.86615864179708,4.037306309638437,-1151.8267139311256
-1.6430124432163788,4.204176013438744,0.5869155796808601,-579.1621114830252
1.7510068959792147,-3.4560713436161032,-3.7296504913157413,-747.2551035187025
0.8493396560269426,1.8882417860415428,2.64460798303735,11.262043454361288
-1.726839289225845,-0.33261835004421947,0.1333636618740064,27.65501253239813
5.838182985515756,4.5618808550578205,1.2517557868838374,6527.3577498721115
1.2692978322826463,-3.4111118498825506,-0.4692199415210174,-250.984612539726
-3.1532784991680662,2.133758403720531,3.9445078058160767,-69.61667399029608
-4.778610328555155,1.2930254670326704,3.954752588196598,948.266799866069
-4.165690329788015,-2.4563822691380066,2.5126658618926356,1715.0014930999323
-3.0485072593859024,-4.360789156185929,-4.735183471242452,462.65259856762253
-4.0718235208853315,1.8196771257273188,4.066246342848826,294.4112781134048
-3.761195711384331,2.8631694975879682,2.052155766394918,27.410029942783623
-2.578857975673835,-2.2124718748398,2.364289992051594,357.12065771662446
4.761185095517103,-1.2584291086619608,4.551354673884081,2707.5078623693844
-5.0371950520602935,2.5584825993914126,2.70445920281829,750.4677867366287
0.29413667484305606,-3.6094167012713627,-4.648914401649666,-713.8473017145303
5.788543402903276,-2.5510848424130432,4.6365643435217,4099.817037160345
-4.655533173983372,-1.5865681469261652,-5.433639579631452,4738.7280565750825
-1.2257328114511008,-5.302896575035803,5.536999435704594,284.8057449483352
-2.905166075460722,4.025762708906333,-3.014498535129875,285.84004680494576
-3.94934895131921,-5.823679336140554,5.304698633863145,3270.7808608985692
2.023718639093172,-1.4508714159367653,-2.420730549190527,-16.613177856489738
5.152511869531029,-1.951853438770888,3.306063560627992,1995.8436103844058
0.681154716167157,-5.768068428988787,-1.2825384215150502,-2581.9229530155317
0.8593522736387982,-4.507579211993877,-4.328951150583553,-1905.7520930195906
-2.64025087607659,-1.0362879009763768,-5.871416427655692,2785.061718041846
3.2339151983032437,-0.08562498663064044,0.5310880441830097,270.9811872497025
-3.7554750173097196,-1.1485230329415703,5.709345822587192,1456.356744873249
-2.115849163149076,0.37125214094512593,-1.5703656742895458,72.93991016831752
-0.8947627366029991,1.1415800988681788,-1.7136919920834615,16.922464591011572
1.3274405092995911,0.22838736155458506,4.558975520724173,785.5346780783975
-2.5364333611169307,2.1305072095074387,0.06624950068188351,39.974004591085134
0.9748586570713478,-2.2576337049974016,0.09309405826282546,-33.64707622803636
-4.147647416709573,3.2878965378331504,-4.339540863353321,1651.5986650889133
-0.22631877774218978,3.2750577825133806,5.792874490924632,61.10814165214352
0.39107319061903034,0.25555257184966784,-3.000325309574044,81.15234435097605
-1.9607486616729535,-4.49339742284816,1.957754987702506,-43.32415256008074
-4.387023876732309,-5.796628021325028,1.1443964418824724,2721.8575761628904
-5.239500354326787,3.2418985410851526,-1.0182521520870509,1231.1208070613234
5.879522788679342,3.68586644837859,-0.9336931934318633,6418.9385745444515
3.718493350255619,-2.813006004496727,-3.6514483188042113,-199.01423924537403
-2.944312142834834,-5.7893716396004535,3.8430398273386768,781.7615229492194
2.1780326666871517,-2.4802966706332237,1.7849653667402183,72.29681984139006
3.1227343186762386,3.277702487024058,-0.9723627146457074,717.1022037897018
1.1476648872941313,0.21552633255094733,-0.5036566009935761,6.322254399162852
-1.0579090302327776,-1.5391284611240366,3.0253719923636986,76.13465954386028
-1.813580801484056,-5.983756491414383,0.154496907663213,-1769.2081304041294
3.9674328934527487,1.7575048996551654,1.1526013891314033,1073.8266106941383
5.58032292799815,5.690333325796285,5.948813424615876,7288.612344457192
-4.508433318173463,4.164729923806794,-0.7768526441213535,484.5758710085783
2.7704097024437306,-5.7168604242536505,5.048296809343434,761.2476247699789
-3.825203206012078,3.398380959583511,-5.343207516900169,2416.571984395169
-5.20204479159867,3.3645134828517644,-3.5490947235788535,2072.9935722101804
2.8934477914807086,-0.5040508919571423,-0.9756582800677895,146.96261089710137
0.8936773581589428,-1.2239364845459662,-3.364380856865172,52.81135121353161
4.101945321099265,-2.3650112540016885,-5.997275541380933,208.428716688639
-4.322731480484526,-5.211661692547611,4.980018452970327,3902.9417583563313
3.543207742318682,-3.2611756380756107,4.126552934771148,1105.7169598089383
-3.5804721594270656,-3.0407563802637045,2.9075067778433663,1275.5114532636037
-4.036128685611546,-0.19107516347758136,-3.9862248522476564,1725.8203232674018
3.7748966427765858,-0.3142820592246407,-5.188743006331402,811.15584180158
1.982366648354402,-5.305866606634073,2.688350265275055,-496.7649257697173
0.2767850972294319,5.493477611858447,5.145695528254624,-3766.756300594446
-1.6940341905179697,5.3126918291293475,-0.8335701490435561,-1014.4752049558488
4.526406489757299,3.4222745177809006,-4.570311936047422,3207.039040250151
3.7991932736589256,0.5337879936031555,-1.8140171104964384,662.0438220468588
-0.7303810971573785,5.553220203038473,-1.5021009078000276,-1205.918787137131
-1.476666846901109,-5.092739512598991,1.4559674898684873,-623.1986662809693
-0.4478425719647223,-1.6118310208635442,2.624617359146429,37.121658085812
2.9713125621150134,-3.6500029903887596,-5.572917230322283,-1122.8563845620959
4.794894879294821,3.3758622689676603,-5.354033701098491,4029.232126007714
0.5226343333678631,-4.236447484941484,-5.532505843818429,-1397.4670123668113
4.877665331574564,3.7334852392016504,-1.29826926459394,3534.6300949919655
1.4908559509679051,1.6314564859647422,3.628821413415892,327.71928201883185
-4.597223511499632,-1.3420115264760533,-1.9050666029073522,1728.6869670686356
5.277985483361702,2.089563546432755,-0.6697991174596014,3219.6423050573335
-1.9811326241149665,-1.857693498069474,0.10672884083856182,99.89795708865631
-4.328735128039353,5.009830117583883,4.337348232255891,-2469.5563665317786
1.4408730711421622,-0.36014078210476086,-5.881071654106156,999.2251105829756
4.726710996611491,2.4926562032103305,-0.471196797099914,2395.160474813199
-4.179901443206986,-4.2323634686523555,-0.20121508949477818,1946.2248126789466
-2.2593351864534212,-5.905900910736998,5.84275134465957,780.3034925801146
-3.018130322226411,1.5710614827499612,3.0548323344688395,52.94612975489615
2.9273555108721236,-0.6279188950749806,-3.016741384640324,163.89053759064063
3.1495042288882864,0.3559166873474382,4.290367293023085,1320.1373629916136
4.521187641140994,-3.09728047064533,-4.831597274505347,-245.08572155828983
-1.89501901540911,0.007242853856491038,2.4764639617199524,51.46060090407178
3.8550876560641534,2.1554439928212936,-1.8530449695502433,1185.1839578698798
-4.672419156537513,-5.085129384317226,-5.916212857435823,4364.748370084074
-4.470136052016211,3.6835858906079224,-3.1829469393003444,1160.6922007553135
-1.2325525132755928,-0.48402155516806467,3.826431246245658,178.60150519481437
3.5675443893546444,0.5589257043875389,-1.9520326938508141,533.4662955783094
-4.200990871814715,-0.8062079734863694,3.930284327445804,1210.2157486611347
-3.248983257208302,-5.473200688283939,-5.992824733982456,-142.93898279640516
2.6670308207167963,-4.011002642158129,-2.30617019968657,-771.1966916609193
2.6404384385528914,-0.6535003350973092,-3.1060174283068567,114.5606489039603
1.693771594623568,-3.489774415104866,-3.1971916671766683,-693.261014056538
0.5126933201711541,4.123795968621884,-3.7545087550739793,-61.83821770360991
-1.8516480779529667,3.5177144879608733,-2.503667125947066,28.55826653308778
-3.820827398382892,4.245419060456005,-0.9912626120502246,157.2991116863866
1.0007015371934456,5.527523706158398,4.510859099998735,-3423.5238682585423
5.367400075341784,5.937831527591413,-2.038128596212747,6559.2240378586475
-4.159783162607038,2.5406736689525857,-4.718391551971637,2063.595434513249
1.0347579842015673,5.773724781501862,5.440834552585141,-4154.869132341002
1.3374508252157735,-2.885498601886916,-2.4281966691806347,-303.4693597875961
-5.7826777941499135,-0.7560493720125496,-2.42320558595995,3660.584812669537
4.465486907329819,1.122731224545431,-2.155184566317421,1463.0156133311552
5.185419389803348,-5.12302125567582,-4.028557880731089,-1926.9870158791794
0.7815982030705069,1.4681191754069527,3.397937171084365,167.28167979964238
2.359809886522708,5.7741340411475335,-4.53002565640813,313.0757704853638
5.069992574127548,-3.7187082025952685,1.618879909837954,1148.7562217402499
2.486863611760784,3.5111413954605997,-4.5138476795301905,717.6806770654827
-4.169531485028864,4.894785525355433,-5.153572348884522,2295.634107791953
1.2805805565942707,5.5216272528653665,-3.718454804175532,-497.23357056998435
-0.9104319443713678,0.25751566465766373,3.855001854716452,185.39744457347112
2.8373308274966735,5.727694895898043,0.5355704532856294,-886.320148804746
5.212404177228178,3.0877224856132663,-5.065721764694764,4713.609297313348
-4.6411434499109365,2.619974104464047,4.315744144231278,211.1659134930904
5.818094387548015,-3.031916210171,-3.97427993058523,1105.885194031045
4.066777037351208,1.6873822025866483,4.2473145857022345,2309.856979735762
-4.504047825560798,1.9992057485594312,-5.841254245136472,4124.497459055758
5.050102591408468,-4.047603074297209,0.1413654788337677,781.7667939141478
4.4387563447455385,0.781023749433075,3.233310953058682,1812.9590798175582
0.22605668551286584,3.2595229317432928,5.217546209913401,-70.82198062756322
1.095305228939151,-0.013252025568696979,4.9104256344778445,953.7921304962055
-5.342860334135624,-5.891538371048494,4.658296195935648,7716.779127494161
3.6342413831761373,5.114328821181385,-2.589788451459255,1668.9718602653306
-5.944415723944766,-3.2558786447566948,-2.532377700947298,6123.254118183796
-1.9980099397062698,1.6123642664602453,-1.4753528279796146,47.32604115302537
-1.2219756769086807,-3.335089551680153,-1.280151955377736,-271.32300311211293
5.038267396953126,4.176505075217808,-4.081442839602703,4915.871266703266
-1.843848067608465,2.7463373072393615,2.2949599654318718,-241.02878705668002
-1.8365615772452681,-4.8552086722414725,-3.989201528345922,-1575.9042740986392
2.850014977316981,-0.8555757481627966,-2.2762982147454296,114.5680101206779
-3.3047421247202164,-0.22931824076389162,3.5572867382817286,427.39221819587056
-0.5707258064076797,1.949208140412817,2.8736307988647276,-65.6908346153307
-3.8833561619253203,-2.533380733090012,-4.1307208730379585,2051.398705198491
-0.9728946059454255,5.034372295872597,-4.950641978401375,208.3185184032385
4.978150812817201,5.919060185075569,-1.4716418784401908,4730.628647990635
-1.6512732106004027,-5.461064412052609,-1.0378016365204896,-1692.908009461255
0.967060203336521,3.132095081944705,-5.522262726650954,750.553561566514
1.5871714550343645,-1.5393112031718807,-2.712142806360338,-33.64456560293865
-5.842866520939996,-1.2905017652462396,5.467793607197873,4707.772699001408
1.962448464200527,3.0511796801642728,5.443591293956274,1135.4301869453263
-3.863568397562983,5.021117185744904,-1.772075348969528,94.07175897654808
5.532843809633462,5.411143134030581,-5.482798692620111,8552.157059454425
-4.2160472669626445,0.9254710324598499,-3.8508607280618214,1557.4532525477948
-1.0245105152757148,-1.7145460883939663,-1.293386478797519,-10.039983964940975
-4.975803983056274,3.450589030305352,5.373356375630758,-424.6604334730149
5.962491022151369,-2.987983400852397,-4.305611237553781,1264.4189199773132
0.026340123974911478,0.7688883460022131,3.1621901240185473,108.7164471175628
1.144620207840525,-1.6970584617015216,-4.695809527503695,216.5780441407178
-5.195082271338871,1.8795728844945128,5.775090928695322,1165.6527415422013
2.9995256447901326,-3.115213045277917,-1.4206020106903807,-126.9317777854199
-3.481132882852971,-3.7008846511820908,3.3028144667886714,1396.495632426126
4.776651473288565,5.018869040105244,-1.8889070062664182,4057.86382096669
-3.538324314215914,-4.778355804605557,1.5320265259057049,1283.9118213568506
-5.561403985822862,-3.349766604443893,-4.247747768436449,5976.14456289069
0.7780935991513971,-5.567774180502884,5.011767334853202,-94.5202374120362
-5.211496326859772,-3.897338734730072,4.649627282554588,5357.067183650412
3.3063314003401274,4.401244254072003,1.5052014019991216,384.4803971322586
-0.5605339830236691,-2.61025507227568,3.699218534595339,130.48655542630905
-0.7108470367412618,0.9794675158703221,-1.9825314973118502,25.341495373707758
-1.1908432694960887,-0.7606297227748069,-2.2355625029141253,66.72188931451754
0.7156839756986146,0.9610660160334552,1.627743863431359,11.045215486478599
-4.13711704883145,0.20038062271521362,-1.728506718352314,794.0596255222205
-3.8168624340567465,3.1053150450879023,-4.21791862027583,1332.7884956289017
4.341427452162208,-2.610047208325773,1.1576049049625246,619.813099673845
5.353385545603594,-1.7633953007963719,3.772607048028977,2630.013400898726
-1.5202882046429647,4.729131630399008,-1.4145180664803219,-518.7147553459482
-2.7510639222773547,5.3574781578048665,-4.412775418818219,453.44505970756484
1.7279945188681891,4.710698729837695,-3.6397416322461233,30.14399201561449
-1.0951899468228437,-0.9666240725122375,-3.150200337967392,185.2851104112744
-4.126168831605716,-0.283971200386814,1.7135408460757091,824.1908256133651
2.5916667461687695,-0.029521774246774157,1.2113458144526277,133.86346903002493
1.9070873029218163,-3.5438386913125925,2.35295833880447,17.11400613922605
-5.674848089958198,1.0935636391021974,-1.649976185621842,2263.459531364232
-3.2271024409431432,-2.0212236111936748,-3.5509480661308768,1031.2749525014483
2.0627129231847405,4.260362419439222,-0.37151102978215267,-154.5199756460799
-5.76347354694763,-3.5150902894697373,3.611264658497163,6463.296162447776
-4.750697016185114,-5.146100577918807,-3.838096227208569,2742.507427767571
3.598993024478272,-5.171908888646204,-4.681642635110604,-3216.9508933119005
-3.8574640553479966,5.289414246037294,4.604207612255877,-3353.2571355279797
2.66720318226791,-2.0137076026127447,-2.2067842614363538,-28.92680737469123
4.268357617275429,2.3234166896855424,-5.331109756950699,2341.6998265981324
3.9626383748038982,3.253473790222639,1.3177531385774044,1389.8410782184787
-1.2337976445785426,1.8558082423914541,-3.110354207121921,158.2092465041413
2.017021638847755,-4.1808591023988075,-1.35831309537744,-701.0041972002178
-3.5401884550101483,4.510597002204683,-5.0330302525618364,1694.3224697187663
-2.482227236867841,0.46913463283210444,-4.234040986860656,886.7688079540462
4.756029822253437,-2.6103308835599557,-2.424273174049875,553.8287849968385
-5.843976917871167,-0.8972617747476725,-4.922885993278115,6313.575249652558
-4.973897629746383,-5.549146915213111,4.929915176235783,6101.695858411485
-3.505364938247672,-4.465598385330989,-5.9274354817922585,2209.237664943918
-5.681613553514163,3.186561006190331,-0.19367737362826354,1606.1722753181925
-3.8227747789224322,-5.999860382935607,-4.521030502409383,-957.6873596783186
0.9964987316363061,-1.0012100582124939,-2.3078509262646176,1.0427866924110716
-0.9429053928900242,0.27012217302706176,5.112714717819186,622.393565070114
-2.88691879882449,-2.3496153643646296,2.8987933016019554,557.2010898334187
1.0835393101776933,-3.235000054591801,4.613744731161109,534.86286534755
-2.783236310125485,-5.982314134964263,0.6479190660375718,-682.3693006473169
1.4897868941896082,2.7521375290559558,0.41471062987570395,-37.88214046398561
-1.0870601737051153,5.602145997591425,-3.6545039955792014,-641.6506641413695
0.6245661702237628,-3.3084782005794593,-4.005247655380096,-572.4041681630034
-0.7664816503761998,1.956566301641069,4.9978698133861705,316.41451275085
5.38143968354588,4.181104549086296,-1.5350129404452488,5313.318700235286
3.1632695299171303,-0.9284496358366905,3.1178839011406616,554.8228158168786
-4.318641890802569,-2.364829132314849,-1.9341182109263118,1717.5523794050152
4.4216157107749545,-2.0964583917236266,5.4247493596680325,3296.442945992584
-0.1508256210058363,2.5514559971821544,2.855133227985604,-189.61041011341132
4.734626722729097,3.8013535980676316,1.16915091088104,2839.259563663801
3.598263071367782,-3.820632386920768,4.57074192653703,1419.6570579064005
-0.8974379463691982,-1.548707902106818,-5.404729099806207,1173.9732845901538
-5.730368300158592,4.823282360989801,-2.915247693729495,2257.128742745571
0.4996105759304026,5.81830083314971,-3.2762575263417477,-1021.4073656196332
1.6017386379137672,3.050979116184969,2.9268622476258237,-133.18380970628886
-2.9053477748015726,-1.2816575876649328,5.030496372644702,758.4120794216811
5.812826168442626,-5.058530204194513,5.538608785650794,5224.679016110442
0.3082821876322299,0.533963509246381,-0.6617708060695104,0.23644119530673188
-3.939848569820358,2.511849941671315,-0.1314191946086014,349.0136461446663
-2.7323120817675726,-3.9921443519872755,-1.780201531897136,-1.9626451933570415
-5.779311881430399,3.3675806091066853,4.91458167614566,506.70726049846917
-2.711337351753528,-2.8160863493343964,-1.8978114969929019,294.30761633159835
1.8170446602223702,-2.4412810535288316,4.181661292875177,560.3598654140536
3.95690164448642,2.573089968854907,-1.6409357798902775,1428.1050593470288
-5.868050056098234,-4.769808431202307,5.291907870893246,9174.06917058126
-4.357372439174313,0.1662535704812127,1.4785244768160837,882.3299798712054
4.800223702177261,0.10668666709267072,2.899527449422667,1862.139715573377
4.4866809307501825,-1.5686307574135068,3.6611677444936177,1571.358396773904
1.20620232520384,3.930075838478654,-1.2593599457184483,-197.1012461206961
1.9804400945550658,2.3665125829156413,-5.384838489888022,773.0185152598523
-3.895544656518605,2.5719196288199697,-1.1774847451591253,400.8337437395817
4.9729433510995165,-0.4594062742425713,2.085074757409078,1598.5412441205408
-0.9747537012951231,5.05193425315891,-0.595795370630487,-961.9294773062065
-1.4023376610060305,2.335145127039425,2.987557810324782,-174.44628745141677
0.22701246339405046,2.747772739869797,-1.7162108463760335,-46.73003025466701
-5.4364083986993395,4.340290845448143,1.6169296932483546,517.1497688302829
-4.004599574927047,-2.711140927893708,-3.762962341752305,1969.1380997080214
2.856403397116445,3.684850846400437,2.9924332397394835,228.50579927888074
-5.006415984898482,-3.6571127645220955,0.5483516257563101,3657.5543636390858
1.2378253135966588,-1.8558965730613455,-3.551227337440793,-39.45863208577523
-3.0558106838241486,-1.972674548761887,-2.497065918026313,579.6684309264286
-1.3284526314962815,5.742305620669686,2.983304502981989,-3538.9926433206215
2.628550862210947,2.724681139384682,5.607254284443572,2065.4122589654407
-2.4345394125218998,0.7448735328308533,2.581500237802654,62.72403850747196
-0.287395173610804,-0.04489496541166105,-0.874739455675881,0.9940468368630299
1.9640539843517777,-1.4337874815612661,-0.2987959116993544,17.490289837911117
5.241956871897095,-4.0435759568209075,4.77546259422023,3223.4070860503466
2.7908651665230035,3.4344678271326963,0.3005920829446156,351.29174476170897
-2.852831468402099,-5.697679032489248,-0.6392823755683139,-881.1789133596732
1.1409351684030575,4.067967932616128,-4.518601610275739,201.68244639467383
-5.382890238188995,-5.862984198551116,-3.52823956947646,4275.7299922159655
1.16211418700267,5.6430853167126855,-5.528819380216078,89.25953880710391
-1.9890733101964706,-0.7480640622215589,5.727405878123152,892.2254506514788
3.2509464449498626,-3.180319140048567,-3.0917556583588524,-388.50056367434536
-4.720820962394738,2.4584521205205796,1.9597285140480238,622.0558547528225
-5.098346619170295,3.805537704187021,4.069196385595339,-316.28737695311906
2.738265074443241,0.5571637929341673,0.6079255108387711,185.25639520128834
-3.0431756011307183,2.6214473678706014,2.775007072168501,-162.3562919725193
3.829227812090396,4.351685653790147,3.2369594742850456,1073.3659522442276
2.3363576502531203,3.600041781164176,0.8827593603205202,5.922944110117632
-2.7342583532404476,0.6324849086225433,-1.9003066477127781,183.3800961311671
-1.668313236719678,-4.419419657050877,-5.178711489088487,-743.282841585655
-4.90101512008039,4.383549106906949,4.768767819859036,-1444.0147981272492
5.0077629055469135,-4.112721501843415,-4.567427863941639,-911.8694140225278
-4.358176428972463,-2.282545689490809,-2.065885945370181,1768.8817487515196
5.402848245849629,-2.5194536164507575,3.7889445675134503,2583.7781820082832
-0.6479307245045316,4.456968410290251,1.1677485399685423,-963.6214718989239
-3.7784048539365642,2.072435930506776,-1.2763737566706954,377.9346824731253
0.5028113685402982,3.5601767662964683,-0.3187720874997435,-249.4375624039605
4.4753500305169,-2.9943852144900123,4.254568718426164,1879.4779233055629
2.7866986369147337,1.4984891952839874,-1.919947367281294,332.0646837745232
1.9054004005286078,3.9939645214592527,-4.942386828279702,560.8039637440086
4.190347818783831,-5.854118742271359,4.170571596656837,1088.9154490449127
-3.0039838936897687,2.0882390287055124,-3.818188165951935,733.5918237350835
-0.1269004362823143,-5.377970410563252,-0.8358416115335947,-1818.0621589552927
-3.3454866981647733,0.5863039809282711,-4.014002704036132,1114.5668221839267
5.852016095959764,-2.5484072514758616,2.479249547930614,2456.5386714597385
5.328712076239359,-2.3186808057343056,0.42417321673988084,1373.2666880098445
2.4669020701882616,1.4555093885953214,-3.642156396525466,329.0784512712562
5.102979808987989,-1.9914004119747695,-3.4590496553709658,972.531757167675
-3.8330958584719976,2.792388607083364,-5.502032093881123,2704.0944754107754
0.815342766631554,-1.1456713731135633,-2.1351895776512433,-6.7300671131870216
4.985859571056501,-5.179761596280496,0.7169359360040994,454.1824701299117
-5.5926482569704135,3.405118109809287,4.295218967967946,433.609872902832
2.369043206962079,-2.570900104887528,2.003129369504169,110.2984934184707
-2.431811911529391,-0.8067974448088489,-0.7752441192029824,134.90796201985438
5.652698941984413,-2.010526114215456,2.6309424069099823,2310.1950251088538
5.3311978693612065,-5.320972126239413,5.1619824343506,3714.244776536268
-0.3094294001104352,-1.512947435846237,0.33105567926598845,-6.13319099235618
4.344511811871762,5.333382992331641,-2.893148702482325,3286.920021090172
-2.1707943210809324,2.0577497840064822,2.713018217806205,-100.39876173092212
3.9469856898081286,1.5873858436516777,-4.544364023933591,1381.312680396058
-5.5559083834140885,-3.6120943324867585,-2.366698460736394,5000.983660550037
1.1552385417846365,-0.979993630772638,0.3896508946067687,3.826081399338162
-3.2398939525475634,3.0112775803598186,0.7729990533569726,14.532634401003056
-5.07656158044949,-2.665766686923453,-4.004936035803592,4137.048885988001
2.355465310537678,-2.6841706984097566,-1.4431511421402146,-110.57824435368056
2.697201258345137,5.76442489130622,5.637826375605417,-2208.067278618411
-5.215723910412692,-5.189969439794137,2.731573652396264,5865.158189460928
-2.216515946032676,0.22441193256713987,5.071245085127494,476.80821557991715
0.4738955085040466,-3.8476238158534746,3.146544699770125,-79.8933816044212
-2.174969964815161,-4.64035794327043,-3.6957195703638654,-1046.5194695072582
1.5106965172441091,-1.156787971660905,2.0002278227101566,52.94857934617356
4.631732978834245,2.8546198180152746,1.4805547915188848,2325.103849622352
1.3903582581876552,2.454653136329343,1.2296300454871973,-45.821072351586366
-3.204486302956395,-0.927256357272813,-0.12256958414111097,376.50640628637063
-5.707190621321544,-1.8417099845673812,0.34387924787130686,3987.2505859570488
4.441186486811159,-1.2286514573655527,-1.9866896745827507,711.3895161609264
-5.744767069795355,-2.8286848420963286,0.23175231170763766,4980.3803392046375
4.496420072210393,-3.5360047355184023,-3.629329131858261,-321.22360923210755
0.34724560832654383,-0.20352362929332024,3.6620927683245217,245.28587029565355
5.268812382154755,-2.777594927188712,-3.7706765436155063,696.3517041886685
-1.7914582145794782,5.622447980398707,1.8996892740727418,-2548.2371192160062
3.2062594671735223,1.243646406712501,-0.7473981007975041,442.63917035792275
-1.176829036689094,-5.076246395220405,-2.678950416584297,-1974.573890000595
-0.2414925563530943,-5.092996633751197,0.6980542066852884,-1020.4367996222713
1.530065558620441,5.417078650146792,-1.8359719750536012,-747.5605119519722
4.484125370236065,-2.4325105163119964,5.194412281519597,2977.2641041294078
5.809001630391542,-4.895196167010295,5.0717416752428655,4468.651940609631
3.2192809663742175,1.1885350458045787,0.028461839665145483,425.8299964609769
-0.9437159726751574,1.7820578414242583,2.845588967479669,-53.07127887250725
2.8509876190666983,-2.7911756657095044,-5.5594446782032,-292.86201444263463
-3.134674250780372,-5.8186717894263,-0.30277192747618464,-496.18032456240377
-4.674310642423264,5.580184433453663,-1.9641192687559972,433.9788769258084
-1.7445341083106811,-2.98928345170677,5.046430621230655,587.8615040793713
-2.553132100151019,2.1123154566305704,-5.8559636727278095,2346.9414421228266
-2.444302554528119,2.4795584385445153,0.633778508620189,-17.55587909972595
-3.1967069874010807,1.3200890049538287,2.887962972799512,128.95956157671867
-5.494881724363657,-2.2451112694362214,-0.17978414971150514,3764.4053376942857
-5.785512783199034,-2.746844954831211,-4.97516363804734,7429.7215150583015
5.852668676832378,1.1720193924324374,5.669536680334826,8008.865634900663
-1.3880802340838194,5.360804747080747,1.3702349318281364,-1931.8665902657365
2.1557673923168377,-4.729130347154909,-3.160682607509912,-1843.748476993928
5.399534207402704,5.336835105396956,-0.8502060965001377,5881.172157922829
-4.927067972252885,4.595925897957276,-4.726075757430394,2695.1149280162526
-0.9890306905808597,-3.568408390375882,4.049670235425294,137.2245692654198
1.360936670528492,-1.102179709599623,3.2249655763501544,213.94530591235704
-3.9955926468950973,-5.815261299704298,-5.256641777052145,200.20254872740108
5.8940235136437185,0.9951126816511575,0.9216950356590701,3748.8358754708356
5.312781289621508,-0.5969490462853155,-5.5624673900925785,2145.2906488519443
1.292841538546309,-1.211576188290783,4.0099692985012965,447.1726596600313
0.15226213219810347,4.077619279973121,-4.584330196463261,179.5994992323273
-3.2319622593868957,-3.7375127310089864,-5.458183627052497,1953.7895241577505
-3.881663615933901,2.069525976300346,-0.7452013542850526,382.7498324404902
-3.3541654911578958,5.724083453267323,4.127921663304297,-4071.634759855389
-3.762740854268946,-4.777282789524758,-2.851099482128377,639.1834160559113
3.35501368280104,-5.900160693273696,-0.9394485896890039,-1949.0619792155223
-1.7984968899992388,-0.7970064884086279,-5.520929609234985,1777.8714901160874
5.6292315616897355,2.9806121961147767,0.9313569676456037,4686.892944254187
4.605430619561108,4.974583966182706,0.8508846450257375,2676.6708354219636
5.938893871757223,-2.8954602941347085,-2.213601832042374,1713.8760172008222
-1.245095773168095,2.681373814200011,-1.5984201522447794,-15.400567739468391
2.3522474166455076,1.0734478738163666,3.1991513365446202,439.14467311744016
-4.153249123921739,1.3595002186485488,5.59529157297823,710.1554424580463
3.789997499887413,1.652258962751226,5.640893480000482,3670.3935389934854
-3.314188622128523,2.5686326805375206,1.2095057920754293,62.24635136289919
0.4436930747209633,-4.903302164018683,2.4103883669265596,-568.7490474734839
1.1152792181004383,-3.6087559623983902,-2.577530367835031,-667.1381228704518
0.9610344940537345,4.529640559853783,1.5692450420714472,-1066.2165495334084
4.5295303515645635,-5.835053351863857,-0.2157919226768099,-813.4756787553933
-4.44582094460635,-3.4271222040820253,-2.6169797328329802,2256.4248440909496
5.46781797875704,-3.029282756641363,5.09570149354364,4106.207729345776
4.345531407185408,-5.249684451085852,-5.3253084617883335,-3634.886887585567
3.7141928966985365,-0.49271380083815597,-0.17238841903991542,410.92122243746593
1.8629037676682607,2.7928016974339815,4.953609604894341,813.4439522448153
0.6102884473096717,1.280780696609237,1.324356093817884,-4.754193450150226
-4.956158881063079,2.0744600231769574,0.556884890545585,984.5245225966662
-1.098561443151615,-5.02620985756513,-3.0030698492477375,-2025.4267221293005
-1.5277377958522322,5.417888522121446,-1.8806941312266208,-874.2662914334568
-2.8829545948760855,4.0619020061162985,4.224580989656316,-1390.329385390498
2.68104136426302,3.661083821947953,0.7106175812214977,199.76289016506576
-0.04949117905475031,3.875805660501211,0.17690632508135806,-430.6380612388573
-3.357801576602264,0.5310475933643719,-5.807662122538522,3120.4488543607686
-5.086429686116398,1.4014032942304944,-1.4761659925579007,1368.6591006878941
4.214482968585225,2.9145779240152674,1.2385567451940513,1674.9417626828015
-0.23296107208022399,0.25738829000256125,2.1973714286765578,23.027827839188486
1.1088934159142116,-5.178495367997064,5.190800504471531,336.49061747989384
3.8961715911017905,-1.5466447388384665,0.9079830359690355,427.7456121540486
-1.8262895051736834,5.049199301560288,-4.486616131495073,220.84915504851588
2.1361938307087627,1.0133869170891128,0.9806583296817202,98.47123332560345
0.7887835679494923,0.45998331906856116,3.196166557255829,177.05052790917568
-2.795660757966944,-2.773757827413678,-1.123001561111776,342.18776613328987
4.543559836261895,-1.5786129610010526,4.558052975297613,2394.8305087616222
3.5691122592831377,4.744153069838031,1.7841954402883733,492.53590508960315
1.9014220159011064,1.997556570322029,4.79098701947043,1001.2590731991929
4.206980749130903,3.448644321027995,1.4820637349680466,1762.614304295808
4.407530411517628,-0.5478549231881384,-4.424544335942109,969.2645323129875
2.5003557205804174,1.562966633473895,-2.2836994667377306,253.49242755355743
4.0441599403640645,-3.0193966950815097,-3.578460620970517,-186.05633197808893
2.3696575400314046,2.465529963401835,4.905917972602348,1230.7860360728791
2.1616892611236054,-0.8687839955599523,3.124800807449791,299.74363899678656
1.4233365385822117,-0.6894538222230526,2.116780426920073,60.680483431671846
3.0325996746916957,1.7918678949225804,-2.38840416442054,507.26083552341197
-4.096738736483116,5.23536745762712,-3.7914627353974377,977.720236376184
4.570449110387141,-5.231923840696549,3.0774130558669412,978.9566851221801
4.4621223329427835,3.8969188481640913,-0.310104649451044,2518.301335721536
-5.64903260358529,-2.4914026750536826,-3.2905253741924505,5006.765937442121
3.909801006777151,-0.6729665459234662,1.399463737983301,544.064895501397
-4.453561590318658,-5.737040054699893,-5.515993774338576,1956.066401842809
-1.9785737488902972,-2.3874470659882436,-2.085956950460958,76.65104838628638
2.9220990754992933,0.03157491156156578,-0.3773160649063847,187.2781242288182
3.8156042894287463,-0.10685124740201779,5.815853731090074,3697.529241993361
3.9856101354929034,5.125327546301127,-3.490831624924629,2582.3552172686686
0.08961280513003445,-4.735281382706337,-4.435762439480813,-2157.172113918673
-5.9233695393979975,3.173288736906052,-3.5575815133572433,3118.5241076387497
-2.5555424019010466,-1.0839473594880884,3.2287335979166905,268.3978650625839
1.4031230205089065,1.8620845742920569,-0.8939320887378859,35.91741557942015
5.774234136329081,-2.8771608241772477,0.7849912770304561,1867.8953315013775
1.581762324200021,-4.0860928495037,-5.747890116163671,-1443.0824128493582
1.6080684371953362,-5.154096652282265,-0.6500934020758056,-1343.4647056495282
0.4798245565902661,-3.7722395411850838,3.799862918419482,62.53913320541317
3.3581447418137227,1.9706326198676187,4.622866544490783,1878.8735246324788
-4.7162323340764996,4.580287342122096,-4.959521188852317,2711.278912008847
5.555904046307935,-4.674817639066768,-1.3443269472253636,532.5654296345666
-1.897534007535767,-2.529750644448602,3.9547899771404236,310.7381126497462
5.18433726612021,-3.0005166432285453,5.224733876013584,3857.5963536479658
-4.769883264111849,0.18006791651667697,3.017079810375632,1324.7239428486173
2.2546286676097598,-1.7173682979466776,2.1194068026300776,118.52863773845104
-5.185955290737937,-1.7545300951627674,-1.6391528160068756,2825.733574125342
-2.388437196638205,3.9426671748729767,5.258174070296668,-1427.2326151926695
2.498065063743379,3.471514179836227,-2.6931986842898583,447.40544379286916
0.9860455221152797,4.965461326479112,2.4097010160208843,-1786.5130740113661
-1.8494033165645192,5.433780204030072,3.1837955943046357,-3002.7750167324507
-5.451095594249846,-1.7469006144833417,-3.542371091325486,4200.437782455279
4.458441673828515,0.06760984106350598,3.5759764226306885,1831.166437602547
5.626534263428297,4.515833197707739,-5.234465324956826,7760.369630906693
-4.438965118432416,-1.2872310807430054,-2.606814515278817,1695.6106579427335
3.0991583511482705,0.6404542769972625,-2.3461149077516352,342.8430876745949
-5.704957002494382,0.0375896706184804,5.7953625546564105,3282.034808656658
-5.734517381652033,-3.673643184757288,1.7133289617591352,6069.6404320118545
-2.116677370205505,4.305801254017856,2.612113893521995,-1170.1412271800004
-0.136281715144011,2.1232893959620487,5.71941164778011,853.9988523934079
3.244889013693518,4.0549004982216434,-1.4735786105083353,930.5286225502035
2.199544519278062,4.305171352193666,3.6220820214336715,-651.5060518279619
-0.6491675234790204,2.980270243988876,-0.7856284403460556,-96.41808397200342
-2.7164800046200095,-0.7294727850033915,4.434404061779757,447.7700861078217
5.965494001892534,1.3265610601850941,-3.832109504264362,4640.325207880158
-0.8858243731683242,-4.075615126563083,5.372234124771355,526.7478709236289
-0.5833557080438947,2.0837450096988928,-3.374739499069444,148.3342301831194
-4.03651414569997,-3.848960931128631,-2.0853539162288217,1490.0386084472225
3.5377145849991525,2.327395086121882,3.0743068092813655,1105.1158820506928
2.324186709377864,-3.244822070952376,-1.2749383012151192,-228.71958076764517
-3.3507646465348753,-4.58938439819736,1.2985365211973594,994.565008780561
-5.011427452609888,-4.016586118284511,-0.665117987166858,3635.285439680009
2.1659916248965576,-5.976094377371156,2.908439245077382,-868.0070150498946
1.8541345713736224,2.6248754142423625,-3.26002497157667,211.34847717491508
-2.720885676021488,2.7888125887005497,-5.2985041531574755,1680.3194198462809
5.410362747004925,0.17920019895911388,-2.400847230323205,2343.0752065126985
-0.8119823874887775,-4.997347949871723,-3.983759373687857,-2303.4981845770267
-0.9632721968865319,-4.0110218764173515,-1.2002037804771781,-606.5030738692844
-1.2288672244464687,-3.1015578995798188,0.9996869782104545,-44.40207545611319
-2.7094175718159597,-1.7487440733934125,4.61212113565545,630.0489235099112
5.807731775517938,-4.735854186224001,-4.1790850445633705,-825.4280858437102
4.729190444149612,0.23069484936246099,1.9768704589301551,1503.269205836779
-3.240544729306966,1.2930321971478307,-0.9679838349685399,209.2814676146887
-3.4427435516990004,-3.0557722300054673,2.4131710483712396,1089.284647977556
1.8200019045106206,-1.3076055704712157,0.055647455729218365,16.09482579667282
-1.5776838753148663,-3.1895595488839903,-5.911763465346876,1228.1706404646625
4.372298998075644,-3.3653529212423767,2.3006413696162653,805.4538726716146
-0.3214811197013141,5.518353632561464,1.9361121473366936,-2543.0722682413493
5.618321134976661,1.3956058311086892,-5.539189472083866,4279.384704022637
-3.7736938115625462,0.6825413180651507,-1.5809987112584025,487.8418521648465
3.319162233500901,-0.8526679988382693,-0.9511612491765984,230.42132574013493
4.137398737402652,2.357157684433286,4.919161897916624,3190.94597790639
-4.425061467811349,0.0013530249195241595,3.57365617609287,1083.33668559782
-5.609685846104977,-1.0565028595907764,4.372395197471679,3600.539223174895
5.050174173788243,4.4463235952326094,-0.5173431391527981,4192.834964584891
1.3998037742488565,1.5770270546205172,-0.29869962081797574,28.427543427774722
3.558447491714116,0.3900487969917812,-1.3673887721779705,481.5025064270946
-0.22173178184939957,-4.6152642938529915,5.600473680221526,542.4480459553488
-4.592301732451267,1.267654671880937,2.365995051484205,803.8337881592037
-4.497770493569394,-4.593553131837199,-5.001323205503132,3261.970565234771
2.226783446747657,-1.9535210932109752,4.355515479756221,787.2272245968961
-0.8363292612064477,-4.285896422228017,-0.23328070996478267,-603.8478279752263
-3.5937032795959594,2.304883764292427,-5.17495312293015,2141.3740460600216
-0.10086543910275747,-3.5249746339661687,0.5966070619597321,-225.43243713581236
-2.772079146778828,-3.5482033992123565,-3.5520647566873516,334.7480874447918
3.5707092076462583,0.0936607675053498,3.9175753139061946,1285.736124838249
-2.275656492917115,-0.9687400660077365,0.6922642942254331,117.93601680464515
-0.5373582110183861,-5.782511507451243,-5.344676361438371,-4485.080942368589
-5.860553521102792,3.5130973628737543,5.662143615905816,234.94896206805097
-1.2900773231197817,-0.3089397482765568,-2.50947774922101,102.98881852501084
-0.24073398339451835,0.7281395392673993,-0.367117896128903,-0.5375490804555816
1.2002465774316446,1.5411174793750444,4.294293402209867,536.336846791051
-2.500049055488361,2.263579551694507,-2.341162507379238,169.8771837669448
2.33978263351851,-2.960731397727419,-3.687883242159596,-446.43044359510833
4.3214687662704545,-5.8802546800986075,-4.4511450368294225,-4426.752809284289
-4.740837858981902,3.856660354808332,-3.2702207556775202,1416.0506322072383
-3.0954598096496704,4.119914013454597,-4.005780004683009,731.7431878340615
5.839951119205757,-0.1788640802455177,-2.007246281875451,2886.0238725615104
-0.013342158583727226,3.4986984310964395,-1.8836794489197075,-143.31979120886257
1.4178688118174296,-0.5844706436489409,5.857488911455624,1944.1508181791671
2.4295796465292483,-3.798693643158786,-0.17723453081572593,-234.79771521502883
0.7157842018429692,4.259688234737691,-3.8500329805181894,-62.66196721613805
-5.8827498309697965,4.590718521268167,4.693681101522113,-862.7555494319454
0.2125397206165367,-5.09160327228255,2.5160561220542927,-672.150944775839
-4.945602010262,-1.3460869209968251,5.8045389985098215,2980.779063415747
-1.792476825489831,3.642451913551241,-5.397895796160312,1225.1336660474794
-5.601562694503601,4.821288342554745,-4.839665282549195,3777.3085431555346
-4.407410951483276,4.528205437594064,-3.7883832365988113,1371.0054012030519
3.6070403893089953,5.6167897446091075,3.2938272374374904,-656.5480039996845
-3.598197069062279,-5.201223265029325,-4.3867988715654,51.9955464655457
-3.990209012891163,1.7798160894251467,-0.38735260834618934,427.9327603500647
-4.7451859159871965,-5.110734929101595,1.2707617821537962,3783.094809715239
1.6371629945236403,-1.494372858401995,-0.859778393173845,-4.078524276578276
2.4777087178428143,3.6457745423213606,-5.674720171965203,1164.2837487729169
-5.6209662620922956,-0.7983332069323872,3.402018031054906,3251.7866427492777
-5.3763445961823315,0.7087114193592257,3.1426787325298076,1860.6429409590874
0.49555602361284556,-2.146054168368558,4.719653925457472,584.1614795042482
2.5087262334109965,-3.3586640891429624,-0.8059209473139326,-178.60894741467595
4.451629484953028,-1.7937535885660587,0.4265096771735788,686.642980617092
2.569043185589134,-1.5296007148853903,-0.27619928858815435,62.30420592329177
-1.9265976894863268,-1.565109606878722,4.649094424444323,436.57840224778533
3.777901364958147,-0.42913776312930096,4.727202128039886,2057.0884976695456
4.737799872726331,1.8807538166592952,1.3808370481763763,2083.922515432133
0.5711085138448349,2.5051878627498514,5.12289074575037,509.5019310634276
1.7229323423583,1.9402114607982774,-0.5661023365880791,68.70605102240485
0.3168319312333585,-0.19212758184303436,-2.6556682088576906,49.759236980790234
2.7790742610639825,-5.936238291979849,5.50646247828492,1079.2202176812348
-5.0204402156329255,3.6539357091818676,-4.286228346325592,2430.974558820165
-3.0347611918782427,0.5810299559227516,-2.6093967897763335,381.6677773512246
-4.08546383864174,-5.202440090684735,-2.6519005158264406,913.9566347852169
4.46140279910642,3.1981805943910153,-1.140376951485738,2367.0579953249207
-1.9572504987467179,3.020963908750085,0.942501818442377,-163.87086269098012
3.4763820857097496,0.21609679685549743,-4.145750040113772,574.4871888723698
1.9044933060105134,-4.31610578167782,-0.7252446987252164,-642.2647488603192
-0.021651402562332223,2.0538896805562636,0.1255215761572952,-35.14606849608042
0.6643626112515744,1.4456854206236471,-2.894491099625712,58.6127196484921
2.6304213392671656,2.907038246389046,-2.202514429507006,448.9223819102801
-3.2585431040244153,-3.9614279273911763,-4.956395756928803,1305.6548685266982
5.697517945761398,4.684914206631941,5.5987012725665295,8304.886283363567
-3.6054905888502584,4.898741864403874,-1.9814605183561795,74.03258216834914
2.162738909175495,3.104583853967048,0.8502472353451385,45.22098932592259
-5.13361909224989,1.1658636718836224,4.915144693331332,1434.49022142385
-5.632169973530328,1.8495928443344845,-5.92579412830924,6282.668542136729
-2.907805337865436,4.669535087280119,3.7282028440511024,-1951.0544928696077
-0.44852451912820435,0.9456810541432858,5.380434633467027,831.191201972607
4.419270064900566,1.5886958919406489,-4.904091187997315,2013.330472535963
2.7260288371956953,-4.122279407956793,-4.062627767604948,-1413.3969924931241
2.9124782543997725,-0.3129453586067674,5.528955633256265,2383.61554367167
-1.8487800894364455,-2.748687620203615,-5.829640386339316,1658.2533704036352
-1.5475348441847672,-3.572949833705581,-2.90841601483765,-407.1768589782521
5.851794764832693,-2.2340783013070133,-0.6006759087736846,1988.1595260059414
-5.51868970305021,-3.1019924640859986,2.3149069322972124,4921.155488890721
0.9441049028687214,-0.9017898855829571,5.945058155105473,1814.4607420702982
-0.7366149697249149,4.89406216660241,-2.5498656073948918,-520.9015693510446
2.7030919249816385,0.0847157608646194,0.45864122242170247,142.0195750332329
-0.15997270290356624,-3.7449554302161236,0.3998825743152601,-308.9807412822353
4.481078856979927,-5.0763399674295115,-1.13225688663315,-556.6375314379126
-2.678066433179381,3.861971359024311,4.239806239999034,-1191.9617955103588
4.948360147400292,3.5548974064964227,1.2389450722083577,3239.746957432175
-3.472053731932001,-2.736647526978615,-3.2728673572840523,1103.4449228932897
1.4755990027617933,2.308307069532697,0.5254448447009628,-0.5166557976607064
1.5787226411102466,-2.8312561836753747,2.3396415974577103,48.2472233311906
-4.421187778472882,1.6364913784004926,5.883422047019295,779.2098194057058
2.589899576185063,-2.105858397895895,1.3360998749727138,98.1799901185276
4.9083902479876915,-2.7658576524927283,-1.5483154488939714,732.5513340374488
-3.8438026935570964,-3.708880979140278,3.265824331390057,1878.2476618943665
-3.1494801009134683,2.335691506724734,-3.9544498610202954,852.2336998449387
-3.8282765674861228,1.1436391911298687,-1.83649259546897,505.7523717242368
4.252621120434949,-2.824379676895712,-0.8183148587066729,387.3771908704086
-0.09266572262358252,1.943627337526423,3.3813579111447147,3.3630004847867885
-3.0332271071618755,3.77927674248647,-0.1899236140391105,-80.91830924868671
4.448998815270137,3.3363029177358374,3.528173403191552,2575.5273893082294
-0.6563369399680141,3.130215971169381,0.9178668376783907,-240.67820600974747
0.17780824715628185,-3.747331131692975,-1.8951667841093354,-636.3439946464958
1.1154102172191287,2.3873859418486276,-3.140523953362901,85.45376624052543
-4.037713528979727,-1.5798334344677842,-3.307404242402454,1607.7938338200909
5.63294786802345,-5.626210886479307,-2.869809048454933,-1401.8053854012508
-2.9023988075864695,-2.8850826086994097,-5.890955580585404,2666.629416823689
3.2816775082392073,-3.0792398013776343,-0.6537862260820653,28.882295047125403
-4.429516071379802,0.6880460348760966,5.603622175419783,1184.295232196773
5.637852540942536,-5.532248152066435,0.8543902075549639,980.4396204745814
-0.554525503396329,2.0021686956678977,4.361178933472614,123.21571588079242
-3.1673944398424325,-2.1236718509508736,-4.326597165538078,1446.601392004368
-3.962905138949511,4.657418267208429,4.415755520770835,-2070.011330390213
0.2372873826722124,-2.0965125796590267,0.9972690873587755,-18.47578137156067
-0.8293497160583287,3.904987969487376,-4.890605795555201,504.99617989891874
-3.015428728948441,4.138456173062748,-0.5051964584751429,-144.3567057766202
1.4057398392483602,-3.011895166690921,-1.2662473099337097,-218.5081267024062
2.4813266026253498,0.9204287862930762,4.4047221885473675,1087.517692904924
-3.9954971051886017,-5.192929032391586,-3.072056371770333,691.5822572401071
-3.988569404540188,-4.8609847581399634,5.600810730421298,3254.225895106012
-5.559942876797484,5.986711344399488,5.497657437653954,-5094.93804811051
2.836824180787687,-2.0803290068890687,-3.0284202831427356,-65.19882735939231
1.9656543314616606,2.978206944586157,-1.8233765342721542,158.59304789992152
-0.3044294910022334,3.6799806363217975,4.746668890486621,-773.8019199878345
4.130045387630366,4.29627925208675,5.599466650753289,3314.5955914777824
1.0242523727610262,-3.102042176917586,-2.148035452309226,-355.64586168849206
4.419255366159103,-5.5157900776836035,0.313128159018504,-341.61679978108776
-3.529905479558781,-1.0657017840649683,2.2532304763888185,628.9827548282551
-4.6569645672272655,-4.439031962052637,-2.7183058155002424,2657.2689385357057
-5.314957726928222,-1.6748780743021667,-5.380111714624308,6168.670163532458
5.239268307539538,0.7941682947008504,-1.3645475382534578,2338.850137449273
-5.527877511977884,-2.2466641294757514,-1.758321695271353,3918.1472136056173
-4.534681031879678,1.852104065912636,-2.2124014155941727,954.7575106448535
-0.5736116605987771,-3.2157818362942714,-0.10776284797307945,-188.30587264410758
-2.206126740278994,3.1722406372371275,-3.692904978382897,396.7181753013347
0.08681770426070923,1.484917018368109,-2.286365410936789,21.768585425669706
-5.501125691395295,3.14763149401152,5.69885127372282,287.12187824768887
5.839561475506162,4.045435533967826,-0.6634466776999712,6569.990230074599
-5.940720228787084,0.7607442085516816,5.800089220970719,3117.129413884811
5.421741425078867,1.4953685773743786,-3.100784682770844,3342.0200961297505
1.6694392537860043,4.3731989624203695,2.175385326389206,-879.3867824028944
4.415019534240265,1.0432380787068851,2.591816322500689,1586.0304998745446
-0.5431217323936908,0.9714045586581523,1.2878930015167906,-5.722406328744842
-4.324184942924245,2.4887640003951326,1.1537117945987632,444.3370920483897
-2.304840700905709,-3.253494450198012,-3.468361312560595,144.50495536152965
2.4561691528397596,1.1622225226531135,4.099464090513289,878.8853496233546
-3.5777585745246197,5.1381851773674185,-5.635754333603948,2259.494769620457
2.0811891998990077,5.149674240185552,4.125754363899674,-1889.0266211316766
-4.87319141052698,0.33212959466033976,-3.388944720820266,2077.814125562902
2.071225418701516,-3.4603692171616656,-4.3946622600723835,-829.7409350841274
-0.6749973683451458,5.947573313986602,5.439686010988471,-5537.063877008922
4.417707052530064,5.773414894415229,-5.12801294902612,4455.719882289344
-3.874202526631369,1.7941071564893676,-3.610878960768892,1053.4281188892062
2.311511426713974,3.6529687161296813,-1.8261318308034484,270.7261311378476
4.057383475777323,2.581201935404401,1.4428181875334456,1394.2701257999279
5.335370633688278,1.1178986284736183,0.5376130233131811,2633.940890620594
1.4141668824145661,2.0974356260089273,-3.134978746967711,114.03946834889494
4.426859813744619,2.130379366604217,-3.4374857461159034,2023.7735697945257
5.171384346083734,-3.991715613158628,-3.3905648133931687,-154.06375449463332
2.274321012378733,0.004313354586727769,-1.599853443564223,74.81256138153499
2.118160629326958,2.2906077186098734,-1.3089908779060533,172.94367893833802
-3.411898171227394,2.3656296707017113,5.717478353224923,24.522639232442813
1.9066256427918864,1.7836674812257867,5.455996282548826,1653.2312208455212
1.8147957244979054,-4.125521175760536,-3.100092950169778,-1169.7201673143707
-4.720883636304111,1.6312839219205308,-5.183552230899964,3389.237717006724
1.894143655236432,1.1916253936732524,-2.197150347352503,93.90198630952023
5.7260902106558085,-0.5379360991961235,3.3327349208135164,3323.878713124961
-1.1171044713255522,2.0131270992378347,4.299875266546296,30.045437833680605
4.44904140404711,4.048404957241807,4.138369024926103,2789.3426090713724
3.388625808699281,-3.963258857076922,-1.6838932653231868,-428.9224010547292
0.8041951318400136,-5.77026158403796,2.246812121528194,-1209.8652142892388
2.0111206267630166,3.633731217894006,-1.0898089504981368,76.68198828054561
3.6941513032951026,5.531041763145897,-2.0474487683750913,1556.3756480297047
3.147421617319388,0.4312209462254186,2.3205304622262286,451.2632454008147
3.573763786303614,-0.13805240808113517,3.194945673124547,856.5563529626712
-0.7730002222448036,-1.1773536013112391,-2.350864368344594,42.31114969386201
3.81401059410026,-4.155707485869545,3.7395241733382427,968.8717273620332
-4.557491335552699,0.871286794584269,-2.472998873940795,1175.1184568352428
0.5338691755301941,-2.6758497080882546,-0.6440836801612653,-118.85538459683764
-2.1049700411967565,0.9982896513251713,2.3150427506974633,17.206026800700823
-1.602461581543226,1.1140821660973224,5.8484216677464005,816.8497278427602
-1.2459277006889353,-1.7409040694758797,-3.2980677094088175,177.35303225757553
-1.3373027847558507,-5.619074815524137,1.3161828993093287,-1133.8574763776098
-0.6156765285296322,-0.9199782701616304,4.9811814538803585,611.0623926844198
-3.1494704295080704,-4.985215462833146,-4.123654300261499,-440.38414829063834
-3.2727644728421823,4.571676067675888,0.8192233952252206,-577.3945744801413
1.2413831205765344,1.9085449215867882,-0.30678103023391046,13.801895685646217
2.0185535826601946,-3.465218022324828,-1.994680835162427,-451.09626601586615
1.4338841521153736,4.355961976306464,0.9517608334615311,-684.0453165789152
-1.4425706378492418,-3.6401569805644955,0.8316598129464241,-112.55668768350998
4.360003794861903,2.8491130292481266,1.580669019919009,1881.3501461470646
0.2289814216346162,-2.5617654128745246,0.22497416537651382,-67.9372364736514
-0.24981746844322839,3.6316837482351563,-5.386013922654289,736.6986378751744
-1.9050260684861238,-5.639687936047286,-0.09597924681500736,-1386.4575353842943
-1.4376525745697153,4.7683903894911825,-2.2771765950635428,-412.2846561940433
-1.2141266292371942,1.4715664031838962,-3.8188368268656694,351.7129708922816
0.962068430727987,5.680591429977854,0.04959410302125988,-1794.8709731503718
0.40323056072254104,-0.41988578968286916,-2.126282478625796,16.76455615438627
1.2948611135213355,4.168655166856485,-2.9027082819190233,-85.43375066897809
3.1785991385055397,-5.251271176820673,-0.4321749907154304,-996.5109625129934
-5.78120900788366,3.8036868872620406,2.491447028886423,934.1293796181702
-3.650664171797447,4.230569054951646,-4.725434068938526,1532.4511290913495
-5.909245500262294,5.25558277720673,3.310527053636317,-863.7821494041551
1.7696965698552365,-4.978758166562576,3.6954879373082274,-99.97531997298952
4.776366587399842,-1.3728288898399992,3.2131754125720526,1614.110294987656
5.12441453755568,-3.4704827813996566,1.726895484813177,1244.2641297855757
-5.276791316525269,-3.2476106755479317,4.011897548992783,4728.403752262523
5.2132323216661725,-0.37071346742905575,0.9282408146360126,1739.9271511649422
-1.780527753124387,-2.777253990556289,1.756888502737068,109.3677396492073
-4.782950058609401,-4.788262718186867,-0.49963824688432545,3251.9788526790394
-0.16953888976409281,-3.9901069308707076,0.3444878386086314,-408.3884936519921
-2.9186811873539047,-4.232693237374908,-5.587477699779297,1129.3208325612109
-2.581525176456926,5.676921574947579,1.6675562636794155,-2323.915536937896
-2.312520420884561,3.111510083021683,-5.02263344530609,1193.6968819788196
3.636310773991962,5.613137583234744,-0.7798248679173199,953.4799033753635
0.46993532010305383,-0.723114161905098,-2.488138827991106,26.31240983297427
1.3240053997310204,3.5795183665102392,-4.3990039737215145,265.6998229886588
-2.728511991197595,-2.4073995155358205,3.540138443141645,542.1653956123688
-1.0374107816957814,-3.2099280935060257,-4.039746603082122,-196.40709131870784
-4.537366879956629,-4.443852261309176,-4.748242951777414,3250.714946390668
-3.8227398276524767,2.087930497748765,0.338271141076274,312.6576628128477
0.301960604004722,-5.249221893366581,-0.3928680479099693,-1489.9984305756384
2.5085551406691913,-3.4739167240158846,-4.719458170771748,-886.585513219955
0.8077466355468426,-4.23693691699475,4.415995102741078,198.4442312194128
-0.19745223936090284,-4.140896266278688,-5.096655400179916,-1116.5075928449132
0.6027185058751412,-0.18554405903987004,-5.408292154682104,872.1001288511785
-5.47904960574217,-2.3709658646575633,-2.9102494020903684,4249.876237206454
1.5978165071282682,0.7609003738062494,-4.372062394075467,308.49356903044315
3.8302663131214825,0.9683890146514198,5.315793408853628,3130.871042124416
4.610477560180893,0.06610512467836749,1.3245127173803048,1213.855965170861
-3.2630427366128103,-4.271054567841605,4.019685428195547,1374.5737886618763
-1.067658362319543,-0.14598817747184967,2.831044876487386,50.47974364266109
4.800277480776135,-0.4849913134365238,1.6692941639364758,1306.7939239414727
-1.7589434483673827,-2.322438383486156,-1.9084563162841377,28.222809073676867
-3.1575532923062153,3.8685745342242512,5.972067159175911,-1422.3332413975593
3.871371822164141,-0.49882291042274396,5.16806706674878,2660.169990930362
-0.5787878551532506,4.346435683898266,5.693271727661704,-1562.7199522678216
1.0393015581056897,-2.233494039330354,5.707223029879829,1443.5565825188578
-3.983829507061639,0.456272464366835,-5.216678909202433,2846.213503300777
2.842484939330186,4.0812969412703985,3.8620718730348305,128.94483873786442
-3.3991223989106922,4.674231732525158,1.7681056124770942,-954.6749165391196
-4.851425333758059,-1.542392848507479,-4.459800880623662,3708.9662404256683
-5.716336967443963,-3.658001793376195,1.80224599734784,6011.234833861039
1.703658005319192,-0.12728955112093487,5.789790967214973,2031.7224098459474
1.2851284330653687,2.8996974220325065,4.9418228344733635,455.0307794554212
0.5603689525688402,-0.08917115096042849,-0.7304320703417932,0.6241124370954336
-3.216634846608295,-0.20182964023597805,-5.520624320566868,2677.9182390912915
-1.3091280491338235,4.058765052981606,-1.652478119997542,-237.70276932102558
1.1337160222340765,-1.6631546511937643,3.916683739206663,368.9730039321225
-0.03879769368996744,4.3175360977397474,2.417989217581992,-1179.136409925784
5.853426242578648,-1.1183423885793173,-0.4878761328725236,2375.6999775497484
-4.3627229693192024,-2.061202731859927,-5.338781578094027,4132.226529745768
2.3417346485711263,-0.552121065603612,-0.8772632661203685,59.25718570037836
-1.1481747827484945,3.149363504098421,-0.3717007233853984,-127.65305398016211
-0.8616046208926225,-4.487975665632069,5.1426663947296305,310.2462331724642
2.611173187898114,-3.6429694095357914,1.6930332429859138,36.98728648578839
2.3092338158924353,5.417337907957103,-2.2601650001442133,-163.05741234442405
5.89507192442626,-3.8941004714237115,0.30381917340865705,1755.6398163210247
2.6920658055448943,-0.12450645539706251,-1.6792811768312879,134.23429579584658
0.9406430040769092,1.736942982921823,-0.26559174104237027,0.47001305913307334
-2.7100720012823296,-3.242079290428579,-1.7365923091569293,226.0508794127672
-5.046967572132161,0.6319472133209789,2.1901407613944013,1436.6664091674438
-4.972101004842834,-1.5339209370372338,1.9467858999551169,2374.7692762795864
4.73029049596942,1.9400071155502685,2.5838677263496272,2344.9541942291976
-2.119541254613751,0.8505290020737153,-2.211978226031208,119.72371324749292
-3.2801231732761438,-3.7767557354001156,-4.496985226845505,1139.6313454460972
-1.7400443300167527,-2.6562832426195633,1.8661196621533511,105.54075229581686
-5.16691388704688,-3.3754823961170013,-5.522434471972169,6477.8281511330915
-5.188649236893421,3.9085314187280034,4.436350618219606,-493.76613829942255
3.604278093868338,-2.571509188069316,4.689985779475602,1619.8838461957541
1.8105284285663306,-4.283986528011283,2.0491803053164297,-195.45756093983454
-2.107994962615493,3.5727871601785672,-3.0641393447434435,160.35015096398584
5.929672334654011,0.6814189311382552,4.525445611947456,5786.691890297809
1.9420702781925439,4.141450217952418,-3.0818402368292888,163.81007070149062
2.7678061228709527,-3.898522318435761,-3.6900821923700753,-1077.4816366590621
-0.41753265259538175,2.073175372949601,-4.777454830325322,604.2997730047881
2.280058689847989,-2.841031841783866,4.12474551252309,624.87670774771
-3.5887957360913223,-5.992159310864405,-0.7434710891353955,-174.87235112917423
0.42993221367697565,4.448028409506211,-1.891258520449684,-416.0964909263913
-4.839882604239365,3.5111377585096157,0.5577163323045173,624.6754223608906
-0.5955487649017783,1.5279472210881355,-4.90376108731733,749.9422649104047
3.073959946742953,3.0031891672661075,3.079758592228785,651.4799995710022
-1.829141709132215,-4.175417190906098,0.9892209226595501,-129.20943546904587
1.9789406938466163,-0.5001168649490948,-3.7609188375219897,129.17295384027645
3.54539952947675,-1.7853673518146298,-3.741213602771453,121.6469562268049
5.126133833753432,-4.874681684915802,-3.7890161811279093,-1410.74909212334
-3.1842950177345575,-0.1664341774209106,-5.315971349376792,2366.0135141255637
-1.2082090102883019,5.048875804111624,1.0535813924602175,-1439.6049522678263
-4.17100784003499,-5.519290571391666,4.084178131062098,3270.750975661334
5.909802025900502,-2.5024690380744734,-5.790021432151336,1467.587028086329
5.124011615091543,-3.5095087655315584,-5.411944260344717,-391.48615592845437
4.104399532517055,4.901214622552503,3.8339482246326284,1299.4682406121979
0.25149572726450664,-0.3831713491885189,-2.079133313176397,17.487150239637902
1.4830282560331165,-0.40440704472217437,-1.8046272143073345,11.964356435628655
-4.930506814607801,3.1269077094633886,1.1561579699613116,699.3914682800645
3.063245045961695,-4.14609355194089,-2.709445330510236,-939.2961095943587
3.3843370520446303,1.1629282865598736,1.507798955297437,545.3720776165242
2.504936372915717,5.994692439005263,0.9690719886679098,-1820.299337628118
-5.566075433702855,3.2333867289845646,2.900209547901877,915.8519500865218
-2.3624597286560567,-1.2256115637908742,2.10277005074445,176.92718729567005
-1.6783631103417704,-3.951499640250238,-1.7702274366797859,-508.9527562240075
5.243493876372753,-3.5466195304287234,-4.441715838985427,-72.46434547436671
0.6456268885485148,-1.9150613266288836,2.114348956278471,20.376807173120216
-2.3337082721037175,0.1269690895147182,4.303201283789978,267.44184089374835
1.207132000327407,0.11824811460549256,-3.7907841196685164,167.5519478474706
0.18815313235797326,0.015307735508752529,-4.732195854612831,568.892900728672
5.032703678573007,-5.397083882124214,3.7542116584410934,1812.2861223292061
-0.03643820513003693,-5.581061368125314,0.9450777163199913,-1423.8245563306348
4.2170994929411485,-0.7418566410198659,3.377545065056511,1296.739144558705
5.167142575726995,-4.071844983457858,4.01349903427316,2349.9920414560615
-4.603603225374287,-5.700340054595404,-5.325433134481458,2358.1126499397847
3.809396501894298,-0.61153478483849,2.970247640958057,839.8675525319202
-1.432520478281039,-3.15025731897291,4.210233087865145,267.6368382065895
4.535691845340834,-5.404627519933951,-2.566379490500228,-1729.8497450514983
4.416680281289404,2.695179442171547,1.6853672879190338,1931.4165643012996
-1.1642378548180625,-1.44298172496819,-4.001957435405819,412.95399263729945
-3.917705820161896,3.617349314675444,2.546642462125904,-322.5767068495488
2.3394130668295396,-1.2948770771451272,-3.889316598976055,64.60641989547669
-1.846803281546574,3.009235790532669,-3.175400857219709,192.14913920636306
5.707322410318978,-4.494164438410191,-0.06755026745090298,1238.6255159017944
1.6916649281439842,3.273257035980949,4.9780193999625375,429.9426482012014
3.869766763612331,-3.1568001011202163,-3.45942753422435,-297.5732296647713
-4.409703927097819,2.128717558666473,-4.269119746582758,1895.1190305728635
4.344173787271471,0.7893786580919562,3.1077219822483677,1642.3924064864466
-0.15525697417276874,-1.3521297842962312,4.941421348581256,643.3398446381229
1.2750352530117297,-5.206017733986714,-4.240625314081893,-3143.8501683129857
3.177717610835945,-5.770134173384966,1.7511347162764714,-679.2477877743326
-3.9019364728750494,3.922302731673037,-3.2054502461782195,786.1479183432428
-1.2160436667322427,3.3029286220193903,2.2011529818872457,-446.7402092271108
-4.243512094053011,-3.1868927998618237,1.1242154389047982,1998.0844368395801
-1.5895869325016232,-1.8589950538411948,3.0579295003479743,122.95947843438219
-5.181932287374077,-5.638753533464173,-2.2864490826458117,3797.5612928786522
5.557381339070087,5.198461053111675,5.809073567598171,7604.462105339215
5.58986593383864,1.33756333470793,-2.4621931398387975,3504.7690706106764
-0.8100254600384158,2.1419996195116546,-1.7454214940567114,1.2949976382393138
-2.258206402976885,-2.1894035969089387,0.7751289754838577,190.72052750759414
0.07370235408292913,4.177310820187561,-2.972127068835057,-210.7445085589586
-0.725859736405079,5.365937554802974,4.9834792845512865,-3717.4981723909177
-4.732023788859073,4.618261412352052,-2.811773221604838,1124.0425880698087
1.6899157762824748,2.86880371127247,4.749788778722337,545.1497559591991
-3.4075418098848047,-2.6704238433005516,-4.758299236240984,1977.2361010134923
1.435055458773955,-2.620607494732419,1.8787524287958277,14.865503751290465
1.8024131087778406,5.560323845352455,4.883826221258925,-2982.1988577618895
-5.263804474671982,2.5925996789057333,5.61992352119106,628.9252877565119
3.369139032821277,2.4749539506631457,-0.5653996750138592,765.0883730790807
-5.30203445393429,5.88130615304239,2.1218405235605644,-1532.1642234821404
5.938395806037207,-2.257446770835297,-2.3809575615173815,1987.323575319075
-5.3066332680436,-1.9203376344810223,-3.740369700994723,4119.24848100514
2.3404227463026377,-5.052727164641333,-2.3551794452988073,-1858.859013900854
5.804147103160963,-0.6864223614751506,-4.8837910888479,2725.2721481612266
-4.293007575753646,-1.8793595738682694,-4.744074715842226,3173.114094700463
-4.543380726930853,4.014861483067532,-0.9246774751013067,565.4673414728583
-2.3606982291888534,5.225814162329948,3.5469405150910376,-2790.310248114453
-4.78745026787224,-3.7712031359377725,-4.303397349403918,3804.007338603509
2.305936100329582,-1.529892821358409,-4.43615480193197,90.44878105646985
-5.252498422439247,5.143566745384728,1.7211473942079696,-350.05466678394805
0.11306553779747652,-5.258298471729328,-3.6338042163832047,-2890.483701042654
5.9603622462357215,-4.891673662663457,-4.8286795426921,-1371.0097383475932
-2.32495655056066,-4.19433274792803,3.8576550333142894,484.40256563352176
0.32449756693981957,-0.6394256728977563,1.8698492079287137,17.170358093542088
-0.8869993933155422,0.018215524201997013,0.4473080840164574,1.1405252149223915
-4.431475479117607,-3.040096610335122,2.1254911617907677,2360.368676234508
4.639250582885602,-0.3484769707831976,2.192053829553112,1290.1314095294483
-1.5868877894725246,3.0464169925189566,-5.531922950846182,1363.6698557567518
3.930454746802491,4.852317299926288,4.691686616288447,1357.3410825042795
3.2316587236960785,3.084577376383505,3.9886925004228946,1117.1369428338762
-5.867624826856233,-5.332733739834472,5.899492115534738,10316.948333146023
-1.006152021842862,-5.917464453364208,-4.036605550340685,-4259.80622158889
-5.76969267812332,1.9622831269614274,2.0915228844002947,1875.3442286974073
-2.8822414950595894,-1.0656301334094502,5.759465368299342,1040.589732850148
3.1234778774656196,-1.1711248884082597,5.827208807433603,2844.5036659842904
-4.354683531252011,4.615042658755364,2.240143340689553,-734.9710731588552
0.42372157743109984,4.746754177582066,-3.076622496213669,-391.4217289848099
-3.41757753579315,4.91010316864303,3.5826700575671886,-2126.827182529844
-5.854550704273281,-2.2334630818196723,-4.715650389467543,6951.949628700816
-3.1055825088055022,2.2926697528711415,3.3683916500595448,-106.5668341006479
3.6184453425958747,-3.7126820031066026,-1.405999262778777,-180.8664613770813
-0.1457514728836511,-1.8947085496368716,-0.8382872148380844,-37.88865752277948
-4.683165615869958,-0.8405085626421389,-0.7468193401424585,1511.214878961929
0.5755138676843154,3.971390052660821,-2.2755493307025594,-205.4393551785
-0.5474719852804695,-4.561306878327455,3.145555445403895,-293.604532240678
-4.8230090305890645,0.37745897027166464,5.289010310813534,1593.8337396156537
-0.14110635573866226,-2.5446558878880903,-3.902624581500794,-66.04319751578039
-4.199416023672189,-0.0861649856061053,4.496923795878793,1039.2009680077854
-2.1038888773192803,-2.4006951626757282,2.8491772971254647,234.85566794902567
-1.4893405782507685,-4.027133651053456,-2.7840327973874643,-736.0517266097817
-0.48663877912816034,0.5603481848655623,1.5981440987492679,2.1066446998700723
3.4201985260446826,4.828956399433242,2.6526559307744613,76.85330632757625
4.705016267282813,-1.872507761307773,-2.91417178669085,706.9758393084053
5.46401623804714,2.796001286671478,2.632657866897844,4352.435468193495
3.4428406350635417,1.903936259277204,-5.6625419246649145,1448.7516004045
-2.2151172510238473,5.178658971713773,-1.4961438507238345,-639.9960920870408
2.2576164730385067,3.85177220758969,1.5210401825079742,-196.21257750169605
-0.7487625113352969,0.7992631068655562,-4.246841213504157,477.310786448938
-2.943952535447386,1.8843659788092877,3.8760428933632163,-22.436795800649797
4.090458953111071,4.7806375990084184,-3.1796244142569763,2646.0198539265275
-5.5388838124521005,-1.2057745849567825,1.827373353821355,3215.415717430175
4.821143905625082,-2.0784635297066716,-1.1376342890960434,850.025970242302
1.6464177216993647,3.9186128902975703,-4.710593368453102,398.4163707421931
4.741412888478436,-4.746545782798183,4.914773128563613,2673.732496138231
1.6400361860064878,0.9222885735924029,-2.7644398947938065,79.26949882113833
1.3672030171207412,-0.4322196219973513,3.8361240333655093,419.07400858356925
-4.1979719901955,-3.4236493504397347,-2.817951105799733,1867.8832424188622
2.849205224657826,-5.193189838913266,1.9543174516159887,-354.80478922076514
0.1466630497520942,1.138168554022915,5.585383615207455,1134.7180454883849
2.1627333505002397,2.8664001255963925,4.989772178288927,990.1439216708166
-4.982495807450361,1.904611664724266,3.541323390320695,884.7622679998326
2.595880656752186,0.38750251141745373,-4.371049762801187,369.3609842375797
-5.13498796801592,-4.760819893499419,5.7292582104481475,6420.791022320698
-5.854698297181351,0.8156915677929657,-4.035252505449948,4078.561185447448
2.850100313508083,5.259788743815793,-4.798140029918796,1102.482996731475
-1.7609830979752301,3.824882753808609,-2.7393888132218436,2.40519818273862
-1.8035612430498054,-2.883949932595032,-1.4602127140168868,-50.85255816694462
3.295842374174182,5.636683593575725,-4.9392363942388995,1752.9457246235404
1.9364473328449723,-0.8251935625013056,-1.8932937026531453,17.898893048525707
-3.7776531855903848,-1.8297744562349445,5.776600010895361,1747.7964868981755
-3.910687975990988,-5.395805676367761,1.5562031431104355,1851.3194179844763
-4.819252203439232,-5.366816905684768,-1.006068643126107,3127.4819551297264
3.1724719466608313,-0.5048520667916652,5.834121567404338,3009.0485277709877
-2.8194428600999517,-3.2817404875667315,3.8501881111575447,772.5094794384748
5.614320418140366,0.9315810521330707,-5.320493311469304,3761.421641748702
-2.454662670270957,-1.689495036207716,-4.555462205933594,1159.7677162228115
3.230677774057604,3.882626719341829,0.9692230033730596,554.8949645396572
-3.5317528536533387,-1.7901706879798134,4.115345789474366,997.8906200565826
-4.543362982087123,-1.6492824412908655,-0.6493605616823057,1664.7538538626698
1.3801556164664,3.6685743080186146,2.503002549213903,-499.93872300679794
3.2956053676534562,-2.061846206428656,2.78247284743801,451.9614980669701
1.7268510424935677,-3.4912875155178478,-3.912435529159936,-793.539574607256
-5.496585318820365,-0.3996825493870997,1.647625878456287,2566.093305381311
5.6218653311326054,-0.21441481296189746,-5.151640701787606,2799.419540667932
3.584570299854896,4.090904524834887,-1.6615177468445204,1366.550928561634
5.759643952306208,-1.4281047159792006,5.954693916535664,6824.3751396915995
0.9890718984869578,3.8834833289876816,3.792681085371882,-772.6169175043307
3.7412374570816507,-0.4905117205598293,3.5566886714365076,1087.1318972860631
1.8777432879780314,-2.360569309808605,1.1449776194413008,19.56571181043629
-4.4628510436056,5.190658541031745,4.6391452980287795,-2964.0678798000845
-1.9407899280660192,-4.576274811101037,-1.0686893717986816,-685.1399986032843
-3.304612657873777,2.206397422024118,1.560224167425929,84.9927219326019
-1.5339957139498406,0.3788658322407743,-0.9914046983943203,15.936168603988682
-0.8150774046696476,-5.6080912705860495,-4.268255475750221,-3641.4041256574687
-0.7271401236665742,-0.2928456981359009,-4.877287117051973,837.9422802392777
1.3552749899343066,-1.1070227399672126,-5.799941392804403,849.5022697969608
5.316910052936491,-4.065374256298529,4.4824111709425765,2991.130938253321
-3.1116874580099405,1.8769152420078825,-3.1623010531356655,504.6552280491601
-4.541983484388983,5.653810888419429,-3.4619190086187834,1009.6810462733654
4.6430988025112345,2.5770393173273494,-2.159806642951299,2473.1058084795513
1.7497297518624721,-5.178594569207799,0.07253630894203944,-1099.407667400069
-2.5691185291300784,-0.9879960501960632,-4.049867216430524,895.5185827578077
3.7913632676234066,-4.6036981780260495,5.516948657543631,2444.416036495592
4.158172064283336,5.261785898569855,4.365475475580039,1176.2071534072456
5.027118403674653,1.9413327896596622,-1.118715017135937,2659.1937087172096
-2.973107757919661,-5.078363420226942,3.148334564486074,836.5931138206399
3.060503144955339,-1.744005540179006,-4.2734861353226385,54.0550220838872
-0.47352603271031946,0.6079605532902184,-5.896571968898637,1598.9342900555753
4.103982634680738,-1.161506926400973,-5.760324809063663,836.5518623118687
2.741888125939358,4.003728125702068,1.0392208488547254,98.73639868032218
1.8739420521728576,1.3419722412386577,0.21618418690223695,68.16080331871262
-3.8708547663635176,-1.5185046584075366,-5.910442314993367,4247.77460238378
0.5403230267632599,-2.9359635148410703,-0.9277605641108915,-190.78133511486655
5.816036874294099,-4.729508181442448,2.6168179344103297,2240.6406856032972
5.2486567979654275,-1.7412277981613515,-0.6876755763907703,1340.3261494854653
-5.48191517043586,-1.0419297935073661,2.7866304757466676,3073.4081011949966
-4.0222222112467545,2.1098751012488837,-3.2037724272379826,924.6156191131407
-4.4192547185452575,1.8979178915708816,3.7577040537807065,453.97162117385454
3.813423958283341,-1.2568882148261071,-3.4708428068411252,343.75458063026775
-3.437863604271937,-3.818653593391657,-3.159354289754005,774.5797803363397
0.5068464659021794,-0.9698054891745436,-2.9003948504688934,43.84569747408213
1.0841722855052751,-3.9815561308017817,4.404139282927204,311.11899937756397
0.10032656299535958,4.551962588141688,2.0312195010100194,-1299.6878939151488
-2.429418584174153,0.6844861593004214,-0.6229741526030814,68.36489466151068
0.7802639143081933,-3.2234323634778237,-0.14519765664837792,-190.16613800407114
2.2666236246010882,0.029127445996516954,-3.548922384763243,158.4929199526032
4.479874990329693,2.7778363164373907,1.5216315607781272,2044.8906908893944
1.635496247750977,5.497416107033205,-1.6950898734853368,-796.1260709624323
3.1334584445178955,-3.3546479490549728,5.94774212009219,2699.6791840601472
-0.4613103069625213,5.211649370009884,-0.16937272572464224,-1263.3159721581603
-5.88802056207488,4.997046534384795,0.7902214489280626,922.1761142523965
-3.0398536257405238,1.6249722823429185,5.0010720374249615,186.27008056465516
2.717540581356058,1.5578478532164919,3.6098171983170033,744.8114296098357
5.9017194161923605,-1.1614724017941267,-0.5864391624259024,2440.428801070537
-4.80986280495341,3.0287745876454544,2.6243911916735527,394.98106556446106
-1.182068209664541,0.3755282202111836,1.0348259853691397,2.526962543407662
3.6008516243899145,2.129256854739534,-0.09159541558501338,850.8803901957194
0.661019391627435,2.777957568517669,-0.432764838541309,-76.46398278454403
2.7968555523560976,3.893658211254589,-3.0501769557291043,707.5686576126586
1.391825403122148,-4.242764920766207,4.978105798219856,633.1948894758622
-1.7353851757711265,0.4835583814836868,5.427168174400467,644.3246810693416
3.4055014138247657,4.135990909082691,0.3966634811365344,782.7252140217272
0.6507181695841995,-0.8243795239078242,1.5785325441139237,11.809397557071813
-5.937244637485048,-1.4515141754035792,0.5152853338719332,4244.873923323426
3.131889120337126,4.980728790206669,-4.447432596399589,1368.709507461794
2.9488053927747853,4.130547903433717,-4.810246652668512,1215.1964279481276
5.496881761432562,0.16914531061511617,-0.637509657594733,2385.440236124526
-1.5847109843749863,-2.2983806221261918,3.3358196588512428,158.30694795014188
-2.076820603943051,0.8765064074281881,-3.354354228007562,349.60344902470274
-4.213343396010664,-2.0974656446854643,-4.025207298847981,2389.7133626654427
-2.3327494141174214,-5.528767029100172,-1.1240132284347863,-1397.3739562983617
-1.5802856339178195,5.74025744468228,-0.972916502484976,-1413.953964174943
-0.6166724285454892,5.588966517836969,0.20726603705172675,-1810.5997233986836
2.6648512584328437,-1.258136430332339,-4.98944386587482,275.9377024974912
1.1165320102414098,-1.8503268190749003,1.9968876563390268,30.488358324422624
-1.3016916218660484,2.053117885031712,-2.5751511784389303,79.78560463101478
2.347417757961683,5.361074936306888,-4.686211607172073,514.8023190535994
-5.961380836748656,-1.197452689803936,5.590040025691003,4975.258832523406
-1.7340838747037113,-2.8088585924145746,1.7763638166625704,98.86438448945489
-4.884112322122414,-5.690764814827786,2.6107365917824286,4883.615809176724
1.0584272033806865,1.2423456780134519,3.3218564068833736,204.66390401231703
1.7079063108627288,2.256546684889546,1.3739935230623104,19.92621521365289
-5.22175686620438,-4.555349054530932,4.70962912742414,6055.6001747479195
1.2418519991574577,-3.3278870505229805,5.856167544785059,1504.6144876346398
3.659867996169236,0.5575025007374919,2.7913523908847857,863.7551565099503
-2.762151358461428,-0.9936789772250822,2.216701966572055,265.3937779780473
-5.0753006503880265,-0.9822625420464046,-2.6245852373635907,2493.4173391885715
-5.29738884907225,3.087395739306009,-1.0664726608874489,1312.7657143339
-1.98914017564727,4.775575762173462,-3.1880992121936784,-116.3799622194875
3.4187637253376106,-4.990468052887406,-5.764182207037827,-3445.3216674792293
2.4921712168909895,-1.2827531092871869,4.552716681686345,1051.3019128565868
3.4633795760688777,-4.79705323532548,5.58731797657061,2198.520427056273
0.20722867729931238,-5.800890232408825,-1.901155355621185,-3022.126466433143
-0.7176120245341133,1.9406241917274798,-1.9379174468943257,11.801079520540714
-4.230569679524592,1.2293933035990534,-5.914898246707548,4095.800561784411
-2.0616869566882614,-4.0437706342213655,2.1630082599644886,134.96032535562912
-0.7917676059134973,-3.1942460028832307,3.9052787489835445,132.29300808656046
-3.352656567465465,4.019366468332844,-4.084003807594192,913.1875694446587
1.1787035287648653,5.696287152582617,3.4809989996572526,-3406.5320422904824
2.827957370870278,-4.374485558463711,1.3954889802497359,-121.36223669523764
5.980170136715396,-3.2222974348164226,-5.461673308467396,802.9521286973536
5.1973599761226925,4.420914287363209,1.4705638855473797,4172.5307650660625
1.7107823944222984,5.117565575474218,-2.2929873258748072,-375.7398014779196
1.6341283764987926,-5.392530332771111,3.236777019562563,-493.77869842301334
-4.579965708919352,0.8873983928281248,-1.1957204779220323,943.8397433600334
-1.081141323644541,-1.2852586932818522,5.3658352320762575,751.0491227155867
-1.3940045768034715,0.9990287077506812,3.262032422761319,40.1009255592213
0.8624672547262389,-5.86436956093173,-0.1934728252288913,-2153.426426287112
-1.6531747001725394,-5.516903963889215,-4.950998305546994,-2996.104691886124
-1.9858645350968143,1.0602266517978398,5.237919975722708,434.8121545902032
-5.685639497615222,-1.2277870268033437,3.9064180982449876,3835.5727122905855
-5.709698833303737,5.685604960285794,3.495728571752002,-2001.7311752649837
3.980364524109282,0.5303839500444258,-3.5890639237737307,891.1203626998953
-2.723150280326251,-2.6971298275559006,3.6614305050559786,598.2138911966
0.21694519486578479,2.5132663756076976,4.201592816220442,25.053800515185603
-2.4152931169347234,-2.742095969487464,-2.5301959865501886,205.3262317400618
5.288150941384085,4.850919496890782,5.427120940347885,6173.920525696302
-0.844118247132779,0.5984227533144626,-4.2010889610343245,479.6459351610091
4.103202801501704,-0.8865451445732306,0.9095096534677163,590.4177189524285
-3.766782985844672,3.9883624759319396,1.7418009996108408,-353.8735111936342
-0.5017573591452882,-3.308177293757685,5.524401295465562,763.9831589374369
-0.20437353497573696,-3.287051147873248,-5.464942887190272,27.097867562427854
-4.398240331008674,3.807663746558841,-4.283256567319171,1783.0729560727093
-5.032781834914504,5.1647810420319065,-5.831825789687317,4337.145871502752
2.7352716836851823,-4.855668944723957,0.8023011995291363,-464.74340949908
-0.7577915686178454,-1.9505486524292523,1.9913659929655712,11.335999247922524
2.754098743828761,4.4482614654892725,3.8718896217651277,-303.1099836320295
-4.093101987967757,-3.466488689303551,0.5041835817567133,1783.9066236089743
1.3227017937316958,3.0296200510379325,-0.48524426993373737,-49.144194247384355
-4.375751012667774,-5.384473812225413,-0.012384669350483435,2305.663931920084
3.0165010323485486,-0.08957543142852842,-5.133441775977745,595.4933667243
1.8834618752056738,-0.6947155838433599,2.2132243328316896,101.27005162464823
5.479375453001495,-1.987185852135016,0.0386449783036138,1582.1093745643443
-5.172503803722946,-1.2651322161729146,3.1817861983351676,2679.675656747459
-2.6137551036815982,-4.063591699339403,-4.207420365282815,38.92061993016689
